update,frames,fps,ep_return,ep_len,n_episodes,pg_loss,v_loss,entropy,approx_kl,clipfrac,enc_activity
1,2048,570,0.3045729994773865,37.5,6,-0.0017505604773759842,0.00271585606969893,1.945816993713379,8.927518501877785e-05,0.0,0.0561971440911293
2,4096,516,0.31359879537062213,76.0909090909091,11,-4.102475941181183e-05,0.00300533976405859,1.9456188678741455,4.3733976781368256e-05,0.0,0.08478455990552902
3,6144,515,0.332369143764178,95.58333333333333,12,-0.006761327385902405,0.0007040189811959863,1.9315783977508545,0.01258032862097025,0.046142578125,0.217201828956604
4,8192,522,0.32499409360545023,151.0,14,-0.016327351331710815,0.0001945637195603922,1.9168083667755127,0.010972734540700912,0.0513916015625,0.2396940439939499
5,10240,530,0.2404530136673539,284.8888888888889,27,-0.006600653752684593,0.0019639316014945507,1.8973479270935059,0.0062088025733828545,0.060791015625,0.27270078659057617
6,12288,526,0.3091560240947839,259.0,33,-0.016479341313242912,0.008283420465886593,1.8624330759048462,0.014815211296081543,0.1031494140625,0.3196690082550049
7,14336,529,0.282416372072129,267.7857142857143,42,-0.004763131495565176,0.0015882861334830523,1.8523811101913452,0.007722669281065464,0.0069580078125,0.3199893832206726
8,16384,523,0.2999338852034675,256.8666666666667,45,-0.006135446019470692,0.0023823215160518885,1.8146066665649414,0.00692317308858037,0.045166015625,0.3565109968185425
9,18432,526,0.3172646258391586,267.72549019607845,51,0.0024361778050661087,0.0025590844452381134,1.7523765563964844,0.008863109163939953,0.06982421875,0.43748337030410767
10,20480,527,0.29145827889442444,279.03225806451616,62,-0.011691566556692123,0.0019057593308389187,1.7702693939208984,0.008632303215563297,0.043701171875,0.4194239675998688
11,22528,528,0.2757467123824106,276.77464788732397,71,-0.021151117980480194,0.0036288583651185036,1.7529020309448242,0.009384723380208015,0.0289306640625,0.4119057357311249
12,24576,532,0.26972596817894984,274.9736842105263,76,-0.006812968757003546,0.000835732847917825,1.6696481704711914,0.010034777224063873,0.072021484375,0.5036303997039795
13,26624,531,0.27676293153441356,263.7865168539326,89,-0.0009681601077318192,0.0032366826198995113,1.6450799703598022,0.00325825996696949,0.0,0.49742841720581055
14,28672,530,0.28982315909477974,259.7956989247312,93,-0.004156418144702911,0.0005464146379381418,1.6079617738723755,0.006011505611240864,0.0413818359375,0.47819972038269043
15,30720,527,0.2922611576318741,272.14,108,-0.00578977121040225,0.006129771005362272,1.533203363418579,0.005196877755224705,0.01806640625,0.5407804846763611
16,32768,525,0.29982644736766817,247.96,111,-0.00364498607814312,0.00723330257460475,1.5240168571472168,0.003048116574063897,0.0316162109375,0.4991881251335144
17,34816,527,0.2961223143339157,235.26,113,-0.011113861575722694,0.0035825935192406178,1.5472967624664307,0.0039003004785627127,0.002685546875,0.5357996225357056
18,36864,527,0.29872892558574676,228.26,112,0.007643776945769787,0.004745952785015106,1.654353141784668,0.010964002460241318,0.0701904296875,0.42385566234588623
19,38912,519,0.30561652839183806,201.13,115,-0.006119780242443085,0.00926666334271431,1.677794098854065,0.006676079705357552,0.0355224609375,0.33958059549331665
20,40960,519,0.3620314049720764,168.05,116,-0.03192737698554993,0.010362804867327213,1.6578623056411743,0.00875886157155037,0.05029296875,0.3343053460121155
21,43008,515,0.3584760335087776,164.42,116,-0.011727889999747276,0.007825550623238087,1.6493868827819824,0.006763800047338009,0.0770263671875,0.30637359619140625
22,45056,516,0.3284429758787155,137.83,126,-0.008327256888151169,0.00810335949063301,1.7030786275863647,0.00538109615445137,0.0924072265625,0.252088725566864
23,47104,515,0.3872826464474201,99.73,140,-0.01471769344061613,0.0166209377348423,1.563698649406433,0.009622862562537193,0.0897216796875,0.28098171949386597
24,49152,517,0.45721983596682547,69.07,146,-0.018315305933356285,0.01700528711080551,1.542551040649414,0.006965869106352329,0.0606689453125,0.3414313495159149
25,51200,518,0.5504710739850998,35.42,166,-0.01735316589474678,0.029129553586244583,1.466740608215332,0.006765252910554409,0.0443115234375,0.32797908782958984
26,53248,518,0.5564396697282791,32.07,151,-0.017804931849241257,0.01999850943684578,1.4461504220962524,0.0129881352186203,0.070068359375,0.38849854469299316
27,55296,518,0.4795785135030746,29.86,175,-0.010119501501321793,0.03132877126336098,1.3517016172409058,0.007305527105927467,0.04638671875,0.3143375813961029
28,57344,518,0.42987272918224334,25.88,186,0.0026573576033115387,0.028400562703609467,1.2343087196350098,0.009110923856496811,0.06494140625,0.38292306661605835
29,59392,515,0.5228330588340759,21.27,196,-0.012437475845217705,0.03029678575694561,1.2157326936721802,0.0056542507372796535,0.0635986328125,0.37766900658607483
30,61440,516,0.5305239683389664,14.38,242,-0.01544075645506382,0.05204050987958908,1.2498552799224854,0.005685893818736076,0.030517578125,0.3269275724887848
31,63488,517,0.518441321849823,14.48,217,-0.006490017287433147,0.039992690086364746,1.344545602798462,0.004314253572374582,0.026123046875,0.3424127697944641
32,65536,518,0.5376826441287994,16.68,224,-0.002964537590742111,0.04435296729207039,1.3154971599578857,0.006429496221244335,0.0355224609375,0.3388059437274933
33,67584,520,0.5086793398857117,14.7,241,-0.003904611337929964,0.044254131615161896,1.2109849452972412,0.0073386793956160545,0.055908203125,0.31675541400909424
34,69632,519,0.47821818351745604,15.33,219,-0.006115846335887909,0.03810223191976547,1.3527508974075317,0.005392121616750956,0.048828125,0.307407021522522
35,71680,520,0.48371074557304383,21.09,207,-0.003459494560956955,0.04102618992328644,1.2166028022766113,0.0064650243148207664,0.0418701171875,0.32413166761398315
36,73728,520,0.5410000014305115,12.88,251,-0.009690184146165848,0.04823184013366699,1.126024603843689,0.004101671278476715,0.0638427734375,0.337808758020401
37,75776,521,0.5290809935331344,12.37,277,-0.0036887875758111477,0.05707225948572159,1.024379014968872,0.003127576084807515,0.0369873046875,0.31452012062072754
38,77824,521,0.5003157025575637,12.35,259,-0.0074767377227544785,0.05267281457781792,1.1036275625228882,0.0036529116332530975,0.020263671875,0.3432679772377014
39,79872,521,0.4131421500444412,12.71,265,-0.006973279640078545,0.056581053882837296,1.0647221803665161,0.003567502833902836,0.032958984375,0.3454046845436096
40,81920,522,0.5298545455932617,11.41,281,-0.010850241407752037,0.056633856147527695,0.9966006875038147,0.004421297460794449,0.040283203125,0.3796168863773346
41,83968,521,0.4908661156892776,10.83,280,-0.0009699147194623947,0.053756892681121826,1.0241831541061401,0.005305387079715729,0.031982421875,0.34600287675857544
42,86016,520,0.5300330555438996,12.5,281,-0.0035571958869695663,0.06095306575298309,1.0063793659210205,0.004383322782814503,0.0447998046875,0.34027808904647827
43,88064,520,0.5218479347229004,10.3,306,-0.014979831874370575,0.06320038437843323,0.9845548868179321,0.003024875186383724,0.0267333984375,0.3329228162765503
44,90112,519,0.5413867765665055,10.28,270,-0.006548007950186729,0.05469201132655144,1.0326101779937744,0.0055819121189415455,0.0343017578125,0.3564791977405548
45,92160,518,0.4630231416225433,9.69,295,-0.004908286035060883,0.06305927038192749,1.005759835243225,0.0035499436780810356,0.0357666015625,0.34183040261268616
46,94208,518,0.4814611566066742,10.77,282,-0.003132193349301815,0.059193454682826996,0.9914277791976929,0.003790787886828184,0.029296875,0.34403976798057556
47,96256,519,0.4635438024997711,10.54,278,-0.011188698001205921,0.05807352438569069,1.111732840538025,0.0037813051603734493,0.0321044921875,0.34997791051864624
48,98304,519,0.52129752099514,10.28,312,0.001821916550397873,0.06668412685394287,0.9455683827400208,0.003242578124627471,0.0181884765625,0.3307943344116211
49,100352,520,0.4633504158258438,10.46,290,-0.009125269949436188,0.05651196092367172,1.0176334381103516,0.008527444675564766,0.0233154296875,0.33745110034942627
50,102400,518,0.5206429761648178,10.65,301,-0.0069078486412763596,0.06678465008735657,1.0519707202911377,0.004531060345470905,0.0318603515625,0.34476661682128906
51,104448,519,0.4819818186759949,11.06,288,-0.014120286330580711,0.06100020557641983,0.9821599721908569,0.0038678194396197796,0.0289306640625,0.365901917219162
52,106496,518,0.45430248260498046,9.96,294,0.0017666388303041458,0.05655776336789131,0.9899510145187378,0.003736823797225952,0.0362548828125,0.3700692057609558
53,108544,518,0.4133801633119583,11.78,286,-0.016591347754001617,0.05606505274772644,0.9277136921882629,0.0039365519769489765,0.028564453125,0.37893787026405334
54,110592,518,0.44427272796630857,10.22,303,-0.01712368242442608,0.06469745934009552,0.9041091203689575,0.004155323375016451,0.0328369140625,0.37583988904953003
55,112640,516,0.48137190103530886,11.11,294,-0.005686641670763493,0.059566158801317215,0.9234448671340942,0.0028147439006716013,0.042236328125,0.36535942554473877
56,114688,516,0.4827256226539612,10.29,295,0.001573123037815094,0.06099830940365791,0.9075181484222412,0.0025414698757231236,0.03515625,0.36934003233909607
57,116736,515,0.4932016533613205,10.51,300,-0.010173343122005463,0.06340882182121277,0.9758318066596985,0.0063040731474757195,0.0308837890625,0.3321303129196167
58,118784,515,0.5010446304082871,11.38,290,-0.004962079226970673,0.06841031461954117,1.0715887546539307,0.00626513734459877,0.034423828125,0.3269585967063904
59,120832,515,0.5215057861804963,10.47,291,-0.02362479642033577,0.06308739632368088,0.979668378829956,0.006022903602570295,0.03759765625,0.3663175702095032
60,122880,515,0.4333950424194336,10.56,306,0.000253419391810894,0.06483155488967896,1.0346426963806152,0.007217111065983772,0.0399169921875,0.34618836641311646
61,124928,513,0.44339504301548005,10.73,293,-0.012876867316663265,0.06300309300422668,1.0246388912200928,0.004389976151287556,0.03662109375,0.34336984157562256
62,126976,512,0.4622049582004547,10.14,301,-0.006020790431648493,0.06122837960720062,1.0289702415466309,0.005470014177262783,0.02685546875,0.3495221734046936
63,129024,513,0.5226809936761856,9.32,312,-0.002410788554698229,0.0705663412809372,1.0230512619018555,0.0054680360481143,0.0302734375,0.3477649688720703
64,131072,513,0.4612677663564682,11.0,303,-0.0032621468417346478,0.06594721227884293,1.033684492111206,0.002659562509506941,0.0185546875,0.35619938373565674
65,133120,513,0.443499174118042,10.15,301,-0.010009970515966415,0.0657418817281723,0.9757089614868164,0.0035851988941431046,0.0516357421875,0.3313217759132385
66,135168,512,0.5401669418811799,11.27,288,-0.01814626157283783,0.06329239159822464,1.0872893333435059,0.0037885934580117464,0.0279541015625,0.34183138608932495
67,137216,512,0.4134396702051163,10.59,280,-0.013840343803167343,0.05843665823340416,1.0703517198562622,0.006322616711258888,0.031494140625,0.33998817205429077
68,139264,512,0.49207107424736024,10.32,298,-0.017339903861284256,0.06445369869470596,1.0500293970108032,0.006197807379066944,0.04541015625,0.3212068974971771
69,141312,513,0.5025173544883728,10.01,302,-0.013312650844454765,0.06340443342924118,1.0669221878051758,0.004880943335592747,0.0330810546875,0.31342369318008423
70,143360,512,0.43214545369148255,11.38,284,0.0033986205235123634,0.0631880983710289,1.0975948572158813,0.003879332449287176,0.0267333984375,0.313312828540802
71,145408,512,0.4912082648277283,10.68,289,-0.0016910433769226074,0.059473175555467606,1.078310489654541,0.005709042772650719,0.031494140625,0.3323501646518707
72,147456,511,0.4620710760354996,12.55,256,-0.011131707578897476,0.05739380419254303,1.185793161392212,0.004928340204060078,0.0230712890625,0.3565175533294678
73,149504,511,0.44229421615600584,9.99,287,-0.006336044520139694,0.06151231378316879,1.1761400699615479,0.004718484356999397,0.0499267578125,0.33287280797958374
74,151552,511,0.42293388485908506,11.48,279,-0.005527470260858536,0.06064760684967041,1.160027027130127,0.004746830090880394,0.028564453125,0.37036651372909546
75,153600,510,0.45074710726737977,13.72,249,-0.002486974000930786,0.05425870418548584,1.2170183658599854,0.00790378451347351,0.03759765625,0.4079747796058655
76,155648,511,0.4499735552072525,13.56,263,-0.011077316477894783,0.0569508820772171,1.1826486587524414,0.007551397196948528,0.03466796875,0.41053587198257446
77,157696,510,0.49065784871578216,12.4,275,-0.016139723360538483,0.059788502752780914,1.106473684310913,0.006318242289125919,0.0418701171875,0.45261961221694946
78,159744,510,0.4924429774284363,10.98,290,-0.0032440973445773125,0.060533877462148666,1.1277738809585571,0.005664595402777195,0.030517578125,0.4356619417667389
79,161792,510,0.4618479359149933,11.81,276,-0.004197370260953903,0.06326466053724289,1.117093801498413,0.005536206997931004,0.0638427734375,0.42956507205963135
80,163840,510,0.5105834716558456,12.12,263,-0.002736855298280716,0.05761606991291046,1.1416884660720825,0.00907923374325037,0.043212890625,0.46618711948394775
81,165888,510,0.43163967072963716,11.78,266,-0.011947717517614365,0.05936326086521149,1.1716965436935425,0.0086829150095582,0.0362548828125,0.47143328189849854
82,167936,509,0.5216843003034591,11.86,271,-0.006315749138593674,0.05560913681983948,1.193482756614685,0.00879606418311596,0.04248046875,0.4392058253288269
83,169984,508,0.443112398982048,10.91,272,-0.011444620788097382,0.05839956924319267,1.1310564279556274,0.0034581595100462437,0.0352783203125,0.44808429479599
84,172032,508,0.5000479340553283,12.94,268,-0.004092913120985031,0.057495422661304474,1.1083903312683105,0.007303330115973949,0.035888671875,0.4597422480583191
85,174080,508,0.5418181836605072,10.39,284,0.0017336523160338402,0.06734803318977356,1.0343283414840698,0.0030969390645623207,0.0252685546875,0.45121580362319946
86,176128,507,0.4902115714550018,12.24,265,-0.014212990179657936,0.05975332111120224,1.0446957349777222,0.005624658428132534,0.0396728515625,0.4707843065261841
87,178176,507,0.5993190079927444,11.8,283,-0.001238066703081131,0.059578921645879745,1.0530869960784912,0.013553260825574398,0.0665283203125,0.426965594291687
88,180224,507,0.580241322517395,11.03,285,-0.008959549479186535,0.05876591056585312,1.0190092325210571,0.006182113662362099,0.0445556640625,0.4286930561065674
89,182272,507,0.53104463160038,10.77,289,-0.008803512901067734,0.06396447122097015,0.8870009183883667,0.007681355811655521,0.0443115234375,0.4215942919254303
90,184320,507,0.4725768595933914,10.79,296,-0.002586103044450283,0.06097133457660675,0.970761239528656,0.004122880287468433,0.0328369140625,0.41756290197372437
91,186368,507,0.5030677694082261,10.04,303,-0.00135158677585423,0.06341368705034256,0.8250987529754639,0.005056967958807945,0.0428466796875,0.416941374540329
92,188416,507,0.4907322335243225,10.99,289,-0.015854690223932266,0.06317012012004852,0.9404904842376709,0.005337091162800789,0.043701171875,0.44490015506744385
93,190464,507,0.45269586980342863,10.1,305,-0.007592611014842987,0.06756451725959778,0.9687705039978027,0.003807839471846819,0.025634765625,0.39956268668174744
94,192512,506,0.5119371914863586,10.62,293,-0.01174558512866497,0.06505011767148972,1.0412883758544922,0.011224713176488876,0.0355224609375,0.4239022135734558
95,194560,504,0.5112826454639435,11.57,285,-0.00845792144536972,0.06207016855478287,0.984859824180603,0.005808097310364246,0.052001953125,0.4400733709335327
96,196608,504,0.3834396684169769,10.78,295,-0.012896924279630184,0.06517139822244644,0.9662643671035767,0.00370228523388505,0.020751953125,0.42536991834640503
97,198656,503,0.4622793400287628,10.87,295,-0.013480249792337418,0.06391139328479767,1.0648664236068726,0.005378679372370243,0.056396484375,0.4395023584365845
98,200704,503,0.5997652900218964,11.34,279,-0.006649446208029985,0.05887318775057793,0.9342113733291626,0.007246119435876608,0.0406494140625,0.45254915952682495
99,202752,503,0.5022644627094269,10.14,298,-0.0007717683911323547,0.06265562027692795,0.9387807846069336,0.0048249252140522,0.0255126953125,0.4194968044757843
100,204800,502,0.4919669431447983,10.92,290,-0.01036527007818222,0.06421332061290741,0.9371363520622253,0.00657371710985899,0.037109375,0.45263320207595825
101,206848,501,0.5210297524929046,10.88,292,-0.004638705402612686,0.06617109477519989,0.917852520942688,0.0037196504417806864,0.0400390625,0.440207302570343
102,208896,500,0.47219008147716524,10.45,284,-0.008368557319045067,0.06324253976345062,1.017148733139038,0.00459688063710928,0.0355224609375,0.45447075366973877
103,210944,500,0.5315206623077393,10.7,296,-0.005032792687416077,0.06771321594715118,0.9736379981040955,0.0050187609158456326,0.03173828125,0.4132046401500702
104,212992,500,0.522130578160286,9.58,306,-0.00042374152690172195,0.06765399873256683,0.8569275736808777,0.0045881192199885845,0.034912109375,0.386562705039978
105,215040,500,0.44327603340148924,10.47,292,-0.004777131602168083,0.06653629243373871,0.8444604277610779,0.004220256116241217,0.029052734375,0.4247612953186035
106,217088,499,0.3935586780309677,9.79,307,-0.010038360953330994,0.06438106298446655,0.8998135924339294,0.007441755384206772,0.0404052734375,0.4233165979385376
107,219136,500,0.4830380177497864,10.08,296,-0.007212499156594276,0.06069904938340187,0.942823052406311,0.006310322321951389,0.0579833984375,0.4204055666923523
108,221184,500,0.5309256207942963,10.31,292,-0.013035738840699196,0.063118577003479,0.8659072518348694,0.004034936428070068,0.043212890625,0.4102737605571747
109,223232,499,0.5513123965263367,10.39,291,-0.006352024152874947,0.06515608727931976,0.8552383780479431,0.004011489916592836,0.0394287109375,0.4175618290901184
110,225280,500,0.4428297507762909,10.27,304,-0.0065135471522808075,0.06493151187896729,0.8819481730461121,0.002473853062838316,0.0218505859375,0.4122121036052704
111,227328,500,0.4629338848590851,10.54,306,-0.011888165026903152,0.06525324285030365,0.8611533641815186,0.007159165572375059,0.0489501953125,0.4071832299232483
112,229376,500,0.5424280995130539,9.81,307,-0.002622220665216446,0.06875158846378326,0.8632419109344482,0.0033762415405362844,0.0294189453125,0.4103389084339142
113,231424,500,0.4816099172830582,11.16,285,-0.0007184548303484917,0.06087835505604744,0.9205225706100464,0.006536389701068401,0.0411376953125,0.418986976146698
114,233472,499,0.5118776857852936,10.41,297,-0.0008105067536234856,0.06688759475946426,0.8766495585441589,0.003863269928842783,0.0244140625,0.39237862825393677
115,235520,499,0.4922942143678665,10.46,305,-0.012200698256492615,0.06529753655195236,0.9612904787063599,0.004724801052361727,0.0419921875,0.4075552225112915
116,237568,498,0.5800479358434677,11.44,278,-0.011900718323886395,0.0603199303150177,0.922420859336853,0.004890791140496731,0.0379638671875,0.40810438990592957
117,239616,498,0.5613123977184296,10.93,279,-0.0039454251527786255,0.06072253733873367,0.8734495639801025,0.005633702035993338,0.0517578125,0.42444533109664917
118,241664,498,0.5124727261066436,9.76,303,-0.014436997473239899,0.06592640280723572,0.869030237197876,0.004722606390714645,0.0228271484375,0.4139252305030823
119,243712,498,0.4334842962026596,9.59,302,-0.007069109007716179,0.06576676666736603,0.8010740876197815,0.005519691854715347,0.0299072265625,0.42916879057884216
120,245760,499,0.47271074652671813,9.25,312,-0.003769299481064081,0.06516954302787781,0.8777022361755371,0.00465491134673357,0.0523681640625,0.43134403228759766
121,247808,499,0.46284462869167325,10.32,301,-0.004715383984148502,0.06557388603687286,0.921038031578064,0.004657824523746967,0.04541015625,0.44284459948539734
122,249856,499,0.44329090774059293,10.06,306,-0.004289846867322922,0.06851431727409363,0.917220950126648,0.007721672300249338,0.0335693359375,0.4570459723472595
123,251904,499,0.4624876034259796,10.42,289,2.0716339349746704e-05,0.060739267617464066,0.8997113704681396,0.0033739039208739996,0.03662109375,0.4569372534751892
124,253952,499,0.432041323184967,10.55,287,-0.014910019934177399,0.06210598722100258,1.0251587629318237,0.008450578898191452,0.055908203125,0.4387960433959961
125,256000,500,0.5110743802785873,11.17,278,-0.0059263575822114944,0.060392990708351135,0.904427707195282,0.006066641304641962,0.0435791015625,0.44919928908348083
126,258048,500,0.5119818192720413,10.25,303,-0.009223083034157753,0.06642235815525055,0.8949969410896301,0.007207012269645929,0.0521240234375,0.4551827311515808
127,260096,500,0.4713421499729156,11.16,279,-0.010959159582853317,0.059300441294908524,0.940112829208374,0.003206717548891902,0.0450439453125,0.46824610233306885
128,262144,500,0.47239834725856783,10.88,287,-0.019100364297628403,0.06509321928024292,0.9335277676582336,0.007603006437420845,0.0400390625,0.4485038220882416
129,264192,501,0.5204049575328827,12.24,277,-0.014921332709491253,0.060030896216630936,0.837094783782959,0.0050935689359903336,0.0419921875,0.5003900527954102
130,266240,501,0.4621008265018463,10.56,271,-0.006561444140970707,0.054735638201236725,0.8279180526733398,0.0068423147313296795,0.034423828125,0.5380253791809082
131,268288,500,0.5308958667516709,11.72,250,-0.0030736587941646576,0.05186975747346878,0.9187120199203491,0.008911027573049068,0.0487060546875,0.5343400239944458
132,270336,501,0.5271322304010391,13.32,260,0.00020696967840194702,0.04976833611726761,0.9777197241783142,0.004936771001666784,0.04833984375,0.5324498414993286
133,272384,502,0.402785125374794,12.19,279,-0.014864162541925907,0.060949862003326416,0.9968973994255066,0.005945098586380482,0.0506591796875,0.5145668983459473
134,274432,502,0.5404942142963409,11.45,280,-0.01250891201198101,0.06108430027961731,0.9735502004623413,0.0040357233956456184,0.044677734375,0.49226006865501404
135,276480,502,0.49223471105098726,11.01,280,-0.011931742541491985,0.05701226741075516,1.0002092123031616,0.005933669395744801,0.0543212890625,0.4814509451389313
136,278528,502,0.46177355289459227,11.86,268,-0.001492619514465332,0.05765340477228165,0.9318971037864685,0.00485876714810729,0.032958984375,0.5133387446403503
137,280576,502,0.45257685959339145,11.13,286,-0.00016947556287050247,0.06260696053504944,0.946083664894104,0.004894028417766094,0.0570068359375,0.4898799657821655
138,282624,501,0.3839752072095871,11.1,273,-0.01296193152666092,0.056354373693466187,0.9219526648521423,0.004894983489066362,0.043212890625,0.5032690167427063
139,284672,502,0.5114016532897949,10.8,281,-0.007628178223967552,0.058874569833278656,0.8796890377998352,0.0038799885660409927,0.0419921875,0.48182642459869385
140,286720,502,0.4721454530954361,12.24,263,-0.01150498166680336,0.059917546808719635,0.9265967607498169,0.009056299924850464,0.041015625,0.4898168742656708
141,288768,501,0.5900776863098145,10.53,285,-0.01424714457243681,0.061071231961250305,0.9356428980827332,0.005875779315829277,0.0430908203125,0.45017009973526
142,290816,501,0.4820561987161636,11.76,288,-0.00699273869395256,0.06477637588977814,0.9693070650100708,0.009088179096579552,0.05029296875,0.4286702871322632
143,292864,501,0.42394545435905456,10.21,292,-0.008241863921284676,0.061879053711891174,0.9110019207000732,0.004268183372914791,0.031494140625,0.4059402048587799
144,294912,501,0.580196692943573,11.47,279,-0.002635849639773369,0.05957114323973656,0.9040964245796204,0.004839941393584013,0.0316162109375,0.44092702865600586
145,296960,501,0.5416545450687409,10.24,297,-0.015832001343369484,0.06412205100059509,0.8598333597183228,0.004755538422614336,0.0330810546875,0.4543476998806
146,299008,501,0.40343966960906985,10.85,295,-0.010713012889027596,0.06289459019899368,0.9361399412155151,0.004206955432891846,0.0516357421875,0.4360661208629608
147,301056,501,0.4927702474594116,10.37,282,-0.00727279856801033,0.06170228123664856,0.9936891794204712,0.004626286681741476,0.0460205078125,0.4629964232444763
148,303104,502,0.4527553713321686,11.4,281,-0.012284580618143082,0.06224357709288597,0.9813963770866394,0.006688505876809359,0.044189453125,0.4704272747039795
149,305152,502,0.5491404956579209,11.61,284,-0.019753219559788704,0.06257055699825287,0.9900015592575073,0.004148887470364571,0.030517578125,0.44281721115112305
150,307200,502,0.4433652889728546,10.3,302,-0.0008473461493849754,0.06558592617511749,0.9514642357826233,0.002081198152154684,0.017578125,0.4402395486831665
151,309248,502,0.5699289256334304,11.45,282,-0.008529998362064362,0.0582558736205101,1.0467605590820312,0.0032285505440086126,0.0460205078125,0.45045119524002075
152,311296,502,0.5409107440710068,11.09,273,-0.011039108037948608,0.06221311539411545,1.0513768196105957,0.00431737070903182,0.0389404296875,0.4396381974220276
153,313344,502,0.5109702491760254,11.66,273,-0.010738473385572433,0.061497434973716736,0.9617758989334106,0.007887144573032856,0.0489501953125,0.4681825637817383
154,315392,503,0.5703008276224136,11.55,270,0.002123064361512661,0.05684257671236992,0.9940387010574341,0.0045151785016059875,0.0582275390625,0.44468629360198975
155,317440,503,0.5197057867050171,12.55,265,-0.002674194984138012,0.062416404485702515,1.1003915071487427,0.00809141993522644,0.037109375,0.4368380010128021
156,319488,503,0.4820561987161636,17.26,266,-0.00816798210144043,0.05805021896958351,1.042046308517456,0.005751443095505238,0.0335693359375,0.437035471200943
157,321536,503,0.5482776856422424,12.38,283,-0.015094652771949768,0.06232894957065582,1.0026214122772217,0.00501543004065752,0.0340576171875,0.44699734449386597
158,323584,503,0.4512826454639435,12.25,275,-0.0009024050086736679,0.05987574905157089,1.051040768623352,0.003835175884887576,0.0325927734375,0.43494245409965515
159,325632,504,0.45315702676773073,10.41,288,-0.01943371258676052,0.06344624608755112,0.95991051197052,0.008983751758933067,0.0411376953125,0.4229710102081299
160,327680,504,0.5205239683389664,11.39,271,-0.01774134486913681,0.056640494614839554,0.9822830557823181,0.005621293559670448,0.0452880859375,0.4809986352920532
161,329728,504,0.4238710761070251,10.51,302,-0.003074759617447853,0.06863594055175781,0.9420759081840515,0.0035334709100425243,0.0343017578125,0.43203070759773254
162,331776,504,0.46184793472290037,10.25,297,-0.005839431658387184,0.06312540918588638,1.013688564300537,0.003912923391908407,0.0218505859375,0.4131050109863281
163,333824,503,0.511818180680275,10.51,295,-0.007657408714294434,0.0652744472026825,1.0552845001220703,0.003996782936155796,0.028564453125,0.4084121882915497
164,335872,503,0.4718925607204437,11.24,285,-0.016637299209833145,0.061371296644210815,1.1132596731185913,0.0025028595700860023,0.01953125,0.42602109909057617
165,337920,503,0.5602115714550018,10.93,280,-0.014218956232070923,0.05561770871281624,1.1862149238586426,0.003769797272980213,0.02783203125,0.43500182032585144
166,339968,504,0.5004793405532837,12.03,269,-0.005647793412208557,0.06237013265490532,1.1373810768127441,0.005487511865794659,0.028564453125,0.47750845551490784
167,342016,504,0.5014165288209915,11.51,275,0.005399968009442091,0.06307142972946167,1.2070543766021729,0.009209098294377327,0.0474853515625,0.4680057168006897
168,344064,504,0.5396760326623916,12.51,260,0.00948069803416729,0.05595078691840172,1.1753431558609009,0.008554583415389061,0.0391845703125,0.4898243844509125
169,346112,504,0.5398991739749909,12.02,262,-0.012592941522598267,0.05415603891015053,1.178429126739502,0.010658614337444305,0.0352783203125,0.44966137409210205
170,348160,503,0.5574595040082931,13.65,256,-0.009839233011007309,0.048612795770168304,1.2035313844680786,0.005274186842143536,0.038330078125,0.4877607226371765
171,350208,504,0.3831867778301239,13.13,253,-0.007305958308279514,0.05074043199419975,1.2211376428604126,0.006518890615552664,0.0540771484375,0.4890673756599426
172,352256,504,0.5198545467853546,13.06,258,-0.008076313883066177,0.053399283438920975,1.1583080291748047,0.008879587054252625,0.0626220703125,0.4713178277015686
173,354304,504,0.5009256207942963,12.91,268,-0.010131366550922394,0.05686064437031746,1.0983366966247559,0.004292016848921776,0.052978515625,0.4634630084037781
174,356352,504,0.5104793405532837,11.42,264,-0.010850581340491772,0.061361849308013916,1.169974684715271,0.003656958695501089,0.033203125,0.4659949839115143
175,358400,504,0.4420859521627426,11.38,266,-0.005646321922540665,0.06014246493577957,1.1730999946594238,0.005277319811284542,0.0504150390625,0.4784136116504669
176,360448,504,0.49128264784812925,12.53,265,-0.013161196373403072,0.059825342148542404,1.1603971719741821,0.005220653489232063,0.0379638671875,0.492198646068573
177,362496,505,0.48205619752407075,11.44,269,-0.007733840495347977,0.05918115749955177,1.1112786531448364,0.0044266097247600555,0.0220947265625,0.4719488322734833
178,364544,505,0.46160991668701173,11.6,275,-0.002129645086824894,0.05619974434375763,1.1321240663528442,0.006513016764074564,0.0286865234375,0.4826696217060089
179,366592,505,0.5482925629615784,12.14,269,-0.00739670917391777,0.06084664165973663,1.1370717287063599,0.006099676713347435,0.0350341796875,0.4921715259552002
180,368640,506,0.46238346993923185,10.81,278,-0.014432527124881744,0.06099292263388634,1.1695510149002075,0.0047383434139192104,0.0361328125,0.4757416248321533
181,370688,506,0.47016694247722624,12.74,271,-0.006254354491829872,0.056174639612436295,1.1492712497711182,0.005644145421683788,0.0347900390625,0.4759059548377991
182,372736,506,0.5310446292161941,11.65,276,-0.005460184067487717,0.06077393889427185,1.11220383644104,0.0070924232713878155,0.0213623046875,0.46453240513801575
183,374784,506,0.5016842955350875,10.29,282,-0.008730667643249035,0.06491664052009583,1.1027817726135254,0.006653616204857826,0.0223388671875,0.46936899423599243
184,376832,506,0.5316099178791046,11.26,294,-0.006751431152224541,0.06913544237613678,1.1292108297348022,0.004203322343528271,0.0233154296875,0.4309946596622467
185,378880,506,0.6387388432025909,12.17,268,-0.007909504696726799,0.05830886960029602,1.0711451768875122,0.0023865210823714733,0.0223388671875,0.4713117480278015
186,380928,506,0.500256199836731,12.64,272,-0.00021703168749809265,0.0568564236164093,1.1399199962615967,0.0056816451251506805,0.02734375,0.4657459855079651
187,382976,506,0.5003157019615173,12.01,286,-0.013480530120432377,0.06227145716547966,1.2156306505203247,0.009108128026127815,0.0390625,0.43015605211257935
188,385024,506,0.5215950405597687,11.48,270,0.0051121823489665985,0.05822581797838211,1.1591598987579346,0.00637368019670248,0.027587890625,0.44769179821014404
189,387072,507,0.46175867795944214,12.53,270,-0.01456599123775959,0.05892392620444298,1.148647427558899,0.00766415661200881,0.043701171875,0.4620022475719452
190,389120,507,0.5507322317361831,11.95,277,-0.009610434994101524,0.05962919816374779,1.1319491863250732,0.013575919903814793,0.0233154296875,0.45883503556251526
191,391168,506,0.500434712767601,12.61,271,-0.014405552297830582,0.05519668757915497,1.1093039512634277,0.005360063631087542,0.0419921875,0.43245482444763184
192,393216,506,0.4429636377096176,11.04,284,-0.005071929190307856,0.0617784708738327,1.119315505027771,0.004280311055481434,0.0201416015625,0.43959110975265503
193,395264,506,0.44219008445739744,11.09,285,-0.007963363081216812,0.05885818228125572,1.1347352266311646,0.0025312684010714293,0.0218505859375,0.43550872802734375
194,397312,506,0.5013123965263366,11.18,273,-0.022299151867628098,0.061540499329566956,1.163194179534912,0.0114204753190279,0.0499267578125,0.41751205921173096
195,399360,506,0.5009702491760254,11.99,280,-0.007031062617897987,0.057937804609537125,1.0959813594818115,0.0022770529612898827,0.0211181640625,0.43602800369262695
196,401408,506,0.5211041313409805,11.31,287,-0.0036855973303318024,0.0658794417977333,1.07895827293396,0.006683031562715769,0.0469970703125,0.4310533404350281
197,403456,507,0.4136776852607727,10.71,285,-0.007425619754940271,0.060579266399145126,1.0448516607284546,0.005603167228400707,0.039306640625,0.43439987301826477
198,405504,507,0.4130082654953003,11.04,282,-0.00731977354735136,0.06552134454250336,1.0641766786575317,0.004147387575358152,0.0244140625,0.45552369952201843
199,407552,506,0.5216694259643555,10.84,292,-0.011975331231951714,0.06469745934009552,1.0655381679534912,0.004278902895748615,0.0238037109375,0.43593645095825195
200,409600,506,0.5023090922832489,10.53,279,-0.013229872100055218,0.05813104286789894,1.0587128400802612,0.0033459258265793324,0.02294921875,0.4663130044937134
201,411648,506,0.52169917345047,12.01,270,-0.008197106420993805,0.059457965195178986,1.079146385192871,0.00567997433245182,0.0460205078125,0.4441690444946289
202,413696,506,0.47236859560012817,10.45,292,-0.017473051324486732,0.06379954516887665,1.0990201234817505,0.00594672467559576,0.03076171875,0.44227135181427
203,415744,506,0.5082776874303818,13.88,275,-0.011547164991497993,0.06512987613677979,1.0103837251663208,0.005700830370187759,0.044189453125,0.4649859070777893
204,417792,506,0.551714050769806,10.55,304,-0.006283534690737724,0.06629402190446854,0.9097867012023926,0.005125403869897127,0.031005859375,0.42176634073257446
205,419840,507,0.43376694262027743,9.9,311,-0.01584041491150856,0.06716788560152054,0.808887243270874,0.005418951157480478,0.046142578125,0.4172045588493347
206,421888,506,0.374570249915123,10.09,304,-0.00874608289450407,0.06382955610752106,0.9404511451721191,0.003920903429389,0.04931640625,0.40633177757263184
207,423936,507,0.4341388428211212,9.26,316,-0.008180118165910244,0.06783229857683182,0.8193209171295166,0.005252505652606487,0.0469970703125,0.4146653711795807
208,425984,507,0.4536330598592758,10.4,307,-0.010055305436253548,0.06747866421937943,0.8418703079223633,0.0045788949355483055,0.038818359375,0.431477427482605
209,428032,507,0.49390082895755766,8.95,326,-0.01428811252117157,0.07045254111289978,0.7993674278259277,0.004552450496703386,0.039306640625,0.4455699622631073
210,430080,507,0.5317884320020676,9.76,307,-0.0010050870478153229,0.06715727597475052,0.8119972348213196,0.005129728000611067,0.0433349609375,0.46916165947914124
211,432128,507,0.46342479407787324,11.77,283,-0.01072796992957592,0.06089434027671814,0.8788885474205017,0.005056984722614288,0.03515625,0.5292428731918335
212,434176,507,0.5021305799484252,10.0,306,-0.008185074664652348,0.06623050570487976,0.8756569623947144,0.003277398645877838,0.0281982421875,0.5057327151298523
213,436224,507,0.48141652941703794,10.72,302,-0.016021346673369408,0.06445559114217758,0.8651972413063049,0.005469552241265774,0.0321044921875,0.5182989835739136
214,438272,507,0.5017735558748245,10.27,295,-0.006877044215798378,0.06254106760025024,0.8764758706092834,0.00317928078584373,0.0257568359375,0.5481581687927246
215,440320,508,0.4333652889728546,10.1,311,-0.014697827398777008,0.07017731666564941,0.8567320704460144,0.0033443127758800983,0.0369873046875,0.496343195438385
216,442368,507,0.5129785144329071,9.02,319,-0.005116991698741913,0.06634557992219925,0.8644493222236633,0.004892611876130104,0.0294189453125,0.5085906982421875
217,444416,508,0.45321653127670286,9.5,307,-0.00763932429254055,0.06969330459833145,0.8548259735107422,0.004448514897376299,0.0303955078125,0.5128724575042725
218,446464,508,0.4735289269685745,9.66,314,-0.015287484973669052,0.06567997485399246,0.7812973260879517,0.004930472932755947,0.0411376953125,0.5119065642356873
219,448512,508,0.47379669845104216,8.59,336,-0.007595084607601166,0.06912914663553238,0.7597336173057556,0.004544757306575775,0.0404052734375,0.4985104501247406
220,450560,508,0.46418347299098967,8.76,321,-0.004429498687386513,0.07227098941802979,0.6610472798347473,0.002598465420305729,0.038818359375,0.5441739559173584
221,452608,508,0.4930380177497864,9.18,327,-0.012601734139025211,0.06862536817789078,0.7308656573295593,0.007738890592008829,0.04833984375,0.5349475145339966
222,454656,508,0.45269586980342863,10.04,317,-0.0011723227798938751,0.07186001539230347,0.7427150011062622,0.005029197782278061,0.031982421875,0.5327599048614502
223,456704,508,0.5418330603837966,9.86,310,-0.004140416160225868,0.06847672909498215,0.7868448495864868,0.0055980440229177475,0.0382080078125,0.5185115933418274
224,458752,507,0.541892563700676,9.57,316,-0.007547535002231598,0.07217917591333389,0.6833881139755249,0.006176666356623173,0.031494140625,0.4980253577232361
225,460800,508,0.5433206647634506,8.08,337,-0.005473572760820389,0.07627995312213898,0.6394025087356567,0.0017466184217482805,0.020751953125,0.4813511371612549
226,462848,507,0.4825917375087738,9.35,330,-0.008721910417079926,0.07233887165784836,0.7105748653411865,0.005248174536973238,0.0260009765625,0.49835440516471863
227,464896,508,0.5133057868480683,8.82,330,-0.010420573875308037,0.0718066394329071,0.6142619848251343,0.0024607630912214518,0.0274658203125,0.4853689670562744
228,466944,508,0.44340991973876953,9.17,335,-0.009418925270438194,0.07318414747714996,0.7293212413787842,0.0027759496588259935,0.0240478515625,0.492330402135849
229,468992,508,0.42311239600181577,9.82,318,-0.008516420610249043,0.07040763646364212,0.6781567335128784,0.0042663924396038055,0.0352783203125,0.5074707865715027
230,471040,508,0.43349917471408844,9.07,330,-0.0077615175396203995,0.07153157889842987,0.6972370147705078,0.0045073856599628925,0.03173828125,0.4973081946372986
231,473088,508,0.47373719334602354,9.11,323,-0.007197476923465729,0.07160696387290955,0.6548595428466797,0.0053030140697956085,0.042236328125,0.5158786177635193
232,475136,508,0.45297851383686066,10.02,330,-0.002021258696913719,0.06764266639947891,0.678543210029602,0.0033161717001348734,0.03173828125,0.5211988091468811
233,477184,508,0.5727553749084473,8.69,322,-0.004536246880888939,0.07239066064357758,0.7148426175117493,0.003969252109527588,0.04052734375,0.5170869827270508
234,479232,508,0.552160331606865,9.32,319,-0.0023103896528482437,0.06742844730615616,0.6798467636108398,0.0030881038401275873,0.027587890625,0.5101144313812256
235,481280,508,0.45349917590618133,9.36,324,-0.007099417969584465,0.06660966575145721,0.685859203338623,0.004341314546763897,0.0330810546875,0.5132380723953247
236,483328,508,0.5326214891672134,9.01,323,-0.01514856331050396,0.06693554669618607,0.6975384950637817,0.0038564924616366625,0.0335693359375,0.5137048959732056
237,485376,508,0.5526661157608033,8.71,321,-0.006354432553052902,0.06765798479318619,0.7316115498542786,0.0032852725125849247,0.040771484375,0.5240288376808167
238,487424,508,0.45384132146835326,8.8,332,-0.007297576870769262,0.07662315666675568,0.7838135957717896,0.003727657487615943,0.0394287109375,0.5504363775253296
239,489472,508,0.5826214915513992,8.63,330,-0.012871582061052322,0.07242455333471298,0.7978371977806091,0.004893438424915075,0.038330078125,0.5668794512748718
240,491520,508,0.4439008301496506,9.28,312,-0.004713952541351318,0.06552891433238983,0.7944811582565308,0.006520418915897608,0.0343017578125,0.5997712016105652
241,493568,508,0.44332066357135774,9.44,321,-0.01293378509581089,0.07044660300016403,0.7694929242134094,0.006601674482226372,0.0313720703125,0.5561059713363647
242,495616,508,0.5133355391025544,8.6,319,-0.0024292748421430588,0.06954382359981537,0.7846318483352661,0.002942801918834448,0.031494140625,0.5704776048660278
243,497664,508,0.5033652919530869,9.16,316,-0.001951325684785843,0.06671597808599472,0.8133878111839294,0.004393389914184809,0.0494384765625,0.578170657157898
244,499712,508,0.42433223247528074,9.14,295,-0.008633125573396683,0.06124461814761162,0.9355394244194031,0.007880239747464657,0.0423583984375,0.5759758949279785
245,501760,508,0.5316099196672439,10.13,302,-0.004724670201539993,0.06467659026384354,0.8303227424621582,0.005817682482302189,0.040771484375,0.5936167240142822
246,503808,508,0.5130380201339722,9.01,327,-0.01257259864360094,0.07138362526893616,0.7290897965431213,0.0035883260425180197,0.0653076171875,0.5884389281272888
247,505856,508,0.4735140520334244,9.18,326,-0.009399975650012493,0.07237408310174942,0.6988818645477295,0.003636023961007595,0.0400390625,0.5536146759986877
248,507904,508,0.5421752101182937,9.14,326,-0.0008041420951485634,0.06684795022010803,0.6458542943000793,0.004188884049654007,0.03515625,0.5579404830932617
249,509952,508,0.5128000038862228,9.75,323,-0.008684534579515457,0.06868584454059601,0.6750830411911011,0.004193564876914024,0.0274658203125,0.5633471012115479
250,512000,508,0.4741537195444107,8.1,320,-0.012170329689979553,0.06762152165174484,0.6552978157997131,0.004845806397497654,0.03564453125,0.5498697757720947
251,514048,507,0.5322942149639129,9.36,319,-0.0034307602327317,0.06462661921977997,0.6670101881027222,0.00822108518332243,0.0406494140625,0.5823452472686768
252,516096,507,0.3944214874505997,10.07,315,-0.009713510982692242,0.07047513872385025,0.6690168380737305,0.004720710683614016,0.027587890625,0.5687177181243896
253,518144,507,0.5322495859861374,9.97,318,-0.015382937155663967,0.0687539353966713,0.6725731492042542,0.006345116533339024,0.0439453125,0.5485743284225464
254,520192,507,0.48396033406257627,8.37,328,-0.006514124572277069,0.06752599030733109,0.7323456406593323,0.003555008675903082,0.0325927734375,0.5197231769561768
255,522240,507,0.4931718993186951,8.7,322,-0.005061443895101547,0.062279973179101944,0.7064881324768066,0.0052542975172400475,0.028564453125,0.5378909111022949
256,524288,507,0.39373719215393066,9.56,289,-0.0032745199277997017,0.056984975934028625,0.7197695970535278,0.002006637630984187,0.0244140625,0.5414167642593384
257,526336,507,0.4931421512365341,9.88,283,-0.007694210857152939,0.059571996331214905,0.7479336261749268,0.0034804418683052063,0.0499267578125,0.5548513531684875
258,528384,507,0.5127289283275605,16.47,294,-0.012124486267566681,0.0624186135828495,0.7577444911003113,0.004444090649485588,0.0325927734375,0.5657467246055603
259,530432,507,0.4345256209373474,8.54,321,-0.008543713949620724,0.0688832476735115,0.7956134676933289,0.006434885784983635,0.03466796875,0.5508421063423157
260,532480,507,0.5324578523635864,9.89,307,-0.007863009348511696,0.06640904396772385,0.7974231243133545,0.0101566631346941,0.02978515625,0.5810083150863647
261,534528,507,0.48216033101081845,10.34,298,-0.0023425761610269547,0.061513833701610565,0.7981802821159363,0.004419945180416107,0.0391845703125,0.6512796878814697
262,536576,507,0.5216694229841232,10.48,291,-0.014613568782806396,0.06256423145532608,0.7418591380119324,0.00942961685359478,0.0458984375,0.6069333553314209
263,538624,507,0.4641239696741104,9.43,323,-0.013555274344980717,0.07129048556089401,0.742814302444458,0.004497600719332695,0.0294189453125,0.609363317489624
264,540672,507,0.49343967080116274,9.46,312,-0.010617181658744812,0.07167371362447739,0.7866069674491882,0.003332178108394146,0.02197265625,0.6122148036956787
265,542720,507,0.5627404975891114,8.81,313,-0.009341827593743801,0.06694616377353668,0.744125247001648,0.0054956525564193726,0.0653076171875,0.5709746479988098
266,544768,507,0.4730826461315155,9.48,315,-0.012706227600574493,0.06882886588573456,0.7285445332527161,0.006140182726085186,0.0357666015625,0.5728754997253418
267,546816,507,0.4827404952049255,10.06,308,-0.004140065982937813,0.06850224733352661,0.7284110188484192,0.006752448622137308,0.041748046875,0.5654610395431519
268,548864,506,0.5016991770267487,9.75,322,-0.011387413367629051,0.07087457925081253,0.664520800113678,0.005772901698946953,0.0419921875,0.5345925092697144
269,550912,507,0.4642727291584015,8.2,321,-0.005613559857010841,0.07258620858192444,0.7138053178787231,0.0031632587779313326,0.0289306640625,0.5500280857086182
270,552960,507,0.5026214909553528,9.94,308,-0.006474269554018974,0.06720633059740067,0.7360920906066895,0.002651843475177884,0.0240478515625,0.5815263390541077
271,555008,507,0.48256198585033416,9.65,312,-0.0027672555297613144,0.06614968180656433,0.7948353886604309,0.0027045963797718287,0.0452880859375,0.5685248970985413
272,557056,506,0.43332066357135773,10.0,302,-0.012731844559311867,0.06196782365441322,0.7731376886367798,0.003447254654020071,0.0364990234375,0.5653287172317505
273,559104,506,0.5518776887655258,9.89,307,-0.0015912405215203762,0.06803742051124573,0.7835853099822998,0.0030408836901187897,0.029541015625,0.5952457785606384
274,561152,506,0.4637966972589493,8.7,317,-0.010496273636817932,0.06313768774271011,0.7957586050033569,0.0033568532671779394,0.03662109375,0.5871895551681519
275,563200,506,0.4436776888370514,10.21,305,-0.008359309285879135,0.06674090772867203,0.8496630191802979,0.004349641501903534,0.037841796875,0.6099238395690918
276,565248,506,0.4918033069372177,9.89,314,-0.008821727707982063,0.06564434617757797,0.8081762790679932,0.002619241364300251,0.025146484375,0.58769690990448
277,567296,506,0.4730826473236084,10.67,302,-0.015457680448889732,0.06316198408603668,0.825493574142456,0.006118308752775192,0.03076171875,0.6526585221290588
278,569344,506,0.37497190117836,9.16,313,-0.010322317481040955,0.07261811196804047,0.8378642201423645,0.004533524625003338,0.0272216796875,0.6500430703163147
279,571392,506,0.5320859551429749,10.02,300,-0.0059821996837854385,0.06688160449266434,0.8365570902824402,0.004466302692890167,0.026611328125,0.6299566030502319
280,573440,506,0.4728446298837662,10.28,307,-0.016512693837285042,0.07025891542434692,0.7991340756416321,0.005087852478027344,0.041259765625,0.6192224025726318
281,575488,506,0.4729041343927383,9.11,319,-0.014980537816882133,0.07247407734394073,0.8056597709655762,0.008549267426133156,0.0400390625,0.6232801079750061
282,577536,506,0.46290413200855257,9.62,313,-0.010419001802802086,0.06809533387422562,0.7817268371582031,0.00446432176977396,0.0269775390625,0.6241283416748047
283,579584,506,0.5523537188768387,9.75,308,-0.009923655539751053,0.060677774250507355,0.8166707754135132,0.005253083072602749,0.0391845703125,0.6204128265380859
284,581632,506,0.45282975494861605,9.79,319,-0.007099758833646774,0.06744193285703659,0.8197713494300842,0.005001264624297619,0.02978515625,0.6099160313606262
285,583680,506,0.46279999911785125,9.39,319,-0.012430536560714245,0.06685224920511246,0.8680084943771362,0.0030356277711689472,0.039794921875,0.6151739358901978
286,585728,506,0.6011933916807175,9.73,306,-0.00309034064412117,0.06934893876314163,0.8703164458274841,0.004160009324550629,0.02587890625,0.6409413814544678
287,587776,506,0.5028000015020371,9.35,308,-0.007415799889713526,0.0678100734949112,0.8950784206390381,0.002961148042231798,0.0245361328125,0.6228930950164795
288,589824,506,0.5818181824684143,10.38,292,-0.013103846460580826,0.06620491296052933,0.8458266258239746,0.006489529274404049,0.037353515625,0.6588408350944519
289,591872,506,0.49260661125183103,9.33,298,-0.004744332283735275,0.06399790197610855,0.9002471566200256,0.006331444717943668,0.029296875,0.6089084148406982
290,593920,505,0.4631719011068344,10.43,306,0.00010478682816028595,0.06538918614387512,0.8758586049079895,0.013767343014478683,0.04833984375,0.6326082944869995
291,595968,506,0.580836364030838,10.11,301,-0.012570468708872795,0.06662815809249878,0.9474557638168335,0.0063050007447600365,0.0350341796875,0.6053798198699951
292,598016,505,0.45385619878768924,11.4,301,-0.009956440888345242,0.06084183603525162,0.8828598260879517,0.006166717037558556,0.0367431640625,0.6198261380195618
293,600064,505,0.4896314054727554,11.57,275,-0.0274474136531353,0.058919757604599,0.8840792179107666,0.008248431608080864,0.04443359375,0.641330897808075
294,602112,505,0.6013570266962052,10.6,293,-0.016829881817102432,0.05951852723956108,0.894079327583313,0.006573917344212532,0.02783203125,0.6244166493415833
295,604160,505,0.41213057935237885,11.0,279,-0.016369976103305817,0.06107637286186218,0.8640620112419128,0.005714909173548222,0.043701171875,0.7167009115219116
296,606208,505,0.47220495879650115,10.1,291,-0.015206503681838512,0.059728242456912994,0.8758265972137451,0.00955104362219572,0.0482177734375,0.6852152943611145
297,608256,505,0.502115706205368,9.84,303,-0.004130515269935131,0.06700437515974045,0.8596135377883911,0.007260838057845831,0.0380859375,0.6781917810440063
298,610304,505,0.4342578500509262,9.57,306,-0.015283025801181793,0.06428435444831848,0.8596428632736206,0.005699259229004383,0.048828125,0.646336555480957
299,612352,505,0.3641239666938782,11.03,311,-0.014880635775625706,0.06758469343185425,0.8494474291801453,0.0031141338404268026,0.0294189453125,0.6466975808143616
300,614400,505,0.5234694242477417,9.61,312,-0.006669052876532078,0.07180875539779663,0.7955958843231201,0.0038196591194719076,0.0311279296875,0.6724116206169128
301,616448,505,0.5421603310108185,10.02,317,-0.00519469752907753,0.06909311562776566,0.7410569787025452,0.003508305875584483,0.0279541015625,0.6627547144889832
302,618496,504,0.43366281092166903,10.09,308,-0.009732874110341072,0.06579834222793579,0.8050329089164734,0.004707095213234425,0.033935546875,0.6452043056488037
303,620544,504,0.48297851204872133,9.54,317,-0.010257847607135773,0.06876914948225021,0.826412558555603,0.005784505046904087,0.037353515625,0.6763371825218201
304,622592,504,0.5319669431447983,10.46,284,-0.009255770593881607,0.059770919382572174,0.8981928825378418,0.009748833253979683,0.05078125,0.6667616367340088
305,624640,504,0.4536479336023331,9.75,322,-0.01373593881726265,0.06684228777885437,0.8260374665260315,0.006042185239493847,0.0372314453125,0.6824978590011597
306,626688,504,0.45360330641269686,9.36,316,0.011293381452560425,0.07081834226846695,0.7851060628890991,0.006511312909424305,0.0269775390625,0.6819621324539185
307,628736,504,0.4637223154306412,8.93,316,-0.007366631180047989,0.06969109177589417,0.8099507093429565,0.003115262370556593,0.026123046875,0.6934127807617188
308,630784,504,0.5223388421535492,10.31,307,-0.0161000806838274,0.06579587608575821,0.8353267908096313,0.006105439271777868,0.023681640625,0.666982889175415
309,632832,504,0.5519818192720414,9.7,304,-0.004605741240084171,0.06332797557115555,0.8749005198478699,0.004121055826544762,0.03125,0.7386741638183594
310,634880,504,0.5132909089326858,9.41,292,-0.0024482663720846176,0.06417182087898254,0.8658981323242188,0.004283309914171696,0.0435791015625,0.7363186478614807
311,636928,504,0.5112826442718506,10.15,307,-0.006072206888347864,0.06723181903362274,0.8364130258560181,0.00297516118735075,0.0318603515625,0.7457486987113953
312,638976,504,0.5114760339260102,10.56,310,-0.013370966538786888,0.06616567075252533,0.8331290483474731,0.0041083418764173985,0.04345703125,0.7599474191665649
313,641024,504,0.5514760333299636,9.99,311,-0.00316779688000679,0.0684012845158577,0.8045773506164551,0.005414447281509638,0.0435791015625,0.7338479161262512
314,643072,504,0.47351405024528503,9.36,311,-0.005756484344601631,0.06170281767845154,0.7886510491371155,0.005197644233703613,0.02783203125,0.7339975833892822
315,645120,504,0.5032314056158066,8.95,322,-0.01094754971563816,0.06655046343803406,0.7712235450744629,0.0019772988744080067,0.037353515625,0.7602328062057495
316,647168,503,0.45381156921386717,9.53,307,-0.014761842787265778,0.06651347875595093,0.8609987497329712,0.006085594650357962,0.0555419921875,0.7525925636291504
317,649216,503,0.5613867771625519,9.62,316,-0.0021751709282398224,0.06498655676841736,0.7874563336372375,0.005440006963908672,0.0364990234375,0.810542106628418
318,651264,503,0.4737669426202774,9.32,313,5.170702934265137e-05,0.06510712206363678,0.8622937202453613,0.003939263988286257,0.0396728515625,0.8106142282485962
319,653312,503,0.5312677711248398,9.96,304,-0.00508451834321022,0.06225449964404106,0.8178901672363281,0.005411830730736256,0.0240478515625,0.8180229067802429
320,655360,503,0.4626214873790741,9.63,320,-0.0017642416059970856,0.06568200886249542,0.8531042337417603,0.0035650318022817373,0.0478515625,0.8180447816848755
321,657408,503,0.4430528944730759,9.98,295,-0.00779598206281662,0.05747849494218826,0.9322770833969116,0.006842728704214096,0.04638671875,0.8228089213371277
322,659456,503,0.5315950429439544,10.57,297,-0.0049155764281749725,0.06541112810373306,0.9546166658401489,0.008064910769462585,0.0413818359375,0.814540445804596
323,661504,503,0.46315702676773074,10.86,294,-0.009076246991753578,0.0645250678062439,0.907566249370575,0.003958758898079395,0.029541015625,0.7699786424636841
324,663552,503,0.6202413219213486,10.12,306,-0.016653236001729965,0.06711503118276596,0.8488173484802246,0.005355786997824907,0.0419921875,0.8043291568756104
325,665600,504,0.5029636347293853,9.13,323,-0.0004953034222126007,0.0687878429889679,0.8488198518753052,0.0032859540078788996,0.0401611328125,0.7573261260986328
326,667648,503,0.49427272856235505,8.65,321,-0.014546696096658707,0.07289950549602509,0.9139567613601685,0.0032145692966878414,0.0263671875,0.7454471588134766
327,669696,504,0.5424727267026901,8.93,321,-0.007248817943036556,0.07170550525188446,0.8693467974662781,0.003981717862188816,0.02099609375,0.7633905410766602
328,671744,504,0.47271074414253234,9.69,314,-0.019439220428466797,0.06748252362012863,0.8244202733039856,0.008163489401340485,0.031982421875,0.7626357078552246
329,673792,504,0.5131867778301239,8.9,320,-0.019649693742394447,0.06557949632406235,0.7645165324211121,0.005951529368758202,0.0299072265625,0.7627493143081665
330,675840,503,0.414257852435112,9.29,319,-0.00985192134976387,0.0632329210639,0.7519363164901733,0.01218552514910698,0.03173828125,0.7755783796310425
331,677888,503,0.5819818186759949,9.52,315,-0.010533918626606464,0.07118873298168182,0.8207554817199707,0.0025710046757012606,0.03564453125,0.7875370979309082
332,679936,503,0.6004942137002945,11.07,292,-0.00979536958038807,0.0628453865647316,0.8026179075241089,0.01153428666293621,0.045654296875,0.794424295425415
333,681984,503,0.5331272703409194,9.35,327,-0.017010945826768875,0.07195260375738144,0.7528810501098633,0.009572647511959076,0.054443359375,0.7750787138938904
334,684032,504,0.4926363635063171,9.54,311,-0.006160348653793335,0.0667552724480629,0.766983151435852,0.0041371239349246025,0.029296875,0.7585189342498779
335,686080,503,0.47351404905319217,9.0,336,0.008178463205695152,0.07351547479629517,0.7222588062286377,0.006591722834855318,0.0242919921875,0.7469872236251831
336,688128,504,0.38458512604236605,9.81,316,-0.010888583958148956,0.06680522114038467,0.762775719165802,0.006724719423800707,0.054931640625,0.7198463082313538
337,690176,504,0.4524578505754471,10.48,296,-0.01121705025434494,0.05971328914165497,0.879401683807373,0.004275972954928875,0.041015625,0.7642234563827515
338,692224,504,0.4809256201982498,11.3,286,-0.0008799317292869091,0.06234782561659813,0.8803716897964478,0.0031222004909068346,0.031005859375,0.7861892580986023
339,694272,504,0.5397652906179428,11.83,267,3.348104655742645e-05,0.05220641568303108,0.9594203233718872,0.005736810155212879,0.043212890625,0.781745970249176
340,696320,504,0.4928595060110092,13.48,274,-0.012008982710540295,0.060205113142728806,0.9224112629890442,0.006766706705093384,0.044677734375,0.8021990060806274
341,698368,504,0.4641537195444107,9.1,303,-0.009045405313372612,0.06366097927093506,0.9242928624153137,0.00495171919465065,0.0299072265625,0.8035411238670349
342,700416,504,0.5117735517024994,11.15,294,-0.013602074235677719,0.061051152646541595,0.8737400770187378,0.004933995194733143,0.0439453125,0.8736585378646851
343,702464,504,0.4914611577987671,9.74,309,-0.014647049829363823,0.06596428900957108,0.9247274398803711,0.006718622520565987,0.043212890625,0.8426399827003479
344,704512,504,0.46223471224308016,10.92,305,-0.006331106182187796,0.06433660537004471,0.8931665420532227,0.004622065462172031,0.033203125,0.8512480854988098
345,706560,504,0.4341983461380005,9.71,305,-0.014199167490005493,0.06364315003156662,0.941414475440979,0.007584377191960812,0.03369140625,0.7929956912994385
346,708608,504,0.5322347122430802,9.75,300,-0.008691655471920967,0.06440774351358414,0.8986895084381104,0.00806833989918232,0.0537109375,0.8080416917800903
347,710656,504,0.5033801662921905,8.88,321,-0.01666194200515747,0.06597480177879333,0.8330127000808716,0.009363168850541115,0.0372314453125,0.7939648628234863
348,712704,504,0.5911487638950348,9.55,304,-0.00397771131247282,0.06722447276115417,0.8580543398857117,0.006153659895062447,0.03369140625,0.7727667093276978
349,714752,504,0.5312082648277283,9.72,317,-0.010911062359809875,0.07021903991699219,0.8134005665779114,0.0044191572815179825,0.03955078125,0.7507743239402771
350,716800,504,0.47235372304916384,10.65,314,-0.009887494146823883,0.06938542425632477,0.8589248061180115,0.00403742678463459,0.044189453125,0.7600720524787903
351,718848,504,0.4633355367183685,10.24,299,-0.008075756952166557,0.06462009251117706,0.9264360070228577,0.0051926313899457455,0.03564453125,0.7381671071052551
352,720896,504,0.5420561987161636,10.45,291,-0.01210287306457758,0.06221180409193039,0.8717983961105347,0.005770510993897915,0.040283203125,0.7442786693572998
353,722944,504,0.5225619828701019,9.94,310,-0.019192909821867943,0.06575486063957214,0.8973228931427002,0.02002425119280815,0.054443359375,0.724063515663147
354,724992,504,0.47294876039028166,10.11,305,-0.0028601777739822865,0.0659957230091095,0.8736779689788818,0.007225241046398878,0.0548095703125,0.7366457581520081
355,727040,504,0.5023834747076035,9.98,304,-0.013929812237620354,0.06980964541435242,0.8417563438415527,0.004571673925966024,0.0423583984375,0.7493816614151001
356,729088,504,0.5613421475887299,9.73,311,-0.006242930889129639,0.06373804807662964,0.823851466178894,0.006284752860665321,0.046630859375,0.713233470916748
357,731136,504,0.5417735540866851,9.43,322,-0.004786047153174877,0.06557327508926392,0.8460330367088318,0.003551670117303729,0.0587158203125,0.6966245174407959
358,733184,504,0.5222942161560059,9.7,304,-0.012200120836496353,0.06257150322198868,0.8518314361572266,0.0036283740773797035,0.023681640625,0.7083597183227539
359,735232,504,0.48284462869167327,9.68,296,-0.005696753039956093,0.06916625797748566,0.8264981508255005,0.004814259707927704,0.0316162109375,0.7296391129493713
360,737280,504,0.48239834666252135,10.6,291,-0.02081700600683689,0.06268034875392914,0.9312500357627869,0.00799691304564476,0.054443359375,0.73439621925354
361,739328,504,0.5217586785554886,10.17,301,-0.012993410229682922,0.06930262595415115,0.8240785002708435,0.005281355697661638,0.05322265625,0.7191997766494751
362,741376,504,0.4438561999797821,10.26,283,-0.0069972798228263855,0.06446808576583862,0.8870099186897278,0.006304165814071894,0.0555419921875,0.712037205696106
363,743424,504,0.5018479341268539,10.25,297,-0.017381835728883743,0.06035890430212021,0.8313080668449402,0.009231632575392723,0.0482177734375,0.7258382439613342
364,745472,504,0.5129338854551315,9.52,309,-0.00745639530941844,0.06115534529089928,0.872921347618103,0.0051126256585121155,0.031005859375,0.7298623323440552
365,747520,504,0.4740347123146057,8.77,320,-0.01058647409081459,0.0672539472579956,0.802394688129425,0.004812008701264858,0.04052734375,0.708687961101532
366,749568,504,0.47391570448875425,8.76,322,-0.0004757344722747803,0.07074208557605743,0.7621948719024658,0.006234817672520876,0.0367431640625,0.7263945937156677
367,751616,504,0.4734842973947525,8.94,320,-0.0023662508465349674,0.06961175799369812,0.7968360185623169,0.007448481861501932,0.037109375,0.7787129878997803
368,753664,504,0.452785125374794,9.78,317,-0.011367041617631912,0.06726914644241333,0.7870022058486938,0.0047680167481303215,0.031494140625,0.7780909538269043
369,755712,504,0.46348429560661314,9.35,311,-0.006421225145459175,0.06639734655618668,0.7393437623977661,0.00455540232360363,0.0394287109375,0.7590391635894775
370,757760,504,0.5029190111160279,9.0,318,-0.00784977525472641,0.06735464185476303,0.6836554408073425,0.00552019476890564,0.0439453125,0.7757881879806519
371,759808,504,0.5322942179441452,8.99,325,-0.005584554746747017,0.06962883472442627,0.7576630711555481,0.003125064307823777,0.0347900390625,0.7711858749389648
372,761856,504,0.4741834729909897,8.33,336,-0.007852118462324142,0.06975989043712616,0.6891323328018188,0.003016361501067877,0.04150390625,0.75240159034729
373,763904,504,0.4535586804151535,8.98,348,-0.01012538094073534,0.07088427245616913,0.7791506052017212,0.003185457084327936,0.02783203125,0.7093853950500488
374,765952,504,0.49384132206439973,10.13,315,-0.018805406987667084,0.0698491707444191,0.7392013072967529,0.005966397002339363,0.0380859375,0.697236180305481
375,768000,504,0.43361818432807925,9.27,326,-0.012208359315991402,0.06893164664506912,0.7304916381835938,0.0068276068195700645,0.0286865234375,0.7045929431915283
376,770048,504,0.5516545468568802,9.56,323,-0.011158770881593227,0.06985059380531311,0.773201048374176,0.005568893626332283,0.0250244140625,0.7003321051597595
377,772096,504,0.503752064704895,8.75,330,-0.01165963988751173,0.06975351274013519,0.7466129064559937,0.0038513087201863527,0.0419921875,0.7131918668746948
378,774144,504,0.454659503698349,8.98,335,-0.011184142902493477,0.072135791182518,0.7556160688400269,0.005270206369459629,0.0404052734375,0.7428314089775085
379,776192,504,0.5233801686763764,8.25,329,-0.013261313550174236,0.07096151262521744,0.7071648836135864,0.0054284981451928616,0.0479736328125,0.7411632537841797
380,778240,504,0.5125768601894378,8.99,330,-0.015084236860275269,0.07098318636417389,0.6879477500915527,0.007169455289840698,0.036865234375,0.7119146585464478
381,780288,504,0.44427272796630857,8.3,344,-0.012640856206417084,0.074968621134758,0.6311213374137878,0.0045126574113965034,0.0224609375,0.7191641926765442
382,782336,504,0.4938859528303146,8.15,350,-0.010464935563504696,0.0746738389134407,0.6615797877311707,0.006194699555635452,0.0360107421875,0.6765412092208862
383,784384,504,0.5334694236516953,7.8,354,-0.004530599340796471,0.0745161697268486,0.62120521068573,0.00472861435264349,0.0233154296875,0.7124673128128052
384,786432,504,0.42473388493061065,8.68,347,-0.015730760991573334,0.07468757033348083,0.6267270445823669,0.004151570610702038,0.033935546875,0.7093936204910278
385,788480,504,0.5143619841337204,7.72,357,-0.008575666695833206,0.075650654733181,0.5242816805839539,0.00394525658339262,0.0269775390625,0.710135817527771
386,790528,504,0.4730826473236084,9.32,336,-0.006214927416294813,0.07366928458213806,0.54474937915802,0.0012291183229535818,0.0296630859375,0.73444002866745
387,792576,504,0.6226661181449891,8.11,349,-0.00636727549135685,0.0755767747759819,0.5531384944915771,0.00278275809250772,0.0257568359375,0.7383871674537659
388,794624,504,0.3654925620555878,8.4,344,-0.006481420248746872,0.07808816432952881,0.5337456464767456,0.001841188408434391,0.025634765625,0.7442834377288818
389,796672,504,0.4838115721940994,8.26,346,-0.004534345120191574,0.07373636215925217,0.5659838914871216,0.0038295923732221127,0.0340576171875,0.7301627397537231
390,798720,504,0.41491239964962007,8.39,343,-0.005432706791907549,0.07807357609272003,0.5968843698501587,0.003619444090873003,0.0260009765625,0.7380373477935791
391,800768,504,0.4639305812120438,8.45,325,-0.005149872042238712,0.06876351684331894,0.5615222454071045,0.004221466835588217,0.030029296875,0.7349771857261658
392,802816,505,0.5134099173545837,8.43,322,-0.0060785189270973206,0.06541362404823303,0.5964280366897583,0.004932426381856203,0.03466796875,0.766283392906189
393,804864,504,0.5535140484571457,7.81,357,-0.010932886973023415,0.07094189524650574,0.6247241497039795,0.004319097846746445,0.0377197265625,0.7767438292503357
394,806912,505,0.5338115698099136,7.33,352,-0.014940518885850906,0.07589299231767654,0.5575473308563232,0.002012510783970356,0.0303955078125,0.8008202314376831
395,808960,504,0.4155371904373169,8.03,337,-0.004114158451557159,0.07446186989545822,0.6230591535568237,0.0028368905186653137,0.024169921875,0.8141065239906311
396,811008,505,0.4449272763729095,7.38,370,-0.003875184804201126,0.0746375247836113,0.6025835871696472,0.0030857028905302286,0.03369140625,0.7808756828308105
397,813056,504,0.4341239684820175,8.88,330,-0.006630520336329937,0.06874668598175049,0.6355130672454834,0.004031280986964703,0.032958984375,0.8332772254943848
398,815104,504,0.43491239964962003,8.14,340,-0.005783587694168091,0.07334865629673004,0.6302062273025513,0.004581542685627937,0.04150390625,0.8176571130752563
399,817152,505,0.5535289305448532,8.02,344,-0.007957108318805695,0.07498747855424881,0.6252909898757935,0.0036833775229752064,0.03466796875,0.8225831985473633
400,819200,505,0.6022942167520523,8.19,350,-0.010872608982026577,0.07322414219379425,0.6554751992225647,0.004243380390107632,0.03369140625,0.8340654969215393
401,821248,505,0.46404958724975587,9.36,327,-0.017879027873277664,0.06523071974515915,0.703199028968811,0.0035114975180476904,0.0255126953125,0.8644524216651917
402,823296,505,0.48393057942390444,8.32,331,-0.014136705547571182,0.07154981791973114,0.7355937957763672,0.003980185836553574,0.0428466796875,0.8930741548538208
403,825344,505,0.423499174118042,8.58,335,-0.0025992058217525482,0.06854081898927689,0.7396717667579651,0.0026119451504200697,0.0263671875,0.8810259103775024
404,827392,505,0.5915801692008972,9.26,327,-0.008666319772601128,0.07206359505653381,0.7991251945495605,0.00631546089425683,0.0379638671875,0.8332760334014893
405,829440,505,0.48357355535030366,8.7,324,-0.010106963105499744,0.07009923458099365,0.7637304663658142,0.004066800698637962,0.0235595703125,0.9060797691345215
406,831488,505,0.5034099185466766,9.42,327,-0.00774756446480751,0.07083311676979065,0.8006424307823181,0.004633991979062557,0.0230712890625,0.8640145063400269
407,833536,505,0.4827256226539612,10.18,311,-0.00856431107968092,0.06536921858787537,0.7414087057113647,0.005263045430183411,0.0242919921875,0.8736368417739868
408,835584,505,0.48274049878120423,8.88,315,-0.0001777084544301033,0.06406141072511673,0.7108877897262573,0.004432285204529762,0.0343017578125,0.8819587230682373
409,837632,505,0.4430082678794861,10.09,308,-0.00520092248916626,0.06481688469648361,0.7282641530036926,0.006499001290649176,0.03466796875,0.8440762758255005
410,839680,505,0.5332909107208252,8.96,327,-0.009773198515176773,0.06899198889732361,0.6698246002197266,0.004073228687047958,0.037841796875,0.884876012802124
411,841728,505,0.474123969078064,8.58,348,-0.005182012915611267,0.07356704026460648,0.6493017077445984,0.005910288542509079,0.02783203125,0.8520340919494629
412,843776,505,0.5225173580646515,9.34,299,-0.01168556697666645,0.06320273876190186,0.6810712814331055,0.0035704236943274736,0.0357666015625,0.8776581287384033
413,845824,505,0.42480826437473296,9.4,308,-0.00586298480629921,0.06862150877714157,0.6666797399520874,0.002855154685676098,0.02734375,0.8884192705154419
414,847872,505,0.483380166888237,8.43,317,-0.004645582288503647,0.07030399143695831,0.664998471736908,0.0038974620401859283,0.0218505859375,0.8708136081695557
415,849920,505,0.49345454692840574,9.22,314,-0.011987652629613876,0.06678293645381927,0.6348650455474854,0.004168515093624592,0.0450439453125,0.9173257946968079
416,851968,505,0.44388595044612883,8.5,329,-0.011942801997065544,0.06974335759878159,0.6858661770820618,0.003077656961977482,0.031494140625,0.9083077907562256
417,854016,505,0.5429487645626068,9.01,333,-0.00646402221173048,0.07365988940000534,0.63629150390625,0.002471364801749587,0.0321044921875,0.965781569480896
418,856064,505,0.46323140621185305,8.72,329,-0.00530460849404335,0.07370934635400772,0.7120592594146729,0.004224251955747604,0.041259765625,0.9478172063827515
419,858112,505,0.5030231398344039,9.02,312,-0.009355678223073483,0.06374616175889969,0.7836045026779175,0.005681189708411694,0.0423583984375,0.966036856174469
420,860160,506,0.5914760357141495,9.34,325,-0.012361863628029823,0.06920693069696426,0.7837866544723511,0.004230136517435312,0.0506591796875,1.0202518701553345
421,862208,505,0.464659503698349,9.01,298,-0.008996030315756798,0.06082596257328987,0.8444288969039917,0.0067757535725831985,0.044189453125,1.0717202425003052
422,864256,506,0.5512975221872329,9.42,327,-0.01209762692451477,0.0690203458070755,0.7961975932121277,0.004735087510198355,0.0242919921875,1.0378581285476685
423,866304,506,0.4920413237810135,10.45,320,-0.007126234471797943,0.06483655422925949,0.8658291101455688,0.003886900842189789,0.0438232421875,1.024411916732788
424,868352,506,0.43233884513378146,11.45,299,-0.011102811433374882,0.06153476983308792,0.8044804334640503,0.006662243511527777,0.0421142578125,1.078111171722412
425,870400,506,0.45419834852218627,8.42,323,-0.009103100746870041,0.07012293487787247,0.7525299191474915,0.006968514062464237,0.0369873046875,0.9863274693489075
426,872448,506,0.5233652901649475,8.98,329,-0.016754085198044777,0.07043393701314926,0.729505717754364,0.009855281561613083,0.0333251953125,0.9764646291732788
427,874496,506,0.4736628097295761,8.39,339,-0.007539978250861168,0.07168270647525787,0.6656329035758972,0.0035125487484037876,0.0267333984375,0.9628862738609314
428,876544,506,0.5435586768388748,7.86,346,-0.006247909739613533,0.07188814133405685,0.6956125497817993,0.0037715614307671785,0.0191650390625,0.9588585495948792
429,878592,506,0.5138562005758286,8.05,343,-0.0019219564273953438,0.0754636749625206,0.6507446765899658,0.006324565503746271,0.027099609375,0.945004940032959
430,880640,506,0.49428760349750517,7.85,349,-0.0048185111954808235,0.07379410415887833,0.7076084613800049,0.002649012953042984,0.04638671875,1.0045721530914307
431,882688,506,0.5734247958660126,8.01,344,-0.012087841518223286,0.07659406214952469,0.719431459903717,0.0024916897527873516,0.029296875,0.998884916305542
432,884736,506,0.4340942162275314,8.76,336,-0.01372009888291359,0.0726751759648323,0.7995367050170898,0.004960980266332626,0.0484619140625,0.940586507320404
433,886784,506,0.5619074350595474,9.18,322,-0.009765341877937317,0.06385979056358337,0.7721185088157654,0.006402777507901192,0.0391845703125,1.0057778358459473
434,888832,506,0.5724429768323899,8.79,336,-0.004076513461768627,0.07140544801950455,0.7455070614814758,0.0024132411926984787,0.0321044921875,0.9660332202911377
435,890880,506,0.4729785108566284,9.7,321,-0.015447921119630337,0.06742693483829498,0.7384977340698242,0.007045379839837551,0.037353515625,0.9957488179206848
436,892928,506,0.483945454955101,9.23,327,-0.01079840399324894,0.06769804656505585,0.7638135552406311,0.009747038595378399,0.0361328125,0.9686592817306519
437,894976,506,0.43473388612270353,8.11,345,-0.009173698723316193,0.06931328028440475,0.6893132925033569,0.0047147236764431,0.033203125,0.9758838415145874
438,897024,506,0.5321752089262008,9.14,325,-0.011445283889770508,0.0724845752120018,0.6833001971244812,0.005844922736287117,0.0306396484375,0.9935749769210815
439,899072,506,0.5024280995130539,8.83,347,-0.014903275296092033,0.07026518881320953,0.6812736988067627,0.003420457476750016,0.0391845703125,0.9769062995910645
440,901120,506,0.64229421377182,8.1,348,-0.00837328378111124,0.07253848016262054,0.6389520764350891,0.002766714198514819,0.0277099609375,0.9867235422134399
441,903168,506,0.49370743811130524,8.51,343,-0.01632850244641304,0.07000146806240082,0.6855236291885376,0.004246806725859642,0.041748046875,1.0052008628845215
442,905216,506,0.49391570389270784,7.87,338,-0.009872274473309517,0.06677773594856262,0.7114369869232178,0.003641285467892885,0.0361328125,1.003584384918213
443,907264,506,0.5028595072031021,8.96,332,-0.011604800820350647,0.06699468940496445,0.7357102632522583,0.003987373784184456,0.03515625,1.004802942276001
444,909312,506,0.39522479474544525,8.57,333,-0.008858328685164452,0.07078702002763748,0.7571106553077698,0.0032821728382259607,0.04541015625,1.0264978408813477
445,911360,506,0.5428892570734024,9.48,308,-0.011779973283410072,0.06699144840240479,0.6763767004013062,0.006047417409718037,0.054931640625,1.0655677318572998
446,913408,506,0.5038264477252961,9.73,318,-0.019211359322071075,0.0673004686832428,0.7019144296646118,0.010647646151483059,0.0462646484375,1.057757019996643
447,915456,506,0.4650165295600891,7.77,351,-0.003478214144706726,0.07273706048727036,0.6535402536392212,0.003382632043212652,0.0333251953125,1.0961871147155762
448,917504,506,0.4927256202697754,8.7,342,-0.0064217709004879,0.0692611038684845,0.6660963296890259,0.005170957185328007,0.02734375,1.1077156066894531
449,919552,506,0.5033057874441147,8.79,326,-0.008109087124466896,0.06873738765716553,0.7004044055938721,0.008478187024593353,0.0462646484375,1.079233169555664
450,921600,506,0.53363305747509,8.03,340,-0.009050261229276657,0.07081855833530426,0.7690536975860596,0.0035454127937555313,0.041748046875,1.0968294143676758
451,923648,506,0.5432314044237136,9.21,318,-0.010991751216351986,0.06565388292074203,0.722556471824646,0.004668743349611759,0.0341796875,1.1427583694458008
452,925696,506,0.4150760358572006,8.44,339,-0.006242990493774414,0.0745353028178215,0.6686939001083374,0.004234828054904938,0.0369873046875,1.1186834573745728
453,927744,506,0.5334099167585373,8.42,338,-0.008367318660020828,0.07018283009529114,0.6876335740089417,0.0028038735035806894,0.02880859375,1.1047378778457642
454,929792,506,0.47387107491493224,9.36,304,-0.012262243777513504,0.06738277524709702,0.6647058725357056,0.005582996644079685,0.0413818359375,1.1385489702224731
455,931840,506,0.5129190081357956,9.0,338,-0.00884942151606083,0.06789868324995041,0.6108604669570923,0.003538943361490965,0.040283203125,1.0557334423065186
456,933888,506,0.49345454812049866,9.27,330,-0.01046016812324524,0.06817487627267838,0.6423230171203613,0.004497356712818146,0.0390625,1.0843909978866577
457,935936,506,0.48336529076099394,8.7,319,-0.005724776536226273,0.06658418476581573,0.7049113512039185,0.005224283318966627,0.0494384765625,1.1241103410720825
458,937984,506,0.5339008271694183,8.76,324,-0.003932412713766098,0.06129602715373039,0.6991734504699707,0.009641159325838089,0.0399169921875,1.1220154762268066
459,940032,506,0.5731570273637772,9.67,303,-0.008174723014235497,0.06110216677188873,0.7458837628364563,0.004326714668422937,0.0341796875,1.1306993961334229
460,942080,506,0.5037223154306412,8.6,317,-0.010770749300718307,0.06270881742238998,0.6936606764793396,0.006642303429543972,0.0390625,1.1003854274749756
461,944128,506,0.5131570249795914,8.89,327,-0.0031000180169939995,0.07041175663471222,0.6560518145561218,0.0055971769616007805,0.033447265625,1.0859097242355347
462,946176,507,0.5135586762428284,7.83,351,-0.012448090128600597,0.06662299484014511,0.6786708235740662,0.003922282252460718,0.037841796875,1.1072341203689575
463,948224,507,0.5309851264953613,10.5,304,-0.010008602403104305,0.06259018927812576,0.7302404642105103,0.0031551639549434185,0.0406494140625,1.1502916812896729
464,950272,506,0.43385620176792145,9.23,318,-0.012647408992052078,0.06393007934093475,0.7199121713638306,0.0033409884199500084,0.0255126953125,1.1280878782272339
465,952320,506,0.43498677730560303,9.05,341,-0.009877018630504608,0.07454290241003036,0.6644500494003296,0.004595744423568249,0.02685546875,1.1068880558013916
466,954368,506,0.4936628097295761,8.49,340,-0.017460916191339493,0.07225944846868515,0.6481959819793701,0.0047899698838591576,0.027099609375,1.084315538406372
467,956416,506,0.5333652895689011,7.94,361,-0.001979673281311989,0.07955831289291382,0.5518012046813965,0.001983539666980505,0.0262451171875,1.1013649702072144
468,958464,506,0.434659503698349,8.05,355,-0.003628060221672058,0.07453139126300812,0.6058548092842102,0.0036944684106856585,0.0264892578125,1.0637905597686768
469,960512,507,0.4826066094636917,8.91,338,-0.0023426106199622154,0.06886230409145355,0.6524651646614075,0.005979889538139105,0.033447265625,1.1158158779144287
470,962560,507,0.5121603327989578,9.63,328,-0.02164624258875847,0.06962919980287552,0.7020432949066162,0.005322545766830444,0.0406494140625,1.1576008796691895
471,964608,506,0.5334842962026596,7.77,344,-0.006430124863982201,0.07264193892478943,0.6946508884429932,0.005817020777612925,0.033935546875,1.2131927013397217
472,966656,506,0.4722644644975662,9.4,344,-0.0008109230548143387,0.06816071271896362,0.6919221878051758,0.004769355058670044,0.02685546875,1.174324631690979
473,968704,506,0.6028595054149628,9.33,330,-0.0034555308520793915,0.07341257482767105,0.7350607514381409,0.0043311528861522675,0.042724609375,1.160158395767212
474,970752,506,0.4148826450109482,8.68,344,-0.012946123257279396,0.07377360761165619,0.746758222579956,0.005188158713281155,0.029052734375,1.2148771286010742
475,972800,506,0.4619371926784515,11.23,306,-0.005263643339276314,0.0598161555826664,0.8962597250938416,0.008073482662439346,0.052490234375,1.2013843059539795
476,974848,506,0.47321653008461,10.38,302,-0.021902836859226227,0.06311135739088058,0.8896047472953796,0.008004508912563324,0.0401611328125,1.258965015411377
477,976896,506,0.47707272827625274,13.82,277,-0.007480770815163851,0.054191481322050095,0.9244130253791809,0.0066585056483745575,0.0384521484375,1.2966258525848389
478,978944,506,0.5903603291511536,11.01,282,-0.009130485355854034,0.05444146320223808,0.8896155953407288,0.005216631107032299,0.043701171875,1.2495726346969604
479,980992,506,0.433261159658432,10.56,273,-0.013566367328166962,0.054104652255773544,0.9717594385147095,0.006856359541416168,0.0452880859375,1.2921383380889893
480,983040,506,0.4340347117185593,9.9,257,-0.007744673639535904,0.04765283316373825,1.0427244901657104,0.004869852680712938,0.0411376953125,1.3158092498779297
481,985088,506,0.45446611404418946,11.89,274,-0.012630726210772991,0.05539723113179207,0.9352932572364807,0.007230712566524744,0.0589599609375,1.3314030170440674
482,987136,506,0.3950760328769684,9.41,308,-0.021228240802884102,0.06522610038518906,0.8436221480369568,0.005556347314268351,0.055419921875,1.3521642684936523
483,989184,506,0.49367768943309787,8.35,302,-0.013158442452549934,0.06660358607769012,0.8689401745796204,0.0045954324305057526,0.0382080078125,1.3284918069839478
484,991232,506,0.43290413320064547,11.78,292,-0.0116179333999753,0.05881636589765549,0.8653954863548279,0.005850557703524828,0.038818359375,1.3440626859664917
485,993280,506,0.4833057856559753,8.81,319,-0.0201871357858181,0.06737598776817322,0.8457465171813965,0.005927351303398609,0.0457763671875,1.301192283630371
486,995328,506,0.5512082678079605,10.65,304,0.0025111008435487747,0.06061447411775589,0.8559519648551941,0.01113739050924778,0.0452880859375,1.2487107515335083
487,997376,506,0.541728926897049,9.32,330,-0.00936364009976387,0.06860281527042389,0.8085048198699951,0.004721337929368019,0.0355224609375,1.2282267808914185
488,999424,506,0.5040793389081955,8.05,322,-0.005492407828569412,0.06482509523630142,0.8281087875366211,0.006869640666991472,0.0439453125,1.2302613258361816
489,1001472,506,0.5027553737163544,9.36,317,-0.006747257895767689,0.06534413993358612,0.8307384252548218,0.005174631718546152,0.0264892578125,1.2606405019760132
490,1003520,506,0.39230909168720246,10.64,297,-0.0037052668631076813,0.05532455816864967,0.9765918850898743,0.006810517981648445,0.0462646484375,1.2736936807632446
491,1005568,506,0.46287438213825227,10.92,275,-0.01744736172258854,0.059038493782281876,0.9889322519302368,0.008129233494400978,0.0653076171875,1.241621971130371
492,1007616,506,0.4920859527587891,12.42,278,-0.014933117665350437,0.058194030076265335,0.9309325218200684,0.00594235397875309,0.03955078125,1.2499902248382568
493,1009664,506,0.5246297538280487,8.67,317,-0.012887687422335148,0.06444795429706573,0.9437002539634705,0.003692236263304949,0.03076171875,1.2546128034591675
494,1011712,506,0.41452562153339384,9.0,294,-0.015105204656720161,0.06046257168054581,0.9489607810974121,0.008200384676456451,0.0328369140625,1.2204935550689697
495,1013760,506,0.45459999978542326,8.28,323,-0.013665247708559036,0.06726397573947906,0.9025892019271851,0.003054065629839897,0.0286865234375,1.2974456548690796
496,1015808,506,0.38439173579216,8.74,319,-0.0022492026910185814,0.06257530301809311,0.9107362627983093,0.005130640231072903,0.0386962890625,1.278313398361206
497,1017856,506,0.4138264471292496,10.33,300,-0.006843119859695435,0.05898774415254593,0.9418137073516846,0.008488691411912441,0.04541015625,1.2768590450286865
498,1019904,506,0.45403470933437345,9.81,294,-0.0151713527739048,0.06304751336574554,0.9555912017822266,0.0049270205199718475,0.0462646484375,1.2709429264068604
499,1021952,506,0.4747190064191818,9.6,323,-0.0007407478988170624,0.06914132088422775,0.9207489490509033,0.0070711527951061726,0.02978515625,1.240841269493103
500,1024000,506,0.5122495877742768,9.8,308,-0.004593141842633486,0.06330543011426926,0.8882200717926025,0.00461224652826786,0.035400390625,1.289372205734253
501,1026048,506,0.5419818192720414,9.16,329,-0.016263753175735474,0.07193445414304733,0.8322774767875671,0.0059114256873726845,0.025390625,1.2940315008163452
502,1028096,506,0.5813719004392623,9.55,332,-0.013824593275785446,0.07140065729618073,0.8051796555519104,0.0059414999559521675,0.0455322265625,1.2706341743469238
503,1030144,506,0.5141239702701569,8.02,350,-0.006259574554860592,0.07085901498794556,0.8248714208602905,0.005174390040338039,0.0391845703125,1.2507414817810059
504,1032192,506,0.493067769408226,9.4,324,-0.009645037353038788,0.06998647004365921,0.8494209051132202,0.005473346449434757,0.021728515625,1.2153656482696533
505,1034240,506,0.46339504420757294,9.32,315,-0.0050493814051151276,0.06883987784385681,0.8945745229721069,0.005693034268915653,0.0291748046875,1.2286149263381958
506,1036288,506,0.5129190081357956,8.92,315,-0.02314421907067299,0.06647291779518127,0.8777590394020081,0.00538930669426918,0.0391845703125,1.2319269180297852
507,1038336,506,0.552145454287529,9.38,330,-0.005003113299608231,0.06630312651395798,0.9185366630554199,0.004743036348372698,0.02734375,1.250594139099121
508,1040384,506,0.4726809906959534,10.18,279,-0.017743341624736786,0.0601549968123436,0.979267954826355,0.006122410297393799,0.0364990234375,1.2779377698898315
509,1042432,506,0.5023685967922211,9.75,317,-0.015414563938975334,0.06835967302322388,0.9590498208999634,0.005348678678274155,0.0306396484375,1.2986140251159668
510,1044480,506,0.4216694235801697,11.89,301,-0.019075892865657806,0.06574839353561401,0.9162687063217163,0.008680696599185467,0.0458984375,1.29287850856781
511,1046528,506,0.4432462805509567,9.61,320,-0.017620109021663666,0.07074626535177231,0.9252448081970215,0.00914041232317686,0.0540771484375,1.2896859645843506
512,1048576,506,0.4040644645690918,10.04,305,-0.00825017224997282,0.06632090359926224,0.8854038715362549,0.0072088115848600864,0.0546875,1.3274383544921875
513,1050624,506,0.5324132251739502,9.35,312,-0.004006779752671719,0.06722133606672287,0.8292862772941589,0.004272357560694218,0.0408935546875,1.3880947828292847
514,1052672,506,0.49358842849731444,9.07,326,-0.013348983600735664,0.06979604065418243,0.8677831888198853,0.0062293559312820435,0.0262451171875,1.3455700874328613
515,1054720,506,0.43492727518081664,8.94,309,-0.009429454803466797,0.062388960272073746,0.9094776511192322,0.0095948725938797,0.0457763671875,1.3306078910827637
516,1056768,506,0.40477851271629334,9.71,313,-0.008462794125080109,0.07021959871053696,0.8719674348831177,0.004673435818403959,0.03466796875,1.4252634048461914
517,1058816,506,0.4728743803501129,9.72,311,-0.01397776324301958,0.06800192594528198,0.8662210702896118,0.00504149729385972,0.030029296875,1.4577330350875854
518,1060864,506,0.5229636394977569,8.88,317,-0.008434219285845757,0.06838536262512207,0.8305358290672302,0.003995461389422417,0.032470703125,1.467642068862915
519,1062912,506,0.47345454573631285,9.21,322,-0.014138537459075451,0.06653634458780289,0.840961754322052,0.0069947680458426476,0.048583984375,1.430974006652832
520,1064960,506,0.5921603327989579,8.82,318,-0.014009647071361542,0.06765449047088623,0.8374897837638855,0.004598011262714863,0.037109375,1.4577977657318115
521,1067008,506,0.5227256220579147,10.18,312,0.0002866555005311966,0.06514336168766022,0.8784197568893433,0.008717598393559456,0.03515625,1.515121579170227
522,1069056,506,0.5229190081357956,9.07,324,-0.011087575927376747,0.06677936762571335,0.8650877475738525,0.005356417037546635,0.0394287109375,1.5082287788391113
523,1071104,506,0.49327603161334993,9.58,314,-0.02051277458667755,0.07001977413892746,0.8341774344444275,0.005475993268191814,0.03662109375,1.5420001745224
524,1073152,506,0.453618181347847,8.83,324,-0.010568126104772091,0.06676335632801056,0.8039404153823853,0.005516160279512405,0.0347900390625,1.5125812292099
525,1075200,506,0.5032760339975357,8.88,327,-0.012984390370547771,0.07130467891693115,0.8808152675628662,0.005856286734342575,0.0400390625,1.504578948020935
526,1077248,506,0.45427272856235507,9.12,327,-0.017239337787032127,0.07565885037183762,0.8718411326408386,0.005107409320771694,0.025390625,1.5233935117721558
527,1079296,506,0.4930677676200867,8.95,321,-0.007096070796251297,0.06903284788131714,0.8444735407829285,0.0061773741617798805,0.0345458984375,1.5612952709197998
528,1081344,506,0.48321653008460996,9.54,309,-0.013631738722324371,0.07074171304702759,0.9076544642448425,0.005167796742171049,0.03173828125,1.6055727005004883
529,1083392,506,0.42358842968940735,9.4,317,-0.0049790190532803535,0.07083620876073837,0.8892650604248047,0.004151840694248676,0.0447998046875,1.63900887966156
530,1085440,506,0.4329785132408142,10.42,304,-0.016827570274472237,0.06638269871473312,0.954865574836731,0.00958233792334795,0.0443115234375,1.6337053775787354
531,1087488,506,0.50229421377182,10.16,299,-0.012025975622236729,0.06564592570066452,0.9942344427108765,0.007968214340507984,0.037353515625,1.6293801069259644
532,1089536,506,0.4430677688121796,10.44,301,-0.012911979109048843,0.0665663480758667,0.9455738067626953,0.005698195658624172,0.034912109375,1.7204042673110962
533,1091584,506,0.5623537212610245,9.22,305,-0.009781215339899063,0.06498502939939499,1.0166658163070679,0.006810114718973637,0.0333251953125,1.6608500480651855
534,1093632,506,0.4620710760354996,10.6,298,-0.006484861485660076,0.06395228952169418,0.9795444011688232,0.0051765162497758865,0.057373046875,1.705629825592041
535,1095680,506,0.45219008505344394,10.57,293,-0.01889912225306034,0.06736378371715546,1.006589412689209,0.006981417536735535,0.036376953125,1.7133631706237793
536,1097728,506,0.4032314044237137,10.56,304,-0.026521803811192513,0.06944657862186432,1.0251511335372925,0.009081286378204823,0.040283203125,1.6904438734054565
537,1099776,506,0.4819223147630691,11.69,282,-0.01884632743895054,0.061659447848796844,0.9840166568756104,0.004621123895049095,0.0396728515625,1.6940925121307373
538,1101824,506,0.4824876034259796,9.92,305,-0.008578352630138397,0.07057617604732513,1.0040242671966553,0.004857492633163929,0.0384521484375,1.6814311742782593
539,1103872,506,0.5427702474594116,9.67,310,-0.008504178375005722,0.06297744810581207,0.9290332198143005,0.004274415783584118,0.035400390625,1.720012903213501
540,1105920,506,0.611847932934761,9.0,308,-0.0060508279129862785,0.06710101664066315,0.9427281022071838,0.005390077829360962,0.041015625,1.7313497066497803
541,1107968,506,0.4415206629037857,10.75,300,-0.012636722065508366,0.06544958055019379,1.0608619451522827,0.006837184075266123,0.0321044921875,1.7481836080551147
542,1110016,506,0.5310000032186508,10.82,289,-0.009852003306150436,0.06508991867303848,1.032244086265564,0.009137279354035854,0.042724609375,1.725632905960083
543,1112064,506,0.4438413244485855,9.18,315,-0.013139069080352783,0.06528472155332565,1.0450248718261719,0.0036194564308971167,0.029296875,1.7373991012573242
544,1114112,506,0.5417289251089096,9.7,301,-0.011012546718120575,0.06599484384059906,1.022014856338501,0.00803602859377861,0.045654296875,1.7464114427566528
545,1116160,506,0.5207471066713333,11.45,285,-0.022342439740896225,0.05980964004993439,1.0608521699905396,0.005085874814540148,0.042724609375,1.654855728149414
546,1118208,507,0.44207107365131376,11.78,270,-0.006952829658985138,0.05708666890859604,1.042072057723999,0.004516360349953175,0.0367431640625,1.6527726650238037
547,1120256,507,0.4512826454639435,11.85,268,-0.02328287437558174,0.058737076818943024,1.1218420267105103,0.006002923473715782,0.04931640625,1.622124195098877
548,1122304,507,0.5612528932094574,10.5,291,-0.014135383069515228,0.06144215539097786,1.068177580833435,0.00626798253506422,0.0521240234375,1.595839023590088
549,1124352,507,0.45315702617168424,10.54,292,-0.015429692342877388,0.06799636036157608,1.0180630683898926,0.005467642098665237,0.0594482421875,1.6061517000198364
550,1126400,507,0.5216842991113663,9.63,294,-0.015656333416700363,0.06170029938220978,1.0180926322937012,0.006923418492078781,0.0599365234375,1.533056616783142
551,1128448,507,0.39338016510009766,10.8,284,-0.008208246901631355,0.06158428266644478,1.024989366531372,0.008629860356450081,0.0567626953125,1.6053307056427002
552,1130496,507,0.5907619851827621,10.62,301,-0.014729158952832222,0.06871610134840012,0.9827043414115906,0.00810752809047699,0.0401611328125,1.5949339866638184
553,1132544,507,0.4529933869838715,11.63,286,-0.011554351076483727,0.0641079843044281,0.9609846472740173,0.005852503702044487,0.037841796875,1.6560475826263428
554,1134592,507,0.561059502363205,10.16,296,-0.013367434032261372,0.06411207467317581,0.9670078754425049,0.00842909887433052,0.058349609375,1.732504963874817
555,1136640,507,0.4437520670890808,10.09,291,-0.016993558034300804,0.06535159051418304,0.9584887027740479,0.006210821680724621,0.039794921875,1.7304176092147827
556,1138688,506,0.5116842979192734,10.24,306,-0.008809272199869156,0.06734627485275269,0.9728317260742188,0.002974847797304392,0.0484619140625,1.6967499256134033
557,1140736,507,0.42317190289497375,10.56,302,-0.006307478994131088,0.06567282974720001,0.9892293214797974,0.006721042096614838,0.0599365234375,1.6353415250778198
558,1142784,507,0.3943173563480377,10.54,301,-0.011669776402413845,0.06485261023044586,0.9778029918670654,0.00615236721932888,0.0400390625,1.6983973979949951
559,1144832,507,0.5113867753744126,10.83,287,-0.01821405254304409,0.061176251620054245,1.0675376653671265,0.005492978263646364,0.04541015625,1.631521463394165
560,1146880,507,0.5221900826692581,10.41,294,-0.008498969487845898,0.06667532026767731,0.9414015412330627,0.010018326342105865,0.047607421875,1.6407876014709473
561,1148928,507,0.5213570255041122,10.23,316,-0.011683473363518715,0.06301526725292206,0.9542902112007141,0.005992603022605181,0.037353515625,1.5714504718780518
562,1150976,507,0.482740495800972,9.58,298,-0.02330309897661209,0.062367089092731476,0.995130181312561,0.005273743066936731,0.0394287109375,1.6311646699905396
563,1153024,507,0.48327603220939636,9.73,301,-0.016424398869276047,0.06370098888874054,0.8805632591247559,0.00408015213906765,0.0343017578125,1.6135239601135254
564,1155072,507,0.5816396689414978,9.58,315,-0.0127602219581604,0.06702116131782532,0.9851335883140564,0.004284759517759085,0.041748046875,1.6159443855285645
565,1157120,507,0.5515057843923569,10.89,298,-0.016758926212787628,0.06108572334051132,0.9775142073631287,0.004326714668422937,0.0428466796875,1.6481937170028687
566,1159168,507,0.5121752071380615,10.23,297,-0.015837254002690315,0.06599004566669464,0.9174549579620361,0.005180763080716133,0.0355224609375,1.6212904453277588
567,1161216,507,0.45443636298179624,9.54,317,-0.014713868498802185,0.06650650501251221,0.9411721229553223,0.0056547485291957855,0.04248046875,1.6287548542022705
568,1163264,507,0.4629933887720108,10.23,301,-0.009477922692894936,0.061896540224552155,0.8439415693283081,0.00708137359470129,0.0460205078125,1.6219958066940308
569,1165312,507,0.4837966960668564,8.64,328,-0.02101932093501091,0.06914754211902618,0.8756350874900818,0.008998467586934566,0.0472412109375,1.5617530345916748
570,1167360,507,0.45410909116268156,8.34,325,-0.009346883744001389,0.06946606934070587,0.7770760655403137,0.003702673828229308,0.0460205078125,1.5984944105148315
571,1169408,507,0.51339504301548,8.17,335,-0.013212727382779121,0.07185512781143188,0.8198529481887817,0.005487154237926006,0.026611328125,1.5716814994812012
572,1171456,507,0.4540198338031769,8.55,323,-0.016305718570947647,0.06926748901605606,0.8760151863098145,0.006410685367882252,0.03125,1.5657292604446411
573,1173504,507,0.5034396708011627,8.97,311,-0.016197971999645233,0.06534293293952942,0.8984836339950562,0.005880299955606461,0.036865234375,1.5937777757644653
574,1175552,507,0.4054479330778122,9.52,316,-0.015743233263492584,0.06562094390392303,0.8479609489440918,0.007370420265942812,0.0433349609375,1.574080228805542
575,1177600,507,0.5519966959953309,9.83,321,-0.009286727756261826,0.07030437141656876,0.8278603553771973,0.004454707261174917,0.032470703125,1.5377267599105835
576,1179648,507,0.4922049593925476,9.59,316,-0.012002075091004372,0.06597555428743362,0.8381585478782654,0.004834632854908705,0.0401611328125,1.5406787395477295
577,1181696,507,0.5125768613815308,9.12,326,-0.020395945757627487,0.07134974002838135,0.753598153591156,0.00789948832243681,0.0479736328125,1.576844573020935
578,1183744,507,0.46451074242591855,8.82,330,-0.014026356860995293,0.07208482176065445,0.7347395420074463,0.007819321006536484,0.04150390625,1.6001219749450684
579,1185792,507,0.473469420671463,8.42,340,-0.012625467032194138,0.07166528701782227,0.755111575126648,0.0041089849546551704,0.0322265625,1.6150338649749756
580,1187840,507,0.5026363623142243,8.83,341,-0.006376904435455799,0.07220706343650818,0.6930198669433594,0.005419591907411814,0.0240478515625,1.6602038145065308
581,1189888,507,0.5038413226604461,8.02,347,-0.00856655091047287,0.07065976411104202,0.7311597466468811,0.006035474594682455,0.026123046875,1.6258347034454346
582,1191936,507,0.48422809898853303,7.99,332,-0.014772793278098106,0.07079961895942688,0.7638353705406189,0.004513319581747055,0.0352783203125,1.6608710289001465
583,1193984,508,0.4544363659620285,7.98,350,-0.005626128986477852,0.07564112544059753,0.727450430393219,0.005075301043689251,0.045654296875,1.6604337692260742
584,1196032,508,0.5029190081357956,8.97,331,-0.01860683225095272,0.07273945212364197,0.8381783366203308,0.005734678357839584,0.0401611328125,1.6309106349945068
585,1198080,508,0.3856413233280182,8.06,340,-0.01006375439465046,0.07352207601070404,0.7171251773834229,0.002861172892153263,0.029296875,1.664036512374878
586,1200128,508,0.5725322300195694,8.67,331,-0.008227500133216381,0.07358770072460175,0.6406360864639282,0.0034983709920197725,0.0478515625,1.6614127159118652
587,1202176,508,0.4941685962677002,8.04,348,-0.012965144589543343,0.07503602653741837,0.7350736260414124,0.0037389507051557302,0.02734375,1.6618402004241943
588,1204224,508,0.6028595054149628,7.73,353,-0.00906955823302269,0.07544679939746857,0.7364910244941711,0.0033355909399688244,0.03759765625,1.7133867740631104
589,1206272,508,0.4536925631761551,9.23,323,-0.010570810176432133,0.07110777497291565,0.8113325238227844,0.0032388006802648306,0.03125,1.6366469860076904
590,1208320,508,0.6108214837312699,9.58,324,-0.010690459981560707,0.06728971749544144,0.8077788352966309,0.004508385434746742,0.0379638671875,1.700777292251587
591,1210368,508,0.49266611635684965,9.86,321,-0.012434625998139381,0.07072419673204422,0.8211438655853271,0.006465805694460869,0.04345703125,1.6451301574707031
592,1212416,508,0.492740495800972,9.28,336,-0.007953779771924019,0.07425336539745331,0.8225940465927124,0.004745332524180412,0.0379638671875,1.7055422067642212
593,1214464,508,0.558947108387947,11.29,300,-0.021453091874718666,0.06306802481412888,0.8904688954353333,0.005512425675988197,0.050048828125,1.7024667263031006
594,1216512,508,0.41321653008461,9.74,309,-0.009524321183562279,0.06696601957082748,0.8566325902938843,0.006713816896080971,0.0546875,1.7256555557250977
595,1218560,508,0.48357355535030366,9.35,320,-0.003228379413485527,0.0706181600689888,0.845076858997345,0.006433782167732716,0.02685546875,1.7615959644317627
596,1220608,508,0.5132016545534134,9.25,326,-0.002829328179359436,0.07371869683265686,0.7161466479301453,0.006290751975029707,0.0513916015625,1.7505106925964355
597,1222656,508,0.5135586792230606,8.74,345,-0.004304477944970131,0.07533378899097443,0.7008614540100098,0.008089898154139519,0.0458984375,1.6974892616271973
598,1224704,508,0.4943619841337204,7.84,352,-0.00946553610265255,0.07551763951778412,0.7827868461608887,0.005747407674789429,0.033203125,1.6203572750091553
599,1226752,508,0.5028000009059906,9.06,327,-0.008447764441370964,0.06670355796813965,0.758040726184845,0.003933108411729336,0.0325927734375,1.71864914894104
600,1228800,508,0.45385619878768924,8.98,325,-0.016656896099448204,0.07035999000072479,0.7789134383201599,0.004159640055149794,0.026123046875,1.718619465827942
601,1230848,508,0.49416859447956085,8.22,319,-0.012859083712100983,0.0667024627327919,0.8646288514137268,0.00743170315399766,0.0428466796875,1.6672481298446655
602,1232896,508,0.5601669418811798,11.68,301,-0.021420307457447052,0.06295868754386902,0.8354887366294861,0.009048150852322578,0.0440673828125,1.6917724609375
603,1234944,508,0.5230826461315154,8.43,327,-0.004929710179567337,0.07251419126987457,0.8190597295761108,0.004810696002095938,0.0294189453125,1.6908133029937744
604,1236992,508,0.3751057875156403,8.95,334,-0.00880554597824812,0.06865306198596954,0.8280762434005737,0.005952340550720692,0.037109375,1.6911301612854004
605,1239040,508,0.4431123965978622,10.69,308,-0.017242195084691048,0.06702893227338791,0.9014434814453125,0.004317086189985275,0.0482177734375,1.6922868490219116
606,1241088,508,0.43394545912742616,9.66,317,-0.011007322929799557,0.06654921919107437,0.86126708984375,0.008855846710503101,0.0389404296875,1.6720914840698242
607,1243136,508,0.49361818373203276,9.67,324,-0.017406074330210686,0.0704251378774643,0.8866504430770874,0.006592721678316593,0.0391845703125,1.6944013833999634
608,1245184,508,0.5026066130399705,8.79,337,-0.01588594540953636,0.06810437142848969,0.8404446244239807,0.0059375884011387825,0.0340576171875,1.6835439205169678
609,1247232,508,0.5822347104549408,8.99,330,-0.002180658280849457,0.07340545952320099,0.7829763293266296,0.0048313685692846775,0.03369140625,1.7100727558135986
610,1249280,508,0.5428148782253266,9.28,311,-0.0011402321979403496,0.06752872467041016,0.7430640459060669,0.0064050969667732716,0.0335693359375,1.7157384157180786
611,1251328,508,0.5534545475244522,8.75,330,-0.02015194110572338,0.06638062745332718,0.8925001621246338,0.005479184444993734,0.0404052734375,1.7315402030944824
612,1253376,508,0.5136628079414368,8.23,315,-0.008343148976564407,0.06535158306360245,0.7819622755050659,0.007424988318234682,0.038330078125,1.7410004138946533
613,1255424,508,0.38515041530132293,8.12,343,-0.009950429201126099,0.0741962417960167,0.7656452655792236,0.00427982397377491,0.029052734375,1.8428630828857422
614,1257472,508,0.42406446635723116,10.29,314,-0.013045448809862137,0.06089526414871216,0.7836279273033142,0.006552192382514477,0.0260009765625,1.8154139518737793
615,1259520,508,0.49338016510009763,9.01,327,-0.007838364690542221,0.07044903934001923,0.7807000875473022,0.004987203981727362,0.0479736328125,1.8709347248077393
616,1261568,508,0.5036925649642945,8.69,327,-0.010909823700785637,0.07141369581222534,0.7451794147491455,0.004381238482892513,0.0313720703125,1.8943638801574707
617,1263616,508,0.44452562034130094,8.2,346,-0.01187777891755104,0.07030429691076279,0.7436093688011169,0.002708050888031721,0.0286865234375,1.8918322324752808
618,1265664,508,0.5323239636421203,9.47,345,-0.0011810772120952606,0.07343704998493195,0.7425639629364014,0.011870283633470535,0.054443359375,1.9075961112976074
619,1267712,508,0.47434710800647734,8.43,337,-0.0111465435475111,0.06967248767614365,0.7766433954238892,0.006591955199837685,0.033935546875,1.8400530815124512
620,1269760,508,0.6122644674777985,8.11,344,-0.0106104277074337,0.07293795794248581,0.7301841378211975,0.0030976117122918367,0.0350341796875,1.8913543224334717
621,1271808,508,0.5032909095287323,9.15,345,-0.011806447990238667,0.07607875019311905,0.7528564929962158,0.004337453283369541,0.0418701171875,1.863205909729004
622,1273856,508,0.4041983485221863,9.67,326,-0.0031892359256744385,0.06920407712459564,0.8316159248352051,0.0033620805479586124,0.0286865234375,1.8682196140289307
623,1275904,508,0.43421322345733643,8.69,335,-0.008154167793691158,0.0744621604681015,0.7734513282775879,0.004711596295237541,0.0308837890625,1.8790020942687988
624,1277952,508,0.5626066130399704,9.01,339,-0.01626117341220379,0.07207535952329636,0.7926778793334961,0.005846315063536167,0.0357666015625,1.9457316398620605
625,1280000,508,0.44354380428791046,9.51,315,-0.015377242118120193,0.06707514822483063,0.7621918320655823,0.006702526938170195,0.0443115234375,1.9385243654251099
626,1282048,508,0.42442148506641386,8.52,336,-0.011076163500547409,0.06976768374443054,0.770905613899231,0.0049014948308467865,0.03125,1.9180123805999756
627,1284096,508,0.4247933888435364,7.74,337,-0.014277083799242973,0.07221610099077225,0.7666196823120117,0.003323032520711422,0.0299072265625,1.8978626728057861
628,1286144,508,0.5229636400938034,9.34,326,-0.006965364329516888,0.07355811446905136,0.8126915693283081,0.003466255497187376,0.03076171875,1.9131165742874146
629,1288192,508,0.4741983467340469,8.16,350,-0.0014615915715694427,0.07167279720306396,0.7709407210350037,0.004597353283315897,0.033935546875,1.9409929513931274
630,1290240,508,0.5237223148345947,8.29,342,-0.008906186558306217,0.07135123014450073,0.7991481423377991,0.004900839179754257,0.0404052734375,1.8929250240325928
631,1292288,508,0.43430248022079465,8.59,335,-0.01869545876979828,0.06600229442119598,0.786431074142456,0.010956508107483387,0.0582275390625,1.887811541557312
632,1294336,508,0.5338710761070251,8.55,329,-0.009830573573708534,0.06764281541109085,0.8436455130577087,0.004035238176584244,0.02587890625,1.899160623550415
633,1296384,508,0.5338115710020065,8.29,331,-0.01113961637020111,0.07033883035182953,0.8223509788513184,0.00435966532677412,0.0301513671875,1.9244877099990845
634,1298432,508,0.5624578535556793,8.52,333,-0.007147902622818947,0.07135827094316483,0.8096585273742676,0.00559686915948987,0.0380859375,1.9862146377563477
635,1300480,509,0.45375206768512727,9.35,318,-0.01259535737335682,0.07077054679393768,0.7869687676429749,0.0044613988138735294,0.037109375,2.0279390811920166
636,1302528,509,0.48387107491493225,9.18,329,-0.012595148757100105,0.06950397789478302,0.833375871181488,0.0064269304275512695,0.02392578125,2.0379750728607178
637,1304576,509,0.4537818193435669,8.91,328,-0.015903953462839127,0.06766048073768616,0.7636359930038452,0.0052053299732506275,0.04150390625,2.050736904144287
638,1306624,509,0.5027702468633651,8.67,343,-0.0033704284578561783,0.07181823998689651,0.7809612154960632,0.004131919238716364,0.034423828125,1.9753942489624023
639,1308672,509,0.5421157044172287,9.39,328,-0.020021775737404823,0.0669684186577797,0.7998315095901489,0.005179061554372311,0.031982421875,1.9919073581695557
640,1310720,509,0.45308264493942263,9.84,320,-0.0031024962663650513,0.06807049363851547,0.8089015483856201,0.005801589693874121,0.0439453125,2.041887044906616
641,1312768,509,0.4741090893745422,8.73,332,-0.011254576966166496,0.07558182626962662,0.7960107922554016,0.004052614793181419,0.032470703125,2.0226826667785645
642,1314816,509,0.5022942173480988,9.66,326,-0.010591370984911919,0.06664525717496872,0.7683855891227722,0.005102707538753748,0.032958984375,2.039417266845703
643,1316864,509,0.4543322312831879,7.88,344,-0.01169818826019764,0.07165063917636871,0.7505003213882446,0.006095640826970339,0.0296630859375,2.0129921436309814
644,1318912,509,0.523276035785675,8.61,331,-0.014500523917376995,0.07096241414546967,0.7614177465438843,0.003536860691383481,0.0252685546875,2.055389881134033
645,1320960,509,0.49358843088150023,9.58,316,-0.014937113970518112,0.06981002539396286,0.7855535745620728,0.0077871885150671005,0.0301513671875,1.999281883239746
646,1323008,509,0.385641320347786,7.82,346,-0.009724549017846584,0.07720370590686798,0.739683210849762,0.0022374792024493217,0.02392578125,2.0345094203948975
647,1325056,509,0.5133504146337509,8.61,331,-0.01283505279570818,0.0678713321685791,0.7492910623550415,0.00442002946510911,0.0341796875,2.0669660568237305
648,1327104,509,0.5538413244485855,7.49,341,-0.012595968320965767,0.07487183064222336,0.7940254211425781,0.004897342063486576,0.0272216796875,1.986007809638977
649,1329152,509,0.46455537140369413,9.02,326,-0.010790902189910412,0.06743169575929642,0.8392710089683533,0.004435515031218529,0.031494140625,1.982308268547058
650,1331200,509,0.4634247952699661,8.31,336,-0.0138581283390522,0.06885915994644165,0.8012864589691162,0.005897126160562038,0.041259765625,1.906662940979004
651,1333248,509,0.49348430037498475,9.38,322,-0.006279086694121361,0.06696955114603043,0.8391330242156982,0.004537664353847504,0.0302734375,1.8954968452453613
652,1335296,509,0.5140198373794556,9.13,335,-0.010344548150897026,0.07003043591976166,0.7522704005241394,0.005929567385464907,0.037353515625,1.9354668855667114
653,1337344,509,0.48451074182987214,8.26,347,-0.010454365983605385,0.07624531537294388,0.6785376667976379,0.0039619943127036095,0.029541015625,1.9591076374053955
654,1339392,509,0.4935884290933609,8.76,334,-0.011372815817594528,0.07069568336009979,0.7175354957580566,0.0041304887272417545,0.041259765625,1.9946730136871338
655,1341440,509,0.433945454955101,8.74,340,-0.008775440976023674,0.07516822218894958,0.7270824909210205,0.0033004521392285824,0.0286865234375,1.9965697526931763
656,1343488,509,0.621014878153801,9.43,334,-0.014857195317745209,0.07307881116867065,0.7181418538093567,0.006762987934052944,0.0338134765625,1.9787153005599976
657,1345536,509,0.5226661157608032,8.47,324,-0.007308644242584705,0.06656152009963989,0.7635920643806458,0.005660641938447952,0.0274658203125,2.0401883125305176
658,1347584,509,0.5038413208723068,8.37,340,-0.014507846906781197,0.06601228564977646,0.7751556634902954,0.003806168446317315,0.0328369140625,1.9372532367706299
659,1349632,509,0.42503140568733216,8.28,349,-0.016860684379935265,0.0777439996600151,0.7732138633728027,0.007542791776359081,0.0372314453125,1.9875597953796387
660,1351680,509,0.5032760334014893,8.34,338,-0.005613035522401333,0.0706460252404213,0.7371262907981873,0.002991784131154418,0.032470703125,1.978614330291748
661,1353728,509,0.4844066113233566,8.48,323,-0.009557420387864113,0.06583547592163086,0.8205385804176331,0.004412834998220205,0.0263671875,2.002218008041382
662,1355776,509,0.5824429762363433,9.6,322,-0.008440745994448662,0.07065697014331818,0.8228376507759094,0.006328663323074579,0.0242919921875,1.980072021484375
663,1357824,509,0.45407933950424195,8.65,334,-0.008669130504131317,0.07094530016183853,0.7548204660415649,0.005206163041293621,0.0303955078125,2.0914957523345947
664,1359872,509,0.4529785144329071,9.68,331,-0.010519098490476608,0.07179231941699982,0.7616082429885864,0.003115191590040922,0.0360107421875,2.088378429412842
665,1361920,509,0.4228446298837662,10.27,303,-0.015369325876235962,0.06629123538732529,0.8111341595649719,0.0028668271843343973,0.0458984375,2.126511335372925
666,1363968,509,0.46415372133255006,8.34,332,-0.013097666203975677,0.07066673040390015,0.654093861579895,0.005792809650301933,0.0501708984375,2.2072603702545166
667,1366016,509,0.42394545376300813,9.66,330,-0.008539021015167236,0.07494857907295227,0.7055049538612366,0.003409587312489748,0.03369140625,2.234994888305664
668,1368064,509,0.43494214594364167,8.7,337,-0.007426455616950989,0.06934358924627304,0.7137045860290527,0.00440079253166914,0.04150390625,2.2029740810394287
669,1370112,509,0.5235438019037246,8.42,340,-0.009955951943993568,0.0753004252910614,0.6955429911613464,0.004234982654452324,0.03466796875,2.127196788787842
670,1372160,509,0.5131719011068344,8.21,337,-0.011221621185541153,0.0716293677687645,0.7016211748123169,0.005980507470667362,0.036865234375,2.193209171295166
671,1374208,509,0.5928446280956269,7.97,340,-0.010336281731724739,0.07166098058223724,0.728690505027771,0.004083569627255201,0.0330810546875,2.1681277751922607
672,1376256,509,0.4630231416225433,9.62,316,-0.006439538672566414,0.0677960216999054,0.7334210872650146,0.005237792618572712,0.034912109375,2.1509580612182617
673,1378304,509,0.5826214897632599,9.76,318,-0.0095308106392622,0.06458613276481628,0.7895651459693909,0.00626837182790041,0.0386962890625,2.173048973083496
674,1380352,509,0.44376694202423095,8.92,338,-0.01296446193009615,0.07518277317285538,0.670555055141449,0.004277500323951244,0.0404052734375,2.225836992263794
675,1382400,509,0.4832016545534134,9.0,341,-0.0007041245698928833,0.07336817681789398,0.7856403589248657,0.006547518074512482,0.0272216796875,2.222198486328125
676,1384448,509,0.5229487591981887,8.37,341,-0.009538527578115463,0.06821298599243164,0.7107138633728027,0.004790229257196188,0.0281982421875,2.2749691009521484
677,1386496,509,0.4346297544240951,9.06,330,-0.015932131558656693,0.06791958957910538,0.7640410661697388,0.005079028662294149,0.0279541015625,2.190927267074585
678,1388544,509,0.5528892570734024,7.82,353,-0.01542500127106905,0.07398074865341187,0.8188595771789551,0.004629334434866905,0.026611328125,2.193925142288208
679,1390592,509,0.5139603281021118,8.29,335,-0.01764855347573757,0.07143193483352661,0.676040530204773,0.003851809073239565,0.0435791015625,2.3035199642181396
680,1392640,509,0.4737371897697449,8.34,334,-0.0004886938259005547,0.0690784826874733,0.7355679273605347,0.004518630914390087,0.0296630859375,2.3749327659606934
681,1394688,509,0.4246743792295456,8.64,331,-0.016636088490486145,0.06771346181631088,0.788339376449585,0.004707896616309881,0.0430908203125,2.347882032394409
682,1396736,509,0.494406613111496,8.66,334,-0.0029180815909057856,0.07147470116615295,0.8194357752799988,0.00433376245200634,0.031005859375,2.322537422180176
683,1398784,509,0.4839603298902512,8.28,353,-0.006992624141275883,0.07353200763463974,0.750102162361145,0.0020132591016590595,0.0281982421875,2.2983956336975098
684,1400832,509,0.474228098988533,7.6,342,-0.010452351532876492,0.07514164596796036,0.7510231733322144,0.003180143656209111,0.021240234375,2.2119319438934326
685,1402880,509,0.44407933712005615,9.05,337,-0.009533394128084183,0.07210762053728104,0.7680536508560181,0.0035550531465560198,0.0294189453125,2.2953591346740723
686,1404928,508,0.5222644621133804,8.98,326,-0.012753473594784737,0.0664171576499939,0.8378840684890747,0.006212747190147638,0.0479736328125,2.2788662910461426
687,1406976,508,0.5424132239818573,9.06,324,-0.01750996708869934,0.07099826633930206,0.7843310236930847,0.0066193388774991035,0.0477294921875,2.2619664669036865
688,1409024,509,0.43480826437473297,7.86,341,-0.014577575027942657,0.07016903907060623,0.8266022205352783,0.0030516639817506075,0.024658203125,2.353865146636963
689,1411072,509,0.4933950424194336,9.23,318,-0.015474822372198105,0.0692087784409523,0.8908268213272095,0.0062551675364375114,0.04638671875,2.424051523208618
690,1413120,509,0.5026512414216995,8.87,336,-0.010866809636354446,0.07423514127731323,0.8001686334609985,0.0033609347883611917,0.044921875,2.420461416244507
691,1415168,509,0.49308264553546904,9.1,319,-0.010160911828279495,0.07023435086011887,0.8534268140792847,0.00426966417580843,0.0321044921875,2.502779245376587
692,1417216,509,0.5328743809461594,9.02,319,-0.018051598221063614,0.07039405405521393,0.9084531664848328,0.004636438563466072,0.0411376953125,2.539081573486328
693,1419264,509,0.41306777000427247,10.21,298,-0.020296607166528702,0.06551952660083771,0.8920605778694153,0.0071472832933068275,0.0433349609375,2.4922287464141846
694,1421312,509,0.4840793365240097,8.56,325,-0.0022817719727754593,0.07022112607955933,0.8187381625175476,0.005865023471415043,0.0457763671875,2.598629951477051
695,1423360,509,0.5917884314060211,9.46,325,-0.009755471721291542,0.06694306433200836,0.7949825525283813,0.005464921705424786,0.0428466796875,2.6167378425598145
696,1425408,509,0.44306776762008665,9.09,321,-0.016220776364207268,0.0662255808711052,0.7895331978797913,0.004383247345685959,0.0447998046875,2.5197713375091553
697,1427456,509,0.5030826455354691,8.91,331,-0.011503664776682854,0.07228879630565643,0.7566038966178894,0.007677639834582806,0.0445556640625,2.508046865463257
698,1429504,509,0.49297851383686064,8.98,325,-0.010568840429186821,0.07040814310312271,0.8105862140655518,0.007040380500257015,0.03369140625,2.5334596633911133
699,1431552,509,0.43467437744140625,8.17,339,-0.010587790980935097,0.07251138240098953,0.733579695224762,0.003151630749925971,0.0296630859375,2.473971366882324
700,1433600,509,0.4643322330713272,8.49,338,-0.014275220222771168,0.07425625622272491,0.7696729302406311,0.005175367929041386,0.041259765625,2.474884510040283
701,1435648,509,0.4937818187475205,8.09,344,-0.01530909538269043,0.07153002172708511,0.7628582119941711,0.006043009459972382,0.050048828125,2.3978898525238037
702,1437696,509,0.5235884290933609,7.99,349,-0.005746778566390276,0.07058125734329224,0.7993499636650085,0.00392290111631155,0.0384521484375,2.367062568664551
703,1439744,509,0.4927702474594116,8.74,333,-0.00859220139682293,0.07335925102233887,0.7956520318984985,0.0029038055799901485,0.025146484375,2.392138957977295
704,1441792,509,0.5234991723299026,8.87,348,-0.005858985707163811,0.0730014517903328,0.7500749826431274,0.006230922415852547,0.03857421875,2.4228463172912598
705,1443840,509,0.47312726974487307,8.69,337,-0.004125789739191532,0.07437555491924286,0.7081043124198914,0.0037414839025586843,0.032958984375,2.431429624557495
706,1445888,509,0.38512066066265105,8.49,338,-0.010487927123904228,0.07087703049182892,0.764643132686615,0.004435492213815451,0.036865234375,2.37701153755188
707,1447936,509,0.47412396550178526,8.0,348,-0.006374580319970846,0.07258886843919754,0.8357387185096741,0.006548280827701092,0.02978515625,2.3831446170806885
708,1449984,509,0.48385619938373564,8.34,347,-0.012029171921312809,0.0777457058429718,0.7426173090934753,0.006666972767561674,0.0328369140625,2.488469123840332
709,1452032,509,0.46462975025177,8.35,346,-0.013976790010929108,0.07230935990810394,0.7290410399436951,0.005054782144725323,0.0233154296875,2.536133050918579
710,1454080,509,0.4149867749214172,8.52,336,-0.009886667132377625,0.07148422300815582,0.7768975496292114,0.0038942969404160976,0.0260009765625,2.4980545043945312
711,1456128,509,0.6320859491825104,8.47,321,-0.009413748979568481,0.06706169992685318,0.8082841634750366,0.0055147456005215645,0.03955078125,2.589667797088623
712,1458176,509,0.4251950430870056,8.17,339,-0.008945079520344734,0.06945972144603729,0.7699903249740601,0.003881662618368864,0.028076171875,2.5537774562835693
713,1460224,509,0.5036628097295761,8.44,338,-0.012190522626042366,0.06951554119586945,0.8133748769760132,0.004466854967176914,0.0406494140625,2.4920125007629395
714,1462272,509,0.5235289263725281,8.55,332,-0.01118442416191101,0.0707278847694397,0.8174179792404175,0.004166499711573124,0.02734375,2.5665464401245117
715,1464320,509,0.5135289263725281,8.56,338,-0.0040639061480760574,0.07059559226036072,0.8788943290710449,0.004935562610626221,0.0455322265625,2.592402458190918
716,1466368,509,0.4236330580711365,9.88,311,-0.012221821583807468,0.0657336413860321,0.8368988037109375,0.004248707089573145,0.037109375,2.6835906505584717
717,1468416,509,0.4738264465332031,8.49,336,-0.005319387651979923,0.07577166706323624,0.7545483112335205,0.004887216724455357,0.0301513671875,2.716430187225342
718,1470464,509,0.44412396669387816,9.1,325,-0.01049846038222313,0.06949563324451447,0.8507992029190063,0.004693786147981882,0.0330810546875,2.7171289920806885
719,1472512,509,0.5031421500444412,9.71,321,-0.011760265566408634,0.06917623430490494,0.8191092610359192,0.004491762258112431,0.0401611328125,2.658342123031616
720,1474560,509,0.45397520780563355,9.01,330,-0.020024498924613,0.07219734787940979,0.7930506467819214,0.006180393509566784,0.037841796875,2.7972564697265625
721,1476608,509,0.5031570255756378,8.57,339,-0.007913477718830109,0.07421476393938065,0.8136038184165955,0.005975008010864258,0.0469970703125,2.734100341796875
722,1478656,509,0.5117438024282456,10.03,315,-0.006155258044600487,0.07229303568601608,0.8181020021438599,0.0041538747027516365,0.027099609375,2.7828502655029297
723,1480704,509,0.4643024808168411,8.13,334,-0.0054190196096897125,0.07676581293344498,0.8441009521484375,0.004472530912607908,0.022705078125,2.6763405799865723
724,1482752,510,0.46361818313598635,8.85,324,-0.013268940150737762,0.06722333282232285,0.8165323734283447,0.006907171569764614,0.049072265625,2.7449913024902344
725,1484800,510,0.5339454543590546,8.09,345,-0.013645531609654427,0.07597259432077408,0.8451594710350037,0.005524777341634035,0.0308837890625,2.6566624641418457
726,1486848,510,0.392651242017746,9.92,337,-0.012132888659834862,0.06878233700990677,0.7944391369819641,0.006929212715476751,0.0360107421875,2.753563404083252
727,1488896,510,0.4841834706068039,8.0,342,-0.014930681325495243,0.06917013227939606,0.8179453015327454,0.003909910097718239,0.031982421875,2.709987163543701
728,1490944,510,0.4444363611936569,9.51,320,-0.014772087335586548,0.06992325186729431,0.7427186369895935,0.004763881675899029,0.04296875,2.825137138366699
729,1492992,510,0.5232462817430497,8.38,351,-0.010393157601356506,0.0751798078417778,0.7716101408004761,0.003992360085248947,0.026611328125,2.7751364707946777
730,1495040,510,0.41455536961555484,9.63,319,-0.013839902356266975,0.07006502896547318,0.8500122427940369,0.00469343364238739,0.0267333984375,2.7864830493927
731,1497088,510,0.5807619804143905,9.5,312,-0.010102875530719757,0.06832413375377655,0.9066751599311829,0.004368378780782223,0.0325927734375,2.7675204277038574
732,1499136,510,0.5025173556804657,8.95,315,-0.009832419455051422,0.06949357688426971,0.9173142910003662,0.006684247404336929,0.0428466796875,2.7386937141418457
733,1501184,510,0.46348429918289186,9.31,324,-0.015628233551979065,0.06945643573999405,0.8730330467224121,0.005824357736855745,0.037109375,2.8158679008483887
734,1503232,510,0.36526942074298857,8.97,332,-0.00958377867937088,0.07330931723117828,0.8478753566741943,0.002698559546843171,0.023681640625,2.86209774017334
735,1505280,510,0.5232760316133499,8.29,335,-0.0164865180850029,0.06854507327079773,0.8983359336853027,0.006322214379906654,0.0460205078125,2.833852767944336
736,1507328,510,0.4924132251739502,9.5,325,-0.014201171696186066,0.06947872787714005,0.8181160688400269,0.0024900531861931086,0.021240234375,2.8767786026000977
737,1509376,510,0.483945454955101,9.17,326,-0.0089194905012846,0.0721990317106247,0.8479266166687012,0.00454630795866251,0.0362548828125,2.8598475456237793
738,1511424,510,0.493499174118042,8.88,323,-0.009584586136043072,0.07038520276546478,0.8229331970214844,0.006388415582478046,0.0411376953125,2.9012179374694824
739,1513472,510,0.5532314056158065,8.23,337,-0.005991295445710421,0.07305952906608582,0.7949561476707458,0.00404947018250823,0.0335693359375,3.0107007026672363
740,1515520,510,0.5233057856559753,8.47,334,-0.00848807580769062,0.07356006652116776,0.8379161357879639,0.002680279314517975,0.0216064453125,2.9492592811584473
741,1517568,510,0.4936925649642944,8.29,340,-0.010992360301315784,0.07631285488605499,0.8221135139465332,0.0036183809861540794,0.0279541015625,2.9241995811462402
742,1519616,510,0.3845851242542267,9.59,319,-0.007129424251616001,0.0667652040719986,0.8757640719413757,0.00482069281861186,0.0360107421875,3.0257952213287354
743,1521664,510,0.5232462805509567,8.6,342,-0.010856451466679573,0.07191828638315201,0.835452675819397,0.003949426114559174,0.0277099609375,2.937873125076294
744,1523712,510,0.513618181347847,8.46,338,-0.00878981128334999,0.07352753728628159,0.866470992565155,0.004045473877340555,0.0321044921875,2.933474540710449
745,1525760,510,0.5124876040220261,9.52,323,-0.008642548695206642,0.07236035913228989,0.8900682926177979,0.00542612187564373,0.0250244140625,2.922062873840332
746,1527808,510,0.4633652883768082,10.44,325,-0.003847094252705574,0.07165949046611786,0.922081708908081,0.004706155974417925,0.0345458984375,2.960784912109375
747,1529856,510,0.5221752071380615,9.63,317,-0.013865215703845024,0.07058645039796829,0.9608317613601685,0.007281924597918987,0.04736328125,2.9753756523132324
748,1531904,510,0.4330380165576935,9.42,316,-0.012783244252204895,0.06982577592134476,1.0261082649230957,0.006952990777790546,0.03515625,3.0045740604400635
749,1533952,510,0.5315057861804963,9.83,313,-0.011929999105632305,0.0658903494477272,1.0389045476913452,0.00403227936476469,0.038330078125,3.057143211364746
750,1536000,510,0.48171405017375946,11.75,289,0.0034541802015155554,0.06223175302147865,1.0890206098556519,0.004904051311314106,0.030029296875,3.1153416633605957
751,1538048,510,0.5404495871067048,10.91,294,-0.015281242318451405,0.06650733947753906,1.0969067811965942,0.008058188483119011,0.0584716796875,3.0312509536743164
752,1540096,510,0.46113388299942015,12.03,275,-0.014997673220932484,0.06093217805027962,1.1731075048446655,0.005827183835208416,0.0380859375,3.111466646194458
753,1542144,510,0.37302313923835756,12.54,275,-0.005285683088004589,0.062414925545454025,1.2147048711776733,0.0058488138020038605,0.0455322265625,3.096090316772461
754,1544192,510,0.5101074373722077,12.29,277,-0.019202934578061104,0.060257334262132645,1.1533992290496826,0.0052270228043198586,0.025634765625,3.098332405090332
755,1546240,510,0.571089255809784,10.23,296,-0.008763316087424755,0.06173987314105034,1.139601469039917,0.005118218250572681,0.04248046875,3.055657386779785
756,1548288,510,0.47198181807994843,10.61,295,-0.004807356745004654,0.06248503178358078,1.1344389915466309,0.0026948871091008186,0.0233154296875,3.2358827590942383
757,1550336,510,0.5501669389009476,11.32,287,-0.0051467642188072205,0.06020215153694153,1.0890226364135742,0.007564497645944357,0.0565185546875,3.161149024963379
758,1552384,510,0.5708363628387452,10.39,295,-0.0190071240067482,0.06843330711126328,1.00797438621521,0.008028517477214336,0.0355224609375,3.157346487045288
759,1554432,511,0.44125289380550387,11.05,300,-0.003366977907717228,0.06382594257593155,1.0764847993850708,0.0038772684056311846,0.0313720703125,3.0724868774414062
760,1556480,511,0.4427256190776825,10.81,279,-0.010767580941319466,0.06452938169240952,1.0373289585113525,0.003709150943905115,0.026611328125,3.114387035369873
761,1558528,511,0.4828297525644302,10.64,292,-0.013126568868756294,0.0635886862874031,1.0237841606140137,0.0074492087587714195,0.0458984375,3.058765411376953
762,1560576,511,0.5711190098524094,10.47,308,-0.00957123376429081,0.0680992528796196,0.9800066351890564,0.004252477549016476,0.0250244140625,3.1301708221435547
763,1562624,511,0.4721603286266327,10.06,302,-0.015321372076869011,0.06514887511730194,1.0189483165740967,0.008170437067747116,0.0443115234375,3.0216095447540283
764,1564672,511,0.4634991723299027,8.92,322,-0.008892767131328583,0.07173170149326324,0.9020363092422485,0.004458409734070301,0.037109375,2.9977049827575684
765,1566720,511,0.4728148776292801,10.2,301,-0.010470687411725521,0.064320869743824,1.0330973863601685,0.004163749516010284,0.039306640625,3.1060242652893066
766,1568768,511,0.4727107459306717,11.53,283,-0.013663528487086296,0.058249425143003464,0.9967518448829651,0.006473107263445854,0.0576171875,3.0698513984680176
767,1570816,511,0.45354380130767824,10.46,284,-0.01666250079870224,0.061692941933870316,0.9996566772460938,0.005895304959267378,0.039306640625,3.0645008087158203
768,1572864,511,0.48997355699539186,11.9,302,-0.006912551820278168,0.06508445739746094,1.0098512172698975,0.0050273495726287365,0.03369140625,3.0378241539001465
769,1574912,511,0.4717586767673492,9.67,314,-0.007384300231933594,0.06501245498657227,0.9654577374458313,0.0058275372721254826,0.03759765625,3.0092644691467285
770,1576960,511,0.4433801645040512,10.07,303,-0.011881750077009201,0.06350500136613846,0.8960615992546082,0.004591566976159811,0.031982421875,3.140486240386963
771,1579008,511,0.5033206617832184,8.69,325,-0.010430784896016121,0.07074296474456787,0.9231930375099182,0.005194308236241341,0.0386962890625,3.043400526046753
772,1581056,511,0.46281487703323365,9.55,310,-0.01144581288099289,0.06645364314317703,1.0492075681686401,0.005995406769216061,0.035400390625,3.0604798793792725
773,1583104,511,0.4617586767673492,10.86,295,-0.004506250843405724,0.06032231077551842,1.0277152061462402,0.0035410174168646336,0.0341796875,3.0092055797576904
774,1585152,511,0.4525619822740555,10.34,281,-0.012455066666007042,0.0646033063530922,1.0516678094863892,0.0055884914472699165,0.0390625,2.9786391258239746
775,1587200,511,0.471550412774086,11.51,293,-0.006982036866247654,0.05951991304755211,1.1009116172790527,0.007133028469979763,0.051513671875,2.8824520111083984
776,1589248,511,0.4896611559391022,12.62,277,-0.01140212919563055,0.05838960409164429,1.131650447845459,0.004642676096409559,0.0291748046875,2.8289635181427
777,1591296,511,0.5213718986511231,11.03,289,-0.02015986479818821,0.06115526333451271,1.0229318141937256,0.009085727855563164,0.0352783203125,2.8941895961761475
778,1593344,511,0.5508363634347916,10.52,290,-0.009436232037842274,0.06586850434541702,1.0531917810440063,0.0071704937145113945,0.061767578125,2.914482355117798
779,1595392,511,0.4620413225889206,12.02,287,-0.008134568110108376,0.057994917035102844,1.094598650932312,0.0048081702552735806,0.0484619140625,2.8376312255859375
780,1597440,511,0.5807471090555191,10.23,297,-0.014918697997927666,0.06333432346582413,1.0933477878570557,0.006972156930714846,0.0545654296875,2.962543487548828
781,1599488,511,0.5133057856559753,9.25,293,-0.00211701518855989,0.06284401565790176,1.05167818069458,0.006123121827840805,0.035888671875,3.105973958969116
782,1601536,511,0.5117586773633956,11.11,272,-0.012221930548548698,0.05586067959666252,1.111541509628296,0.0059334225952625275,0.0313720703125,3.0196774005889893
783,1603584,511,0.5310148757696151,10.43,289,-0.015255960635840893,0.061667826026678085,1.0672564506530762,0.00515012675896287,0.0439453125,3.0491771697998047
784,1605632,511,0.521922315955162,9.96,296,-0.01838219165802002,0.06496278941631317,1.0952492952346802,0.006415834650397301,0.0364990234375,3.1027815341949463
785,1607680,511,0.39300826489925383,11.37,283,-0.01595141366124153,0.06314770877361298,1.1303962469100952,0.004881448578089476,0.0343017578125,3.043078899383545
786,1609728,511,0.5204644620418548,12.15,279,-0.012790123000741005,0.0598839707672596,1.120275616645813,0.00485810823738575,0.04541015625,3.0653746128082275
787,1611776,511,0.48152065932750704,11.16,268,-0.009843898937106133,0.050293367356061935,1.1970947980880737,0.006125284358859062,0.0435791015625,3.1015939712524414
788,1613824,511,0.5802710735797882,11.21,270,-0.012462361715734005,0.056400831788778305,1.1927398443222046,0.004373505245894194,0.0408935546875,3.0860888957977295
789,1615872,511,0.4997950404882431,12.57,269,-0.004019811749458313,0.05384863540530205,1.179239273071289,0.006270114332437515,0.0443115234375,3.1773698329925537
790,1617920,511,0.4506876015663147,11.75,266,-0.018053362146019936,0.05495039001107216,1.1725701093673706,0.005736696533858776,0.0390625,3.141573429107666
791,1619968,511,0.5593041336536407,11.96,277,-0.014024419710040092,0.056419629603624344,1.1374163627624512,0.005812416784465313,0.044677734375,3.245898962020874
792,1622016,510,0.531223139166832,11.69,266,-0.016246788203716278,0.05690263584256172,1.1959482431411743,0.005474315956234932,0.0389404296875,3.3390963077545166
793,1624064,510,0.4318330591917038,12.71,249,-0.008982416242361069,0.048979952931404114,1.2278759479522705,0.009108860045671463,0.0455322265625,3.2053585052490234
794,1626112,510,0.46286281168460847,18.82,244,-0.01121693104505539,0.0493924506008625,1.2006746530532837,0.009212154895067215,0.0460205078125,3.199091911315918
795,1628160,510,0.40235371828079225,12.95,245,-0.015446634963154793,0.04864009469747543,1.1490861177444458,0.006771283224225044,0.028076171875,3.362351179122925
796,1630208,510,0.5007471072673798,13.84,267,-0.006786582991480827,0.05739334225654602,1.1045100688934326,0.007256499491631985,0.047607421875,3.3194963932037354
797,1632256,510,0.5694975227117538,11.83,285,-0.007105248514562845,0.05982954055070877,1.050827980041504,0.0061775692738592625,0.046630859375,3.179084300994873
798,1634304,510,0.41189256131649016,12.27,261,-0.010247282683849335,0.05533912032842636,1.0616072416305542,0.00655836146324873,0.0357666015625,3.1128427982330322
799,1636352,510,0.46229421377182006,10.6,282,-0.018843874335289,0.05592123419046402,1.0545783042907715,0.006240254733711481,0.0521240234375,3.1823580265045166
800,1638400,510,0.5807471078634262,11.52,283,-0.01556418463587761,0.061223044991493225,0.9952609539031982,0.008479183539748192,0.04052734375,3.196850299835205
801,1640448,510,0.4907173544168472,11.04,277,-0.011922432109713554,0.0571095272898674,1.081125259399414,0.006644385866820812,0.0308837890625,3.1724209785461426
802,1642496,510,0.4432165312767029,11.34,263,-0.009659080766141415,0.056559327989816666,1.0802775621414185,0.004797859117388725,0.0313720703125,3.181565761566162
803,1644544,510,0.45309752225875854,11.34,272,-0.002923024818301201,0.05440331995487213,1.081455111503601,0.005733756348490715,0.0374755859375,3.1797051429748535
804,1646592,510,0.5121454536914826,11.98,268,-0.005922545678913593,0.05689620226621628,1.1142528057098389,0.006800256669521332,0.0428466796875,3.1489665508270264
805,1648640,510,0.5643504136800765,15.25,250,-0.019679373130202293,0.049222566187381744,1.0975849628448486,0.003838532604277134,0.043212890625,3.100916862487793
806,1650688,510,0.5297801655530929,13.92,246,-0.005458172410726547,0.04884335771203041,1.1239641904830933,0.007605438586324453,0.040283203125,3.140066146850586
807,1652736,510,0.4790958672761917,14.46,253,-0.0028043771162629128,0.04991259053349495,1.135440468788147,0.0070572225376963615,0.0399169921875,3.20943021774292
808,1654784,510,0.4132909107208252,9.86,296,-0.011295353062450886,0.060401543974876404,1.0675002336502075,0.004529837518930435,0.0377197265625,3.2847723960876465
809,1656832,510,0.5419669413566589,10.6,297,-0.010020285844802856,0.06536213308572769,1.0228582620620728,0.007644690573215485,0.047119140625,3.1812307834625244
810,1658880,510,0.4634694200754166,9.8,290,-0.014663550071418285,0.0622168630361557,1.0405006408691406,0.005459907464683056,0.0458984375,3.154085636138916
811,1660928,510,0.5117884278297424,10.02,299,-0.009135881438851357,0.06539493054151535,0.9847557544708252,0.0030332559254020452,0.0390625,3.1674585342407227
812,1662976,510,0.502993387579918,9.75,312,-0.009926825761795044,0.06581692397594452,1.0167367458343506,0.006767977960407734,0.028076171875,3.211750030517578
813,1665024,510,0.5710595047473908,11.33,289,-0.012299029156565666,0.06376244872808456,1.0220811367034912,0.00819806195795536,0.0355224609375,3.061124801635742
814,1667072,510,0.4430380153656006,9.91,308,-0.013262107968330383,0.06623075157403946,0.9445642232894897,0.006522335112094879,0.029541015625,3.067875385284424
815,1669120,510,0.5228148776292801,9.82,305,-0.014554386958479881,0.0659651979804039,1.0058995485305786,0.005027413368225098,0.03271484375,3.057750940322876
816,1671168,510,0.4737966936826706,10.16,301,-0.009938918054103851,0.06289351731538773,0.9597885608673096,0.003932265564799309,0.0345458984375,3.0660929679870605
817,1673216,510,0.5510595053434372,10.63,298,-0.012559765949845314,0.06721695512533188,0.9252309799194336,0.004755212925374508,0.0389404296875,3.0602569580078125
818,1675264,510,0.5039603310823441,8.26,329,-0.010952860116958618,0.0697735995054245,0.9645485877990723,0.007277616299688816,0.0426025390625,3.0518746376037598
819,1677312,510,0.5430082637071609,8.46,324,-0.011922392062842846,0.06587914377450943,0.9349942207336426,0.005264990963041782,0.03515625,3.137946844100952
820,1679360,510,0.5122793388366699,10.66,303,-0.010704044252634048,0.06666307151317596,1.0066587924957275,0.0055922167375683784,0.046630859375,3.0495784282684326
821,1681408,510,0.4625173544883728,9.98,304,-0.018391871824860573,0.06569302827119827,1.022342324256897,0.006427823565900326,0.0330810546875,3.1182785034179688
822,1683456,510,0.4533801662921906,11.52,293,-0.005963927134871483,0.06123724207282066,0.9501715898513794,0.004290394484996796,0.037109375,3.112057685852051
823,1685504,510,0.5220561975240707,10.91,287,-0.022875754162669182,0.05575583130121231,1.0240970849990845,0.008833936415612698,0.041748046875,3.017115592956543
824,1687552,510,0.4517884290218353,10.77,274,-0.017377391457557678,0.05965263769030571,1.0406039953231812,0.006975505501031876,0.0489501953125,2.981588840484619
825,1689600,510,0.5592892545461655,11.41,282,-0.019238723441958427,0.06051875278353691,1.0453211069107056,0.005343900993466377,0.037109375,3.0204412937164307
826,1691648,510,0.5508363604545593,10.24,291,-0.015080811455845833,0.059801314026117325,1.0715749263763428,0.008317803964018822,0.0379638671875,3.0574679374694824
827,1693696,510,0.4125173556804657,10.76,283,-0.015297569334506989,0.05690528824925423,1.0324008464813232,0.008323416113853455,0.0494384765625,3.0826666355133057
828,1695744,510,0.5582479345798492,11.85,279,-0.011945937760174274,0.05582075193524361,1.0665100812911987,0.006814881693571806,0.0372314453125,3.066119909286499
829,1697792,510,0.4116694223880768,11.42,280,-0.015205251052975655,0.06204467639327049,1.035131573677063,0.005047839134931564,0.0477294921875,3.0481719970703125
830,1699840,510,0.5322049576044082,10.4,299,-0.02330205962061882,0.06306616961956024,1.0244603157043457,0.004945697262883186,0.0333251953125,3.150247097015381
831,1701888,510,0.5126512396335602,9.84,302,-0.015214454382658005,0.06690488755702972,0.9994375109672546,0.004674460738897324,0.033935546875,3.275378465652466
832,1703936,510,0.44403471231460573,9.67,309,-0.006997372023761272,0.06678647547960281,0.9917103052139282,0.005368647165596485,0.0394287109375,3.159487247467041
833,1705984,510,0.5798991745710373,10.45,299,-0.008080137893557549,0.0653306096792221,1.0298278331756592,0.00980203878134489,0.04345703125,3.2627973556518555
834,1708032,510,0.44235371828079223,12.11,279,-0.008641157299280167,0.06399334222078323,1.1296274662017822,0.006524884141981602,0.0302734375,3.1171536445617676
835,1710080,510,0.4821454554796219,10.92,291,-0.010322947055101395,0.06699695438146591,1.1288679838180542,0.006418018136173487,0.04541015625,3.2112879753112793
836,1712128,510,0.45034545302391055,11.58,276,-0.01950402557849884,0.05953039228916168,1.145620584487915,0.0078464075922966,0.05712890625,3.2352352142333984
837,1714176,510,0.4710148751735687,11.61,273,-0.00476833526045084,0.06315693259239197,1.1321765184402466,0.009398004971444607,0.063232421875,3.201536178588867
838,1716224,510,0.499884295463562,12.55,267,-0.0165964774787426,0.05661588907241821,1.1432234048843384,0.007967079989612103,0.0458984375,3.2206661701202393
839,1718272,510,0.531371898651123,11.09,279,-0.01252521388232708,0.06069469824433327,1.0831369161605835,0.004482058808207512,0.033935546875,3.239274501800537
840,1720320,510,0.48903636395931244,13.64,275,-0.012189116328954697,0.06258232891559601,1.055355191230774,0.00532796885818243,0.043212890625,3.1408920288085938
841,1722368,510,0.46128264248371126,11.31,288,-0.014275927096605301,0.06532730907201767,1.0540426969528198,0.004755467176437378,0.0240478515625,3.123941421508789
842,1724416,510,0.4530231386423111,10.27,294,-0.01595332659780979,0.06224219873547554,0.9949909448623657,0.006930137053132057,0.03564453125,3.1365489959716797
843,1726464,510,0.5012082642316819,11.89,295,-0.009950388222932816,0.06535351276397705,1.121208667755127,0.006416738498955965,0.0487060546875,3.0832676887512207
844,1728512,510,0.4138859498500824,10.47,296,-0.011229939758777618,0.06785427033901215,0.9558085203170776,0.0036041035782545805,0.034423828125,3.087615728378296
845,1730560,510,0.4046595054864883,9.09,325,-0.017063681036233902,0.07378600537776947,0.9823839664459229,0.00869792141020298,0.033935546875,3.114492893218994
846,1732608,510,0.512323968410492,9.38,316,-0.016332218423485756,0.07018228620290756,0.9336596727371216,0.003659541020169854,0.0362548828125,3.0363261699676514
847,1734656,510,0.4546743810176849,8.95,330,-0.016162440180778503,0.06945571303367615,0.9537597894668579,0.0034543571528047323,0.0269775390625,2.963834524154663
848,1736704,510,0.39397520661354063,10.48,308,-0.016117168590426445,0.06454899907112122,1.020836353302002,0.0048696380108594894,0.0357666015625,2.9519152641296387
849,1738752,510,0.523008262515068,10.15,307,-0.009681666269898415,0.06744559109210968,0.8795792460441589,0.003857146482914686,0.0345458984375,3.076362371444702
850,1740800,509,0.45357355296611784,9.58,328,-0.015977559611201286,0.07196628302335739,0.8576680421829224,0.004787991754710674,0.0345458984375,3.077866792678833
851,1742848,509,0.5033057850599288,8.72,318,-0.0015837764367461205,0.07112494111061096,0.8510384559631348,0.0026099933311343193,0.026123046875,3.1033167839050293
852,1744896,509,0.513618181347847,8.54,321,-0.016509920358657837,0.07149933278560638,0.8832955956459045,0.003812106791883707,0.032470703125,3.0251169204711914
853,1746944,509,0.5427553695440293,10.38,319,-0.003267768770456314,0.06789161264896393,0.9052983522415161,0.0028796307742595673,0.0272216796875,3.0526413917541504
854,1748992,509,0.49242809653282166,9.94,317,-0.010439980775117874,0.06837035715579987,0.8570766448974609,0.005969496443867683,0.0352783203125,2.9776875972747803
855,1751040,509,0.4733801645040512,9.27,328,-0.015864010900259018,0.06861142069101334,0.8647382259368896,0.0034443428739905357,0.0308837890625,3.0316948890686035
856,1753088,509,0.5027999991178512,8.95,322,-0.007795254699885845,0.06882236897945404,0.8901388645172119,0.004730661399662495,0.0364990234375,3.027200937271118
857,1755136,509,0.44367768466472624,9.22,323,-0.011926569044589996,0.06934556365013123,0.8535716533660889,0.005038517061620951,0.0377197265625,2.9807820320129395
858,1757184,509,0.5001371908187866,13.31,283,-0.011403609067201614,0.05799320340156555,0.9380550384521484,0.0072932057082653046,0.0625,3.0397682189941406
859,1759232,509,0.5815652906894684,9.75,292,-0.006770763546228409,0.06583663821220398,0.9256085157394409,0.0043129706755280495,0.0399169921875,2.9782986640930176
860,1761280,509,0.46326115608215335,10.14,311,-0.003967404365539551,0.06438735872507095,0.9247139692306519,0.005113063380122185,0.039794921875,3.0049848556518555
861,1763328,509,0.4437223136425018,8.53,328,-0.007926218211650848,0.07429483532905579,0.9260998964309692,0.005452684126794338,0.0313720703125,2.9052045345306396
862,1765376,509,0.5132165259122848,9.45,322,-0.0030750222504138947,0.07083745300769806,0.841199517250061,0.0035029598511755466,0.0244140625,3.0203824043273926
863,1767424,509,0.4243024802207947,9.03,309,-0.015374645590782166,0.062188513576984406,0.9119079113006592,0.008675980381667614,0.044921875,2.9777326583862305
864,1769472,509,0.5124727267026902,10.41,308,-0.009106503799557686,0.07013339549303055,0.9284456968307495,0.0029038258362561464,0.02099609375,3.0190353393554688
865,1771520,509,0.5430826437473297,8.87,321,-0.012056013569235802,0.07219374924898148,0.8359709978103638,0.00408385694026947,0.0303955078125,2.9433023929595947
866,1773568,509,0.5136479341983795,8.41,323,-0.015502408146858215,0.07088800519704819,0.8992546796798706,0.005383673589676619,0.028564453125,2.9905052185058594
867,1775616,509,0.4541834717988968,8.69,324,-0.007422193884849548,0.07041902095079422,0.8712376356124878,0.004307283088564873,0.0289306640625,2.917881488800049
868,1777664,509,0.47424297451972963,8.83,316,-0.020399339497089386,0.06925416737794876,0.9595230221748352,0.004647997673600912,0.0462646484375,2.939873218536377
869,1779712,509,0.5324727278947831,9.61,305,-0.013167176395654678,0.06410983949899673,0.9380133748054504,0.0035695238038897514,0.02685546875,2.993863344192505
870,1781760,509,0.46340991616249083,9.99,301,-0.013329525478184223,0.06797867268323898,0.8888999819755554,0.003844308666884899,0.0343017578125,2.9514806270599365
871,1783808,509,0.5208066117763519,11.39,293,-0.014195388182997704,0.06125185266137123,1.014337182044983,0.006331956945359707,0.043701171875,2.941274642944336
872,1785856,509,0.46375206649303435,9.98,308,-0.007576208561658859,0.06854268908500671,0.8265623450279236,0.010740642435848713,0.0535888671875,3.0057573318481445
873,1787904,509,0.5618628084659576,10.23,308,-0.01251194067299366,0.06434450298547745,0.9170141816139221,0.0054278564639389515,0.0540771484375,3.0420827865600586
874,1789952,509,0.4532165253162384,9.52,310,-0.005791184492409229,0.06431485712528229,0.8205181360244751,0.007863490842282772,0.0518798828125,3.2387471199035645
875,1792000,509,0.5529487597942352,8.29,331,-0.0063036903738975525,0.07113762944936752,0.8695626258850098,0.0032725660130381584,0.0364990234375,3.1086225509643555
876,1794048,509,0.6021008253097534,9.58,312,-0.007509205490350723,0.06870599836111069,0.8604092597961426,0.005061808042228222,0.03271484375,3.1437768936157227
877,1796096,509,0.601684296131134,8.55,333,-0.017609260976314545,0.07143479585647583,0.86903315782547,0.004287075251340866,0.02880859375,3.0114171504974365
878,1798144,509,0.5117735522985458,10.28,304,-0.011301357299089432,0.06801518052816391,0.938742995262146,0.0047239582054317,0.025634765625,3.0974230766296387
879,1800192,509,0.5135884296894073,9.13,322,-0.00048383697867393494,0.0699576735496521,0.961302638053894,0.0047287894412875175,0.02197265625,3.0237040519714355
880,1802240,509,0.5231719011068344,9.16,311,-0.02026868239045143,0.06573860347270966,0.8579227924346924,0.003676733700558543,0.039794921875,3.195185422897339
881,1804288,509,0.46314214646816254,9.68,312,-0.0032711774110794067,0.06487327069044113,0.9625343680381775,0.0036372339818626642,0.0284423828125,3.149876356124878
882,1806336,509,0.4618925607204437,10.93,296,-0.009078610688447952,0.06295248121023178,1.073600172996521,0.004120941273868084,0.021728515625,3.1530518531799316
883,1808384,509,0.5316694194078445,9.52,305,-0.012266994453966618,0.06746126711368561,0.9317283630371094,0.0053084734827280045,0.0345458984375,3.210750102996826
884,1810432,509,0.621386775970459,9.75,327,-0.0029991306364536285,0.06828335672616959,0.815010666847229,0.004527750425040722,0.0277099609375,3.1956660747528076
885,1812480,509,0.5030975204706192,8.68,326,-0.010349134914577007,0.07399263978004456,0.8166865706443787,0.005021683871746063,0.0338134765625,3.1111021041870117
886,1814528,509,0.4443173533678055,9.34,319,-0.012839876115322113,0.06560370326042175,0.8839923739433289,0.004382404964417219,0.0181884765625,3.237034320831299
887,1816576,509,0.6017140519618988,8.89,330,-0.009184935130178928,0.07108115404844284,0.8748595714569092,0.0047858464531600475,0.03369140625,3.218106269836426
888,1818624,509,0.5124132198095321,9.33,328,-0.012707690708339214,0.07299764454364777,0.8786043524742126,0.005249612033367157,0.037353515625,3.2006688117980957
889,1820672,509,0.5032314050197602,8.82,321,-0.009836012497544289,0.06876146793365479,0.8754696249961853,0.003958656452596188,0.0357666015625,3.2416367530822754
890,1822720,509,0.5112528938055039,10.34,310,-0.00813900213688612,0.0625435933470726,0.8981350064277649,0.00574928242713213,0.0302734375,3.1897330284118652
891,1824768,509,0.48239834904670714,10.07,315,-0.0059452177956700325,0.06586572527885437,0.9039384722709656,0.003857652423903346,0.030517578125,3.1752123832702637
892,1826816,509,0.4443917363882065,9.79,312,-0.008553864434361458,0.06375523656606674,1.0140767097473145,0.005338024348020554,0.0362548828125,3.113457202911377
893,1828864,508,0.5006876039505005,11.1,292,-0.019080495461821556,0.060317762196063995,0.9246990084648132,0.008348164148628712,0.065185546875,3.147692918777466
894,1830912,508,0.44397520542144775,8.86,322,-0.005594870075583458,0.06959697604179382,0.8205626606941223,0.008928022347390652,0.0472412109375,3.042829751968384
895,1832960,508,0.5414165264368057,9.94,322,-0.007381554692983627,0.06929440051317215,0.9182450771331787,0.005242319777607918,0.0330810546875,3.0068655014038086
896,1835008,508,0.4436628091335297,8.92,320,-0.017726439982652664,0.06858629733324051,0.8713546395301819,0.006173226982355118,0.0406494140625,3.072634220123291
897,1837056,508,0.5128892570734024,8.81,317,-0.006050668656826019,0.07196502387523651,0.8423498868942261,0.003822017926722765,0.02685546875,3.054542064666748
898,1839104,508,0.5820859503746033,9.38,322,-0.01342504471540451,0.07469938695430756,0.8444384932518005,0.004519040696322918,0.0404052734375,3.033836841583252
899,1841152,508,0.5122793370485306,9.5,328,-0.0021875333040952682,0.0721893459558487,0.8200656771659851,0.005537550896406174,0.0355224609375,3.053956985473633
900,1843200,508,0.5035884290933609,8.6,341,-0.004863317124545574,0.07861477881669998,0.8172557353973389,0.004689658991992474,0.035400390625,3.105374574661255
901,1845248,508,0.4823090898990631,9.49,322,-0.01090008020401001,0.06577426940202713,0.9071067571640015,0.0065743266604840755,0.0496826171875,3.0362303256988525
902,1847296,508,0.4934099173545837,8.66,336,-0.006021332927048206,0.07248365879058838,0.8447229266166687,0.005136449821293354,0.02587890625,2.934999942779541
903,1849344,508,0.5036628127098084,9.05,330,-0.003216957673430443,0.07066158205270767,0.8593908548355103,0.0024028022307902575,0.02978515625,2.9568302631378174
904,1851392,508,0.552383468747139,9.39,315,-0.008638819679617882,0.07134421169757843,0.8667306303977966,0.0050944434478878975,0.0318603515625,3.068415641784668
905,1853440,508,0.5321900808811187,9.44,315,-0.015712156891822815,0.06481147557497025,0.9521825313568115,0.005353875458240509,0.0228271484375,2.94464373588562
906,1855488,508,0.5427553725242614,8.75,329,-0.005634933710098267,0.06997940689325333,0.9826735258102417,0.005064224824309349,0.02734375,2.9494898319244385
907,1857536,508,0.5319074380397797,10.09,310,-0.018750865012407303,0.06675522029399872,0.9625273942947388,0.00811409018933773,0.0550537109375,3.085054636001587
908,1859584,508,0.45412396609783173,9.21,318,-0.012118585407733917,0.07172586768865585,0.9673874378204346,0.0040372395887970924,0.0360107421875,3.0086653232574463
909,1861632,508,0.4734099167585373,8.68,325,-0.007646310143172741,0.06730013340711594,0.9988218545913696,0.005552468355745077,0.0313720703125,3.071084499359131
910,1863680,508,0.5021900826692581,11.29,290,-0.007138255052268505,0.06438493728637695,1.0251628160476685,0.005863882601261139,0.0433349609375,3.0065813064575195
911,1865728,508,0.4933652877807617,9.18,313,-0.015564948320388794,0.06847631931304932,0.977567195892334,0.004289072938263416,0.02880859375,2.9772257804870605
912,1867776,508,0.561297522187233,10.42,297,-0.01705010049045086,0.06479322910308838,0.9412550330162048,0.005890651606023312,0.0296630859375,3.080237865447998
913,1869824,508,0.4937520658969879,9.0,324,-0.014493947848677635,0.07139402627944946,0.8887039422988892,0.003072417574003339,0.0211181640625,3.07334566116333
914,1871872,508,0.41403471171855927,9.86,310,-0.00654524564743042,0.06356815993785858,0.9270845055580139,0.0035101184621453285,0.0303955078125,2.997072458267212
915,1873920,508,0.47369256436824797,9.62,317,-0.0059874579310417175,0.06947347521781921,0.8730489611625671,0.004504580982029438,0.0413818359375,3.0900301933288574
916,1875968,508,0.45393058121204377,8.89,321,-0.017804980278015137,0.06968235969543457,0.8774195313453674,0.008019705303013325,0.0433349609375,2.956101179122925
917,1878016,508,0.4833355385065079,10.07,319,-0.009692272171378136,0.06968779861927032,0.8123085498809814,0.0036994116380810738,0.0286865234375,2.9947893619537354
918,1880064,508,0.4147338837385178,8.17,339,-0.006975838914513588,0.07270833104848862,0.8582797646522522,0.004660207312554121,0.0263671875,2.974069595336914
919,1882112,508,0.4235884314775467,9.06,325,-0.008657541126012802,0.07077015191316605,0.8870760202407837,0.005057674366980791,0.0255126953125,2.9243035316467285
920,1884160,508,0.5030826449394226,8.99,343,-0.01075056754052639,0.07212017476558685,0.8756895065307617,0.0035070208832621574,0.024658203125,3.0344369411468506
921,1886208,508,0.46370743930339814,8.88,342,-0.00041239429265260696,0.07106347382068634,0.8304194211959839,0.003876664210110903,0.02587890625,3.048567295074463
922,1888256,508,0.4542876040935516,8.51,350,-0.014903569594025612,0.07411752641201019,0.8258668780326843,0.006736842915415764,0.0323486328125,3.0203094482421875
923,1890304,508,0.44407933950424194,8.41,341,-0.006613435223698616,0.07840819656848907,0.8252991437911987,0.004958768375217915,0.022705078125,3.128389835357666
924,1892352,508,0.5329933893680573,8.39,332,-0.007573502138257027,0.06936440616846085,0.8451258540153503,0.011396331712603569,0.02587890625,2.9912896156311035
925,1894400,508,0.48800991535186766,12.87,293,-0.014551252126693726,0.06246887892484665,0.8583630323410034,0.0058518825098872185,0.0338134765625,3.134241819381714
926,1896448,508,0.5036033076047898,8.29,344,-0.00888029858469963,0.0740385353565216,0.699052631855011,0.003538795281201601,0.0325927734375,3.0845232009887695
927,1898496,508,0.40526942133903504,8.56,341,-0.011622743681073189,0.06944705545902252,0.7608607411384583,0.0035731664393097162,0.023193359375,3.011918306350708
928,1900544,508,0.5242876046895981,7.82,351,0.0006567761301994324,0.07361914962530136,0.7374814748764038,0.004315629601478577,0.024658203125,3.075725555419922
929,1902592,508,0.4434694236516952,9.52,323,-0.005418743006885052,0.06459653377532959,0.8129607439041138,0.004332577809691429,0.033203125,3.015784740447998
930,1904640,508,0.5221900832653046,10.32,325,-0.010878479108214378,0.0690210610628128,0.7950989603996277,0.00416342681273818,0.03515625,2.9366466999053955
931,1906688,508,0.4643619841337204,8.73,342,-0.013893626630306244,0.06936047971248627,0.7508306503295898,0.006018605548888445,0.0382080078125,2.8842058181762695
932,1908736,508,0.5017140507698059,9.35,333,-0.005536843091249466,0.07314600050449371,0.7256811857223511,0.0026436103507876396,0.025634765625,2.9211511611938477
933,1910784,508,0.5220115715265274,9.6,328,-0.01417129673063755,0.07214420288801193,0.7642751932144165,0.006047450006008148,0.04541015625,2.8553407192230225
934,1912832,508,0.4441537201404572,10.04,317,-0.010145189240574837,0.06199031323194504,0.7928261756896973,0.00480613810941577,0.03271484375,2.8891382217407227
935,1914880,507,0.4646595060825348,10.48,329,-0.008172946982085705,0.07089141756296158,0.765109658241272,0.0034868998918682337,0.0244140625,2.8450732231140137
936,1916928,507,0.43358842968940736,8.9,346,-0.00619405135512352,0.07304378598928452,0.7176914215087891,0.003687855787575245,0.023681640625,2.8028597831726074
937,1918976,507,0.4045851230621338,8.19,354,-0.015933554619550705,0.07363612949848175,0.6438336372375488,0.005508010275661945,0.0343017578125,2.883075714111328
938,1921024,507,0.5243322324752807,7.26,352,-0.022082364186644554,0.07586076110601425,0.7025312781333923,0.007406724616885185,0.027587890625,2.802690267562866
939,1923072,507,0.4842876023054123,7.58,366,-0.008061686530709267,0.07816451787948608,0.6747406721115112,0.0037295278161764145,0.01806640625,2.944705009460449
940,1925120,507,0.5338561969995499,7.52,377,-0.008010141551494598,0.07784481346607208,0.6330996155738831,0.006501740776002407,0.022216796875,3.0058164596557617
941,1927168,507,0.553335537314415,8.33,347,-0.00673073623329401,0.07690834999084473,0.6843080520629883,0.0049297502264380455,0.0313720703125,2.966374158859253
942,1929216,508,0.4447338855266571,7.67,356,-0.01359499990940094,0.07893013954162598,0.619621217250824,0.005380100570619106,0.0274658203125,2.980006694793701
943,1931264,508,0.553692564368248,7.8,356,-0.01312454417347908,0.07658132910728455,0.6834231019020081,0.004662038758397102,0.0306396484375,2.951429605484009
944,1933312,508,0.45485289096832277,7.71,367,-0.012506335973739624,0.07801410555839539,0.680609405040741,0.0033840732648968697,0.0174560546875,2.9677350521087646
945,1935360,508,0.48461487591266633,7.73,350,-0.005260314792394638,0.0722801685333252,0.7139480113983154,0.003674317616969347,0.03076171875,3.109205484390259
946,1937408,507,0.4230231404304504,9.09,338,-0.007864445447921753,0.06898225843906403,0.7186442613601685,0.004006519913673401,0.0390625,3.038217544555664
947,1939456,507,0.4742876046895981,7.86,342,-0.004191421903669834,0.06768611073493958,0.7302728891372681,0.0032404158264398575,0.0223388671875,2.979048013687134
948,1941504,507,0.502413222193718,9.5,314,-0.011966164223849773,0.06197936832904816,0.7951318621635437,0.006673234514892101,0.017822265625,3.0106208324432373
949,1943552,507,0.4625024777650833,9.57,343,-0.0114357341080904,0.06953850388526917,0.8140883445739746,0.004912387579679489,0.0296630859375,2.9889626502990723
950,1945600,507,0.5532611554861069,7.61,354,-0.01252615638077259,0.07455255091190338,0.7559938430786133,0.0034965272061526775,0.0169677734375,2.957563638687134
951,1947648,507,0.5238859498500824,8.04,361,-0.013479668647050858,0.07792380452156067,0.7544832825660706,0.0031966487877070904,0.0191650390625,3.048938274383545
952,1949696,507,0.5235586762428284,8.59,336,-0.0044134389609098434,0.07197470217943192,0.7220731377601624,0.005270410794764757,0.0311279296875,3.1079046726226807
953,1951744,507,0.5440793395042419,7.82,349,-0.0056899543851614,0.07968800514936447,0.7079217433929443,0.003333387430757284,0.0244140625,3.117732286453247
954,1953792,507,0.4835586780309677,9.18,344,-0.012783227488398552,0.07244695723056793,0.7794567942619324,0.004148700274527073,0.040771484375,3.0948915481567383
955,1955840,507,0.4533652889728546,9.31,329,-0.009694806300103664,0.0668269619345665,0.8139646053314209,0.003451546188443899,0.0260009765625,3.1419687271118164
956,1957888,507,0.45445123851299285,8.06,339,-0.010970941744744778,0.07744792848825455,0.8182127475738525,0.0032714256085455418,0.0235595703125,3.1221859455108643
957,1959936,507,0.5142727297544479,7.72,341,-0.009392738342285156,0.07214242964982986,0.8196240067481995,0.0070231095887720585,0.0318603515625,3.035309314727783
958,1961984,507,0.48357355415821074,8.34,324,-0.0055615887977182865,0.06914718449115753,0.8133184909820557,0.0059871431440114975,0.0364990234375,3.122251033782959
959,1964032,507,0.5526363629102707,8.85,331,-0.013197249732911587,0.0739114060997963,0.8680621385574341,0.0076483311131596565,0.0313720703125,3.058894157409668
960,1966080,507,0.5621603327989578,8.79,337,-0.006176583468914032,0.07087001204490662,0.7949507236480713,0.005107339471578598,0.0311279296875,3.122140407562256
961,1968128,508,0.4643619829416275,8.49,331,0.0015395507216453552,0.07037900388240814,0.7965035438537598,0.004280807916074991,0.039306640625,3.0740807056427
962,1970176,508,0.37538842856884,8.46,343,-0.012847336940467358,0.06971687078475952,0.7326148748397827,0.003924102056771517,0.0330810546875,3.1006157398223877
963,1972224,508,0.5731272703409195,7.99,342,-0.014830373227596283,0.07621429860591888,0.7429456114768982,0.002694824244827032,0.0162353515625,3.0444881916046143
964,1974272,508,0.4936776852607727,8.0,348,-0.009465251117944717,0.07646971940994263,0.7765451073646545,0.003935232758522034,0.0198974609375,2.9456403255462646
965,1976320,508,0.5037223124504089,7.9,351,-0.013330258429050446,0.07264388352632523,0.7225002646446228,0.0031693170312792063,0.0235595703125,3.0125627517700195
966,1978368,508,0.4541685950756073,8.84,337,-0.009326154366135597,0.07021812349557877,0.6905867457389832,0.001774150412529707,0.0177001953125,3.090688943862915
967,1980416,507,0.3946000009775162,8.28,350,-0.002774774096906185,0.07364657521247864,0.6853640675544739,0.002403047401458025,0.0206298828125,3.009507179260254
968,1982464,508,0.44363305568695066,8.74,336,-0.020215218886733055,0.07319726794958115,0.6771156191825867,0.004241227637976408,0.0333251953125,3.0309247970581055
969,1984512,508,0.5439752060174942,7.65,362,-0.011820638552308083,0.08020997792482376,0.660419225692749,0.003973768092691898,0.0325927734375,2.936891555786133
970,1986560,508,0.5532909071445465,7.71,374,-0.0052803754806518555,0.07676942646503448,0.6306354403495789,0.003970545716583729,0.023193359375,2.988128423690796
971,1988608,508,0.4739752054214478,8.08,343,-0.009920351207256317,0.07701587677001953,0.6823995113372803,0.005149961914867163,0.02880859375,3.1701881885528564
972,1990656,508,0.45471900880336763,7.54,354,-0.010517790913581848,0.07208546996116638,0.6196450591087341,0.004116274416446686,0.019775390625,3.0674405097961426
973,1992704,508,0.44513553619384766,7.62,364,7.194932550191879e-05,0.08359318226575851,0.6573380827903748,0.0014386542607098818,0.016357421875,3.0695302486419678
974,1994752,508,0.5042578494548797,7.64,372,-0.0001368410885334015,0.08055143803358078,0.5889052152633667,0.001452659023925662,0.01171875,3.0408129692077637
975,1996800,508,0.454763634800911,7.51,369,-0.0033214055001735687,0.07877454161643982,0.5874375700950623,0.0023844754323363304,0.019775390625,3.1244101524353027
976,1998848,508,0.484674379825592,7.6,347,-0.005105634219944477,0.07396916300058365,0.7239764928817749,0.004075157456099987,0.0224609375,3.165919303894043
977,2000896,508,0.4942876023054123,8.1,354,-0.015664953738451004,0.07613503187894821,0.6826233863830566,0.005967909470200539,0.0213623046875,3.0963287353515625
978,2002944,508,0.4151355385780334,7.8,358,-0.004356738179922104,0.07695096731185913,0.6580543518066406,0.0021408619359135628,0.0198974609375,3.1269445419311523
979,2004992,508,0.5730975204706192,7.85,354,-0.001744881272315979,0.07118038088083267,0.6828447580337524,0.0017715166322886944,0.0194091796875,3.1607532501220703
980,2007040,508,0.4831272721290588,8.14,355,-0.009043891914188862,0.07181601226329803,0.721747100353241,0.0058272890746593475,0.036376953125,3.0594711303710938
981,2009088,508,0.5144214898347854,7.62,346,-0.015517975203692913,0.07796251028776169,0.6159492135047913,0.0037413244135677814,0.02734375,3.1536965370178223
982,2011136,508,0.5628743797540665,8.27,366,7.084943354129791e-05,0.07499814033508301,0.6340101361274719,0.003804784268140793,0.0269775390625,3.1886966228485107
983,2013184,508,0.5238561993837356,7.71,360,-0.0040220655500888824,0.07710342109203339,0.6852051019668579,0.006106707267463207,0.0364990234375,3.232985258102417
984,2015232,508,0.5535735535621643,8.12,349,-0.005807001609355211,0.07554958760738373,0.6552675366401672,0.0014754768926650286,0.026611328125,3.2304646968841553
985,2017280,508,0.6123239648342133,8.19,345,-0.006794862449169159,0.0752449631690979,0.7189252972602844,0.003933851607143879,0.0308837890625,3.3039767742156982
986,2019328,508,0.4649421489238739,7.74,365,-0.007250335067510605,0.07597842067480087,0.6384039521217346,0.002918200334534049,0.0167236328125,3.1932122707366943
987,2021376,508,0.553573551774025,7.64,355,-0.005601038224995136,0.0741143599152565,0.5975378155708313,0.0032255714759230614,0.0186767578125,3.247558116912842
988,2023424,508,0.5241239666938782,7.31,370,-0.002896968275308609,0.08081972599029541,0.5358672142028809,0.002693749498575926,0.02490234375,3.168631076812744
989,2025472,508,0.5146595031023026,7.17,375,-0.007822852581739426,0.08010290563106537,0.5527113676071167,0.003120996290817857,0.0198974609375,3.0643856525421143
990,2027520,508,0.4644363617897034,7.65,370,-0.004375397227704525,0.07940180599689484,0.5106417536735535,0.0017303386703133583,0.01220703125,3.1415786743164062
991,2029568,508,0.603766942024231,7.29,389,-0.006781138479709625,0.08336273580789566,0.5640556216239929,0.0018442461732774973,0.0137939453125,3.0971312522888184
992,2031616,508,0.4842876029014587,7.47,366,-0.0029979199171066284,0.07960698753595352,0.5110370516777039,0.00267481105402112,0.0201416015625,3.198612928390503
993,2033664,508,0.4848231416940689,7.2,379,-0.010746743530035019,0.07682842761278152,0.5078381896018982,0.001621932489797473,0.019775390625,3.201472759246826
994,2035712,508,0.47506115436553953,7.12,382,-0.0038435012102127075,0.07919502258300781,0.5059912800788879,0.0032916495110839605,0.0194091796875,3.2154006958007812
995,2037760,508,0.4951355355978012,7.27,387,-0.006479148752987385,0.08006978034973145,0.5163023471832275,0.003965925425291061,0.0224609375,3.1737794876098633
996,2039808,508,0.4842727249860764,7.7,372,-0.004034015350043774,0.07890509814023972,0.4936216175556183,0.0023028687573969364,0.0145263671875,3.195307493209839
997,2041856,508,0.4545851230621338,7.72,380,-0.001049824059009552,0.08159615844488144,0.5061568021774292,0.002561356173828244,0.02001953125,3.2733657360076904
998,2043904,508,0.5441090911626816,7.18,379,0.001371774822473526,0.08072853833436966,0.46857112646102905,0.0023470413871109486,0.015380859375,3.3315110206604004
999,2045952,508,0.5240793365240097,7.51,371,-0.005709681659936905,0.07978026568889618,0.5034424066543579,0.0015429870691150427,0.0133056640625,3.3832430839538574
1000,2048000,508,0.514510744214058,6.99,390,-0.00952559057623148,0.08211176097393036,0.5314626693725586,0.0026704431511461735,0.02197265625,3.177683115005493
1001,2050048,508,0.484510743021965,7.6,359,-0.011952238157391548,0.07926949858665466,0.544553816318512,0.0033997902646660805,0.0245361328125,3.440643548965454
1002,2052096,508,0.504510744214058,7.92,364,-0.005350407212972641,0.07732772082090378,0.5163931846618652,0.0045328522101044655,0.025390625,3.3727900981903076
1003,2054144,508,0.45501652657985686,7.04,380,-0.0060121770948171616,0.07690904289484024,0.5344870686531067,0.0016356443520635366,0.008544921875,3.37073016166687
1004,2056192,508,0.45491239726543425,7.16,393,-0.009040063247084618,0.08191564679145813,0.47721388936042786,0.0029860264621675014,0.01171875,3.3949313163757324
1005,2058240,508,0.5335586768388748,7.48,372,-0.01465648040175438,0.08116256445646286,0.5069600343704224,0.005932847503572702,0.02294921875,3.5023694038391113
1006,2060288,508,0.45495702445507047,6.97,388,-0.009588168933987617,0.08056588470935822,0.5072678327560425,0.0013665903825312853,0.0166015625,3.385255813598633
1007,2062336,508,0.49369255840778353,8.21,356,-0.004508729092776775,0.07543040812015533,0.6088520288467407,0.002314182696864009,0.0250244140625,3.354386806488037
1008,2064384,508,0.4642727261781692,7.93,377,-0.005697033368051052,0.07854463160037994,0.5239474177360535,0.0034630734007805586,0.0223388671875,3.302741289138794
1009,2066432,508,0.3754776847362518,7.5,380,-0.005952969193458557,0.07835118472576141,0.5627155900001526,0.002974684117361903,0.0296630859375,3.2785120010375977
1010,2068480,508,0.49442148745059966,7.37,366,-0.001976621337234974,0.07307504862546921,0.5879129767417908,0.0041223675943911076,0.021728515625,3.383060932159424
1011,2070528,508,0.46494214713573456,7.52,366,-0.0007922742515802383,0.07687310874462128,0.564721941947937,0.003056962974369526,0.0289306640625,3.3329267501831055
1012,2072576,508,0.6036330562829971,7.11,373,-0.008843712508678436,0.08119566738605499,0.5824712514877319,0.004217015579342842,0.029052734375,3.431530475616455
1013,2074624,508,0.49461487352848055,7.37,360,-0.01011669635772705,0.0764911025762558,0.5861167907714844,0.0020073852501809597,0.022705078125,3.4498214721679688
1014,2076672,508,0.5341537189483643,7.04,365,-0.0043174587190151215,0.0747685357928276,0.5984642505645752,0.005730469711124897,0.0308837890625,3.298383951187134
1015,2078720,508,0.4238561999797821,8.21,369,-0.007061858661472797,0.07065100222826004,0.6133151054382324,0.006264440715312958,0.0244140625,3.482914447784424
1016,2080768,508,0.5140793406963349,7.28,369,-0.0013894066214561462,0.07639869302511215,0.5579237937927246,0.002487383084371686,0.0242919921875,3.322488307952881
1017,2082816,508,0.5046595048904419,7.02,377,-0.008279538713395596,0.07874269038438797,0.6138693690299988,0.0033093364909291267,0.0186767578125,3.3100426197052
1018,2084864,508,0.5540495902299881,7.52,370,-0.009612004272639751,0.07964377850294113,0.5672199130058289,0.004835281986743212,0.020263671875,3.353233814239502
1019,2086912,508,0.6029785108566285,8.12,355,-0.013112597167491913,0.07577576488256454,0.6184625625610352,0.004540534690022469,0.04248046875,3.4033021926879883
1020,2088960,508,0.544183469414711,7.39,365,-0.014112664386630058,0.08124305307865143,0.540833592414856,0.004632089287042618,0.0218505859375,3.42631459236145
1021,2091008,508,0.48454049706459046,7.44,355,-0.009805571287870407,0.07633867859840393,0.5560511350631714,0.0030029970221221447,0.0338134765625,3.3869528770446777
1022,2093056,508,0.523528922200203,7.59,375,-0.012414399534463882,0.0799255520105362,0.5836941003799438,0.0038572566118091345,0.0146484375,3.367030143737793
1023,2095104,508,0.4546892553567886,7.5,371,-0.006609155796468258,0.07837096601724625,0.5434211492538452,0.002245963318273425,0.0250244140625,3.473320960998535
1024,2097152,508,0.5633504110574722,7.46,346,-0.0027799690142273903,0.07153166830539703,0.6282464861869812,0.0038636084645986557,0.0244140625,3.5338735580444336
1025,2099200,508,0.5536925625801087,7.66,350,-0.008646663278341293,0.07292589545249939,0.6125856041908264,0.002881627529859543,0.0235595703125,3.471059799194336
1026,2101248,508,0.6032462781667709,7.46,359,-0.0012618526816368103,0.07437235862016678,0.5924502015113831,0.005686229094862938,0.02978515625,3.36989426612854
1027,2103296,508,0.4638413214683533,7.95,360,-0.013640150427818298,0.07520552724599838,0.5738803744316101,0.006690741516649723,0.022705078125,3.4671220779418945
1028,2105344,508,0.5238859510421753,7.41,371,-0.00660264678299427,0.07870075106620789,0.6490788459777832,0.0033644738141447306,0.0274658203125,3.445871591567993
1029,2107392,508,0.4937669426202774,8.37,353,-0.008619388565421104,0.07363647222518921,0.6484708189964294,0.003913760185241699,0.0323486328125,3.482604503631592
1030,2109440,508,0.4549123954772949,7.72,371,-0.00961671769618988,0.08041704446077347,0.6209701299667358,0.004008476622402668,0.0252685546875,3.4327032566070557
1031,2111488,508,0.5138413214683533,7.88,348,-0.00603773957118392,0.07544426620006561,0.6137068867683411,0.002295547863468528,0.029296875,3.4680800437927246
1032,2113536,508,0.4447785133123398,7.41,381,-0.0076225316151976585,0.07918018102645874,0.6259538531303406,0.0033922854345291853,0.026611328125,3.4032039642333984
1033,2115584,508,0.5143917363882065,7.3,363,-0.003183400258421898,0.07919827103614807,0.5956869125366211,0.0022431800607591867,0.012939453125,3.500304698944092
1034,2117632,508,0.5439008277654648,7.56,366,-0.004641642794013023,0.0781748965382576,0.6455519795417786,0.003671548794955015,0.0250244140625,3.585240364074707
1035,2119680,508,0.5542876034975052,7.26,370,-0.01594431698322296,0.07951406389474869,0.6290906667709351,0.0020896221976727247,0.0330810546875,3.462425470352173
1036,2121728,508,0.4435586774349213,8.99,338,-0.004180382937192917,0.06966199725866318,0.675254762172699,0.00549568235874176,0.02294921875,3.6286168098449707
1037,2123776,508,0.5237966924905777,8.18,362,-0.002886272268369794,0.07986046373844147,0.641690731048584,0.0031974632292985916,0.020751953125,3.549818992614746
1038,2125824,508,0.5134396702051163,8.13,365,-0.009869109839200974,0.07734747976064682,0.6180731654167175,0.0038955153431743383,0.0224609375,3.557478666305542
1039,2127872,508,0.5731570255756379,7.83,361,-0.004797734320163727,0.07854598760604858,0.628596305847168,0.002570169745013118,0.0333251953125,3.506605625152588
1040,2129920,508,0.5146595042943954,7.07,373,-0.0015440043061971664,0.0774201825261116,0.6409883499145508,0.0021874080412089825,0.0164794921875,3.473015785217285
1041,2131968,508,0.47491239607334135,7.31,370,-0.006670309230685234,0.07795652747154236,0.6694943904876709,0.005517731420695782,0.0216064453125,3.584775447845459
1042,2134016,508,0.47431735694408417,8.51,340,-0.017164606600999832,0.0750841274857521,0.7179489731788635,0.005488312803208828,0.0291748046875,3.6235108375549316
1043,2136064,508,0.5242578500509262,7.79,365,0.0014108936302363873,0.07662653177976608,0.6966073513031006,0.0017406949773430824,0.0106201171875,3.617496967315674
1044,2138112,508,0.4636033046245575,8.49,349,-0.01145211886614561,0.07469335198402405,0.7444471120834351,0.003978705033659935,0.036376953125,3.7039542198181152
1045,2140160,508,0.5532314050197601,8.37,347,-0.007058063521981239,0.07916265726089478,0.8136804103851318,0.003972635604441166,0.029541015625,3.794013500213623
1046,2142208,508,0.5233950418233871,8.79,338,-0.011971930041909218,0.07520681619644165,0.8631373047828674,0.006066444329917431,0.02392578125,3.8099722862243652
1047,2144256,508,0.49355867683887483,8.11,338,-0.010037671774625778,0.06941048055887222,0.795154333114624,0.004254313185811043,0.0274658203125,3.7832601070404053
1048,2146304,508,0.4542727279663086,9.08,336,-0.0007660090923309326,0.07352998107671738,0.8972711563110352,0.003447004361078143,0.02978515625,3.787844181060791
1049,2148352,508,0.4944512408971786,8.21,339,-0.008297596126794815,0.07354941219091415,0.8310031294822693,0.004577238578349352,0.036376953125,3.7460901737213135
1050,2150400,508,0.4349421489238739,7.85,345,-0.008096020668745041,0.07202591747045517,0.8009259700775146,0.004596136510372162,0.036865234375,3.6981263160705566
1051,2152448,508,0.4939305800199509,8.12,339,-0.0064621130004525185,0.07176259160041809,0.7719106674194336,0.004402490798383951,0.026123046875,3.801764726638794
1052,2154496,508,0.5441239666938782,7.5,362,-0.00802738219499588,0.07864157110452652,0.7447254061698914,0.004019500222057104,0.0169677734375,3.612307071685791
1053,2156544,508,0.43476363360881803,7.85,359,-0.009223265573382378,0.0753934383392334,0.6850825548171997,0.004556688945740461,0.0361328125,3.6937432289123535
1054,2158592,508,0.5633504140377045,7.51,371,-0.005083076655864716,0.07499934732913971,0.7363100051879883,0.004005687311291695,0.025146484375,3.6504783630371094
1055,2160640,508,0.5031272727251053,8.36,354,0.0020082960836589336,0.07552981376647949,0.7271308302879333,0.00475085387006402,0.037841796875,3.756537437438965
1056,2162688,508,0.47427272617816923,7.61,367,-0.00024165958166122437,0.07757624238729477,0.7341750860214233,0.005499045364558697,0.02880859375,3.540666103363037
1057,2164736,508,0.5132611554861068,8.36,352,-0.008323850110173225,0.07692155241966248,0.764849066734314,0.0027477683033794165,0.01416015625,3.6824800968170166
1058,2166784,508,0.47384132266044615,8.31,351,-0.008443616330623627,0.07124029844999313,0.8036324381828308,0.007855473086237907,0.0230712890625,3.794184923171997
1059,2168832,508,0.5236181825399399,8.23,329,-0.002121835947036743,0.0673174262046814,0.8340947031974792,0.0029529177118092775,0.0323486328125,3.8138766288757324
1060,2170880,508,0.43415371894836424,9.88,332,-0.014247609302401543,0.06712785363197327,0.8320550322532654,0.0032784591894596815,0.0177001953125,3.800022840499878
1061,2172928,508,0.5437371903657913,7.76,353,-0.0015715453773736954,0.07712261378765106,0.7861964702606201,0.00764121301472187,0.0338134765625,3.771906852722168
1062,2174976,508,0.5430528950691224,8.7,345,-0.0012465473264455795,0.0748453363776207,0.7817328572273254,0.0028065976221114397,0.020263671875,3.8583247661590576
1063,2177024,508,0.5237223142385483,8.62,338,-0.011941895820200443,0.06590978801250458,0.854071855545044,0.005037369672209024,0.02587890625,3.859482765197754
1064,2179072,508,0.454138845205307,8.87,344,-0.004790754057466984,0.07275627553462982,0.832271933555603,0.004174945410341024,0.0347900390625,3.936159133911133
1065,2181120,508,0.4547933894395828,8.6,334,-0.00906255654990673,0.07324754446744919,0.7902504801750183,0.0029064249247312546,0.01806640625,3.8402857780456543
1066,2183168,508,0.5822495865821838,9.0,347,-0.011466571129858494,0.07673723250627518,0.7494184970855713,0.007347478996962309,0.036376953125,3.8439488410949707
1067,2185216,508,0.3460727280378342,8.26,353,-0.002206671517342329,0.07345960289239883,0.7424095869064331,0.004035965073853731,0.0340576171875,3.821772575378418
1068,2187264,508,0.473900825381279,7.96,349,-0.0035828901454806328,0.0775744616985321,0.7086083292961121,0.00260866223834455,0.029052734375,3.785067319869995
1069,2189312,508,0.544138845205307,7.74,356,-0.013395922258496284,0.07709712535142899,0.7192134261131287,0.004232599399983883,0.0203857421875,3.795670509338379
1070,2191360,508,0.44486776828765867,8.12,359,-0.010347338393330574,0.07820819318294525,0.7188984155654907,0.0056196460500359535,0.0291748046875,3.908494710922241
1071,2193408,508,0.5236479341983795,8.7,347,-0.01555972546339035,0.0711565688252449,0.7510982751846313,0.002776029519736767,0.0245361328125,3.8508949279785156
1072,2195456,508,0.49375206530094146,8.06,351,-0.01020933035761118,0.07699926942586899,0.7657268643379211,0.005435546860098839,0.0284423828125,3.791609287261963
1073,2197504,508,0.48379669308662415,8.01,342,-0.00841707643121481,0.07376790046691895,0.7509410977363586,0.0028918629977852106,0.0185546875,3.856748104095459
1074,2199552,508,0.4741834712028503,8.41,350,-0.006261887028813362,0.07574724406003952,0.6801413297653198,0.008234815672039986,0.0306396484375,3.780679702758789
1075,2201600,508,0.5129933893680573,8.56,351,-0.00579509511590004,0.074158675968647,0.7551441192626953,0.004903873894363642,0.029052734375,3.728286027908325
1076,2203648,508,0.5039157027006149,8.21,341,-0.01445703487843275,0.07727906107902527,0.7863955497741699,0.005941781215369701,0.03759765625,3.766202926635742
1077,2205696,508,0.49348429441452024,8.44,348,-0.008037872612476349,0.07352952659130096,0.8228616118431091,0.005247395485639572,0.0166015625,3.753725051879883
1078,2207744,508,0.44393058121204376,8.58,330,-0.003818577155470848,0.07198851555585861,0.7824782729148865,0.0035467015113681555,0.02490234375,3.8172249794006348
1079,2209792,508,0.5228148764371872,8.6,344,-0.010781528428196907,0.07571475952863693,0.7625471353530884,0.002788758836686611,0.0361328125,3.860832691192627
1080,2211840,508,0.4643322306871414,8.46,349,-0.008388550952076912,0.07721424102783203,0.8039447069168091,0.0012469415087252855,0.0106201171875,3.8277790546417236
1081,2213888,508,0.5041834712028503,7.82,349,-0.008953437209129333,0.07517296075820923,0.8024713397026062,0.0028978907503187656,0.0213623046875,3.9327914714813232
1082,2215936,508,0.5623834729194641,9.11,344,-0.0024092011153697968,0.07435937225818634,0.8370265960693359,0.004831323865801096,0.018310546875,3.889615535736084
1083,2217984,508,0.4742132204771042,8.11,331,-0.005498331040143967,0.06992580741643906,0.8433892726898193,0.0029738813173025846,0.02392578125,3.806835651397705
1084,2220032,508,0.3958793377876282,8.23,325,-0.01286002341657877,0.07062511146068573,0.822303056716919,0.004724409431219101,0.0240478515625,3.886784553527832
1085,2222080,508,0.38474876165390015,11.58,336,-0.01142711192369461,0.06944318115711212,0.8788495659828186,0.002956936601549387,0.0198974609375,3.836430072784424
1086,2224128,508,0.5132016545534134,8.54,325,-0.014370657503604889,0.07210172712802887,0.8462691903114319,0.005747959017753601,0.029541015625,4.007279872894287
1087,2226176,508,0.48387107491493225,8.83,326,-0.01672416739165783,0.07185925543308258,0.8452996611595154,0.0051052141934633255,0.03662109375,4.000271320343018
1088,2228224,508,0.6410446286201477,8.97,308,-0.02208574488759041,0.06767699122428894,0.9446781873703003,0.006119872443377972,0.0396728515625,4.084935188293457
1089,2230272,508,0.5426066100597382,9.34,302,-0.012803774327039719,0.06340125948190689,0.9636536836624146,0.004180191084742546,0.03173828125,4.061064720153809
1090,2232320,508,0.3944661158323288,9.4,301,-0.017769837751984596,0.06674191355705261,0.9960471391677856,0.005174575373530388,0.0260009765625,4.231561183929443
1091,2234368,508,0.4829190069437027,15.9,299,-0.005854708608239889,0.0663999393582344,1.043653130531311,0.004729488864541054,0.0272216796875,4.214935302734375
1092,2236416,508,0.4436925619840622,9.59,298,-0.015647808089852333,0.0653287023305893,0.9999605417251587,0.005853415001183748,0.0386962890625,4.270175457000732
1093,2238464,508,0.5130826425552368,9.79,291,-0.019518615677952766,0.06214455887675285,0.9405132532119751,0.005444600246846676,0.0321044921875,4.098841667175293
1094,2240512,508,0.44391570329666136,8.98,323,-0.007664863020181656,0.06810072064399719,0.8974854350090027,0.0036765362601727247,0.0335693359375,4.246486186981201
1095,2242560,508,0.5033504128456116,9.02,336,0.0005736825987696648,0.07169777154922485,0.8735507130622864,0.007147748023271561,0.0263671875,4.00546407699585
1096,2244608,508,0.5434991765022278,8.69,332,-0.012615777552127838,0.07387016713619232,0.7558263540267944,0.0035410451237112284,0.0296630859375,4.302893161773682
1097,2246656,508,0.3846148735284805,8.99,348,-0.005625666119158268,0.07309095561504364,0.7365157604217529,0.004246775060892105,0.0255126953125,4.005207061767578
1098,2248704,508,0.3952694195508957,8.22,353,-0.0028442945331335068,0.07686959952116013,0.7826856970787048,0.002894670469686389,0.0181884765625,4.05728816986084
1099,2250752,508,0.4543619865179062,9.16,334,-0.013584589585661888,0.07275170832872391,0.7448954582214355,0.006856116931885481,0.0274658203125,4.179734230041504
1100,2252800,508,0.5434099179506302,8.06,354,-0.01057640090584755,0.07339861243963242,0.7660775780677795,0.002889716997742653,0.0247802734375,3.9624719619750977
1101,2254848,508,0.4832909095287323,8.23,348,-0.008830617181956768,0.07624262571334839,0.8390662670135498,0.006932360120117664,0.03173828125,4.057507514953613
1102,2256896,508,0.48364793479442597,8.31,339,-0.010967282578349113,0.07417517900466919,0.8100366592407227,0.005012458190321922,0.032958984375,4.052300453186035
1103,2258944,508,0.5135289239883423,7.97,336,-0.008693818002939224,0.07310092449188232,0.861050009727478,0.006258989684283733,0.0325927734375,4.17755126953125
1104,2260992,508,0.5234099173545838,8.66,331,-0.00880453735589981,0.07065402716398239,0.9479284286499023,0.0035975752398371696,0.0322265625,4.057679176330566
1105,2263040,508,0.5515652877092362,9.74,320,-0.009395161643624306,0.0687936544418335,0.9401075839996338,0.004969881847500801,0.0513916015625,4.268204212188721
1106,2265088,508,0.4834396690130234,9.26,320,-0.003415488637983799,0.07177552580833435,0.8935601711273193,0.0032972313929349184,0.038818359375,4.37300443649292
1107,2267136,508,0.5135289263725281,9.5,320,-0.009286416694521904,0.06836859881877899,0.9547168612480164,0.0067064715549349785,0.0418701171875,4.360793590545654
1108,2269184,509,0.4738264465332031,8.92,313,-0.011122331023216248,0.06847074627876282,0.9307394623756409,0.006130420137196779,0.0335693359375,4.13562536239624
1109,2271232,509,0.5227702486515046,8.58,340,-0.008189627900719643,0.07256871461868286,0.9581077098846436,0.001958554843440652,0.0155029296875,4.245207786560059
1110,2273280,509,0.4037818199396133,9.98,310,-0.009506484493613243,0.06676916033029556,0.9691500663757324,0.0051680030301213264,0.02392578125,4.0835161209106445
1111,2275328,509,0.5139454543590546,8.49,333,-0.00873221829533577,0.07126898318529129,0.8743733167648315,0.005236196331679821,0.027099609375,4.104854106903076
1112,2277376,509,0.5821900826692581,9.19,330,-0.004704851657152176,0.07008295506238937,0.8315780162811279,0.0027128690853714943,0.0201416015625,4.239867687225342
1113,2279424,509,0.38468925714492797,9.16,317,-0.009499363601207733,0.06551902741193771,0.9500395059585571,0.00446698535233736,0.0264892578125,4.255913257598877
1114,2281472,509,0.4334842973947525,9.37,316,-0.003147657960653305,0.06725167483091354,0.9648274779319763,0.0038027700502425432,0.0189208984375,4.375205993652344
1115,2283520,509,0.5228148770332336,9.13,316,-0.0069937678053975105,0.0704062357544899,0.9242067933082581,0.0018147823866456747,0.0250244140625,4.208423137664795
1116,2285568,509,0.5138264465332031,8.43,338,-0.01005814503878355,0.07479652017354965,0.9404627680778503,0.0044164517894387245,0.0308837890625,4.368337154388428
1117,2287616,509,0.4624132210016251,10.3,306,-0.009618435055017471,0.06381963938474655,1.0279600620269775,0.005167683586478233,0.036865234375,4.255331993103027
1118,2289664,509,0.5027702498435974,9.11,308,-0.009141522459685802,0.06703537702560425,1.0251667499542236,0.003238210454583168,0.024169921875,4.343012809753418
1119,2291712,509,0.45382644593715665,9.4,300,-0.006815202534198761,0.06563571095466614,1.0534127950668335,0.003896748647093773,0.0321044921875,4.338234901428223
1120,2293760,509,0.4737371873855591,9.35,306,-0.008436230942606926,0.06623710691928864,1.0107226371765137,0.0034365025348961353,0.0277099609375,4.430818557739258
1121,2295808,509,0.5132165288925171,8.86,306,-0.0045364852994680405,0.0670747309923172,1.0021610260009766,0.004029508680105209,0.0185546875,4.2946248054504395
1122,2297856,509,0.49309751987457273,9.27,303,-0.014782706275582314,0.0634361281991005,1.003545880317688,0.003042890690267086,0.0260009765625,4.351433753967285
1123,2299904,509,0.5039603310823441,8.57,312,-0.0176834836602211,0.06469693779945374,1.0172719955444336,0.004064703360199928,0.0272216796875,4.259317874908447
1124,2301952,509,0.5119818192720413,10.07,315,-0.010597038082778454,0.06673237681388855,0.9812706112861633,0.0055912090465426445,0.0386962890625,4.2297821044921875
1125,2304000,509,0.5018479353189469,10.72,300,-0.003931108862161636,0.06588844954967499,0.9933096766471863,0.005767642520368099,0.05126953125,4.305615425109863
1126,2306048,509,0.4240347099304199,10.85,300,-0.013022043742239475,0.063843734562397,1.0605428218841553,0.0032612113282084465,0.0374755859375,4.262998580932617
1127,2308096,509,0.43332066118717194,10.58,295,-0.013289118185639381,0.061639249324798584,0.9630934000015259,0.0058575221337378025,0.033935546875,4.366650581359863
1128,2310144,509,0.5328743803501129,8.73,306,-0.00823019165545702,0.06741994619369507,0.9486944675445557,0.003315260633826256,0.032958984375,4.220745086669922
1129,2312192,509,0.5160016524791717,14.1,279,-0.004305452108383179,0.05930374935269356,0.9924092888832092,0.007095677778124809,0.04443359375,4.3646368980407715
1130,2314240,509,0.5127553719282151,8.69,328,-0.007646236568689346,0.06959506869316101,0.8712457418441772,0.0021527083590626717,0.0191650390625,4.258416175842285
1131,2316288,509,0.5122198337316513,9.4,321,-0.009259885177016258,0.07067803293466568,0.9270702600479126,0.0032318425364792347,0.031005859375,4.1774725914001465
1132,2318336,509,0.43329090893268585,9.77,311,-0.010015960782766342,0.06972663104534149,0.9657392501831055,0.003996364772319794,0.0301513671875,4.229765892028809
1133,2320384,509,0.44424297392368317,9.26,323,-0.010094927623867989,0.07083341479301453,0.9679946303367615,0.0038646243046969175,0.029052734375,4.1533026695251465
1134,2322432,509,0.5814760333299637,9.79,302,-0.005741093307733536,0.06630834937095642,0.9220828413963318,0.005950387567281723,0.0316162109375,4.357388019561768
1135,2324480,509,0.5132462817430496,9.99,319,-0.004961658269166946,0.0695987418293953,0.9026046991348267,0.004275656305253506,0.03466796875,4.406984806060791
1136,2326528,509,0.503082646727562,8.25,343,-0.008922737091779709,0.0738053172826767,0.9187443256378174,0.004553987178951502,0.0345458984375,4.156052112579346
1137,2328576,509,0.5227851247787476,9.48,328,-0.015588833950459957,0.07301637530326843,0.8490915894508362,0.006824861280620098,0.0587158203125,4.271374702453613
1138,2330624,509,0.41391569972038267,8.9,339,-0.009827004745602608,0.07140734791755676,0.933931291103363,0.0022039248142391443,0.0213623046875,4.134748458862305
1139,2332672,509,0.3451206612586975,8.88,328,6.179697811603546e-05,0.0704064890742302,0.9622780084609985,0.00446341373026371,0.0274658203125,4.187881946563721
1140,2334720,509,0.5521157026290894,10.0,307,-0.009096672758460045,0.0687144547700882,0.9068521857261658,0.0033416850492358208,0.0233154296875,4.061370849609375
1141,2336768,509,0.5618776857852936,9.21,314,-0.002081194892525673,0.06349530071020126,0.9283667802810669,0.002375086070969701,0.03076171875,4.123957633972168
1142,2338816,509,0.48431735575199125,9.04,323,-0.010443614795804024,0.06871849298477173,0.9064697623252869,0.0053944578394293785,0.025634765625,4.111804008483887
1143,2340864,509,0.5628595048189163,9.18,323,-0.004691816866397858,0.07109668105840683,0.9022883772850037,0.002914441516622901,0.0450439453125,4.133148670196533
1144,2342912,509,0.47375206768512723,8.65,334,-0.008466748520731926,0.07311853021383286,0.9034227728843689,0.003914264030754566,0.021728515625,4.094733238220215
1145,2344960,509,0.47332065999507905,8.94,318,-0.004953131079673767,0.06949109584093094,0.9592953324317932,0.004255564883351326,0.0252685546875,4.1565046310424805
1146,2347008,509,0.47388594746589663,9.24,317,0.0015446878969669342,0.07073204964399338,0.9411851167678833,0.0043190885335206985,0.0379638671875,4.266608238220215
1147,2349056,509,0.512383468747139,9.18,306,-0.004123268648982048,0.06413125991821289,1.0429826974868774,0.00787842832505703,0.0545654296875,4.05693244934082
1148,2351104,509,0.4535586780309677,11.87,307,-0.00919431634247303,0.06498333811759949,1.0375646352767944,0.004518709145486355,0.0233154296875,4.1784515380859375
1149,2353152,509,0.4629190069437027,9.87,307,-0.016438808292150497,0.06615816056728363,1.0361281633377075,0.003671253565698862,0.018798828125,4.443771839141846
1150,2355200,509,0.4626958692073822,10.09,296,-0.012519339099526405,0.06660792231559753,1.0563533306121826,0.007060812320560217,0.0494384765625,4.314840316772461
1151,2357248,509,0.521788427233696,9.82,301,-0.014063553884625435,0.0639960765838623,1.075393795967102,0.004675503820180893,0.03076171875,4.418161869049072
1152,2359296,509,0.42363305687904357,9.72,300,-0.008275680243968964,0.06752078980207443,1.030910611152649,0.0045133596286177635,0.0267333984375,4.384450912475586
1153,2361344,509,0.5215057849884033,10.5,290,-0.009614177979528904,0.06862001121044159,1.0308419466018677,0.004936519078910351,0.0416259765625,4.44997501373291
1154,2363392,509,0.5522049576044082,9.77,305,-0.007204592227935791,0.06600625813007355,1.05696702003479,0.003300765994936228,0.0284423828125,4.463462829589844
1155,2365440,509,0.46296363592147827,10.24,296,-0.006309890188276768,0.06395482271909714,1.0856449604034424,0.003761216765269637,0.0325927734375,4.218231201171875
1156,2367488,509,0.5216545468568802,10.47,302,-0.0065433308482170105,0.06767211109399796,1.07023024559021,0.005500404164195061,0.044677734375,4.359776973724365
1157,2369536,509,0.5026809924840927,10.76,295,-0.002735544927418232,0.0629153698682785,1.115065097808838,0.0045458003878593445,0.03271484375,4.356709003448486
1158,2371584,509,0.4232314056158066,10.06,305,-0.014038958586752415,0.06170882657170296,1.0976800918579102,0.0031022485345602036,0.026123046875,4.171223163604736
1159,2373632,509,0.5617586773633957,9.83,298,-0.005108202807605267,0.062018752098083496,1.0797178745269775,0.0045438953675329685,0.0428466796875,4.518736839294434
1160,2375680,509,0.5221008288860322,9.82,305,-0.0043332744389772415,0.06497649103403091,1.096532940864563,0.004295518156141043,0.0379638671875,4.425081253051758
1161,2377728,509,0.45259173154830934,10.65,295,-0.013457542285323143,0.06155281513929367,1.1055724620819092,0.00523521238937974,0.0404052734375,4.4286346435546875
1162,2379776,509,0.513350413441658,8.81,310,-0.005346763879060745,0.06752456724643707,1.0918464660644531,0.004390607587993145,0.03173828125,4.403594493865967
1163,2381824,509,0.5033355355262756,9.47,310,-0.006992671638727188,0.07156743109226227,1.0680451393127441,0.004764027893543243,0.0450439453125,4.3446946144104
1164,2383872,509,0.5121157032251358,10.0,305,-0.022597623988986015,0.07096739113330841,1.1042441129684448,0.005473421886563301,0.0322265625,4.395470142364502
1165,2385920,509,0.5210595041513443,10.56,290,-0.00862670037895441,0.06265105307102203,1.1621614694595337,0.004533730447292328,0.0313720703125,4.084458827972412
1166,2387968,509,0.4532165277004242,9.99,297,-0.0156860314309597,0.06987769901752472,1.104343056678772,0.006473334971815348,0.03955078125,4.182347774505615
1167,2390016,509,0.5023388427495956,10.41,295,0.0005424190312623978,0.0621228888630867,1.168190836906433,0.0031252328772097826,0.02294921875,4.237517833709717
1168,2392064,509,0.4817438006401062,11.77,275,-0.014496700838208199,0.06259968876838684,1.131058931350708,0.00563614210113883,0.0224609375,4.25766658782959
1169,2394112,509,0.4630677688121796,9.69,302,-0.013414338231086731,0.062495969235897064,1.143884301185608,0.003937569446861744,0.0225830078125,4.100829124450684
1170,2396160,509,0.42346942245960234,10.59,300,-0.007593615911900997,0.06541768461465836,1.1176878213882446,0.00509524904191494,0.038818359375,4.116000652313232
1171,2398208,509,0.4026809912919998,11.53,285,-0.011929887346923351,0.05795912444591522,1.147757649421692,0.002967603737488389,0.028076171875,4.487847328186035
1172,2400256,509,0.5415206623077392,11.21,279,-0.012894521467387676,0.061345767229795456,1.1556687355041504,0.00589466467499733,0.02880859375,4.3604278564453125
1173,2402304,510,0.58153553545475,9.89,300,-0.008987369015812874,0.06689728796482086,1.1488820314407349,0.002449928317219019,0.0213623046875,4.434422492980957
1174,2404352,510,0.41376694083213805,10.83,282,-0.016089461743831635,0.060362640768289566,1.1188862323760986,0.005437762942165136,0.033203125,4.342830181121826
1175,2406400,510,0.4530975168943405,10.89,292,0.0032574571669101715,0.06233019381761551,1.0872750282287598,0.005655103363096714,0.037353515625,4.436969757080078
1176,2408448,510,0.5120859497785568,10.75,287,-0.01991390809416771,0.06291048228740692,1.0421688556671143,0.01024850457906723,0.050048828125,4.2695512771606445
1177,2410496,510,0.6006876021623612,10.22,297,-0.004188671708106995,0.06388460844755173,1.0413554906845093,0.005218278616666794,0.0367431640625,4.304678440093994
1178,2412544,510,0.4630380141735077,9.89,301,-0.01665305346250534,0.06444123387336731,1.063592791557312,0.004587278701364994,0.0311279296875,4.297725677490234
1179,2414592,510,0.45262148559093474,10.44,290,-0.017926320433616638,0.06779687851667404,1.0425289869308472,0.005474327597767115,0.04248046875,4.205758094787598
1180,2416640,510,0.4133652877807617,9.9,302,-0.00756266713142395,0.0618119053542614,1.032548427581787,0.0017914597410708666,0.026611328125,4.1775360107421875
1181,2418688,510,0.4235586792230606,10.19,302,-0.0062191067263484,0.06395770609378815,0.9896987676620483,0.0032653785310685635,0.0203857421875,4.230567932128906
1182,2420736,510,0.5215950417518616,10.52,306,-0.018984567373991013,0.0666966512799263,0.9731035828590393,0.00650264136493206,0.0306396484375,4.093744277954102
1183,2422784,510,0.43281487584114076,10.26,299,-0.005991638172417879,0.06434054672718048,1.035366177558899,0.00320205045863986,0.0301513671875,4.002502918243408
1184,2424832,510,0.5131421500444412,9.36,309,-0.007748018950223923,0.06536827981472015,1.0787053108215332,0.006636578589677811,0.0277099609375,3.970268726348877
1185,2426880,510,0.5715950435400009,9.69,308,-0.012714328244328499,0.0696893185377121,1.0633370876312256,0.005936142522841692,0.02783203125,4.145994186401367
1186,2428928,510,0.5036925625801086,10.18,316,-0.00512993149459362,0.07032065093517303,1.0251505374908447,0.0029322360642254353,0.024658203125,4.044310569763184
1187,2430976,510,0.5620561981201172,9.83,304,-0.005066616460680962,0.06704311817884445,1.0563151836395264,0.003033875720575452,0.0255126953125,4.040197849273682
1188,2433024,510,0.5713867777585984,9.01,310,-0.0049856193363666534,0.06509909778833389,1.0267059803009033,0.004434296861290932,0.02880859375,4.006117343902588
1189,2435072,510,0.47345454454422,9.03,320,-0.008837822824716568,0.0703970193862915,1.0646542310714722,0.005741925910115242,0.037353515625,3.9149107933044434
1190,2437120,510,0.45314214646816253,10.21,310,-0.012083686888217926,0.06630244106054306,1.0219674110412598,0.006917272228747606,0.027587890625,3.9581716060638428
1191,2439168,510,0.49229421198368073,9.69,301,-0.004815347492694855,0.07047925144433975,1.0577495098114014,0.003095681546255946,0.0318603515625,4.146029949188232
1192,2441216,510,0.44321653187274934,10.0,310,-0.0171334408223629,0.06937229633331299,1.1095772981643677,0.006006735842674971,0.02685546875,4.172850608825684
1193,2443264,510,0.5525173544883728,9.28,308,-0.007125619798898697,0.06860227882862091,1.0728957653045654,0.005652138032019138,0.0419921875,4.208731651306152
1194,2445312,510,0.5027553737163544,9.69,306,-0.011880185455083847,0.06362870335578918,1.0581406354904175,0.004539250396192074,0.02490234375,4.179732799530029
1195,2447360,510,0.40384132027626035,10.33,309,-0.010354953818023205,0.06407316029071808,1.0264484882354736,0.0032907305285334587,0.033935546875,4.1643452644348145
1196,2449408,510,0.5033355349302292,9.79,317,0.0005702674388885498,0.06893812119960785,1.064777135848999,0.005146743264049292,0.0216064453125,3.9590063095092773
1197,2451456,510,0.5711041313409805,9.98,318,-0.009465868584811687,0.07108131051063538,1.0734665393829346,0.004240117035806179,0.031005859375,4.081004619598389
1198,2453504,510,0.5222198349237442,9.79,302,-0.011216387152671814,0.06580235064029694,1.0996065139770508,0.003935558721423149,0.02880859375,4.063539505004883
1199,2455552,510,0.500092561841011,11.19,303,-0.015364304184913635,0.06405144184827805,1.0927085876464844,0.006459263153374195,0.022705078125,4.159322261810303
1200,2457600,510,0.47370743870735166,9.03,313,-0.01618814468383789,0.06684410572052002,1.131205439567566,0.005589012056589127,0.0302734375,4.0622944831848145
1201,2459648,510,0.5316396689414978,10.62,296,-0.011039495468139648,0.06732513010501862,1.0930352210998535,0.0026989185716956854,0.0191650390625,4.267593860626221
1202,2461696,510,0.541386775970459,10.44,299,-0.01541774533689022,0.06529448926448822,1.1629055738449097,0.0034245566930621862,0.024658203125,4.096710205078125
1203,2463744,510,0.4716545444726944,10.99,286,-0.01715817302465439,0.06334234029054642,1.1861786842346191,0.004032949451357126,0.0181884765625,4.011832237243652
1204,2465792,510,0.4911041313409805,11.3,291,-0.012142645195126534,0.05995512381196022,1.1556744575500488,0.004793126136064529,0.03759765625,4.215976238250732
1205,2467840,510,0.4727851229906082,10.07,289,0.0011045299470424652,0.06539025902748108,1.1705145835876465,0.006250560283660889,0.03271484375,4.031611442565918
1206,2469888,510,0.47207107543945315,10.57,292,-0.011716265231370926,0.0626535415649414,1.1816054582595825,0.005922029726207256,0.03662109375,4.208910942077637
1207,2471936,510,0.5409107428789138,11.09,282,-0.002900686115026474,0.06002086028456688,1.2094296216964722,0.0027536891866475344,0.0260009765625,4.422398567199707
1208,2473984,510,0.3836181819438934,11.22,292,-0.006379753351211548,0.06100917607545853,1.2110193967819214,0.004356173798441887,0.0302734375,4.065939903259277
1209,2476032,510,0.48251735389232636,10.42,293,-0.009078453294932842,0.06431233882904053,1.1985397338867188,0.003702902002260089,0.0255126953125,4.168888092041016
1210,2478080,510,0.4524578493833542,10.83,267,-0.010932030156254768,0.0551406629383564,1.2467833757400513,0.005794546566903591,0.030517578125,4.240627288818359
1211,2480128,510,0.5204347097873687,11.49,271,-0.006509092170745134,0.05676509067416191,1.2833993434906006,0.012473642826080322,0.055419921875,4.22996711730957
1212,2482176,510,0.49104462563991547,12.15,265,-0.00866544246673584,0.05824118107557297,1.281114101409912,0.004018304869532585,0.032958984375,4.299156188964844
1213,2484224,510,0.48015206813812256,13.29,255,-0.014898136258125305,0.052940428256988525,1.2215874195098877,0.007759306579828262,0.0379638671875,4.351014614105225
1214,2486272,510,0.5308809918165207,11.57,268,-0.012788347899913788,0.05428580194711685,1.2461575269699097,0.007775918114930391,0.046630859375,4.275600433349609
1215,2488320,510,0.490241322517395,12.15,262,-0.014008339494466782,0.060439735651016235,1.1766639947891235,0.007651998661458492,0.046875,4.393347263336182
1216,2490368,510,0.5620859521627426,9.55,301,4.849396646022797e-06,0.06225759536027908,1.144702672958374,0.0026480569504201412,0.0206298828125,4.115952968597412
1217,2492416,510,0.5622049582004547,9.7,298,-0.0013287588953971863,0.06627003848552704,1.13184654712677,0.004565499722957611,0.0274658203125,4.241978645324707
1218,2494464,510,0.4628148764371872,10.72,281,-0.01605050265789032,0.06279224902391434,1.2095859050750732,0.005943384021520615,0.031982421875,4.130315780639648
1219,2496512,510,0.5103305798768997,10.83,285,-0.007888849824666977,0.0628371387720108,1.213822364807129,0.006058757193386555,0.0455322265625,4.302797317504883
1220,2498560,510,0.5011785113811493,13.07,258,-0.01519723515957594,0.05173788219690323,1.242910623550415,0.006850310601294041,0.0313720703125,4.405344009399414
1221,2500608,510,0.4232314056158066,9.94,292,-0.016704991459846497,0.0634228065609932,1.1954679489135742,0.005224709864705801,0.0362548828125,4.17795467376709
1222,2502656,510,0.5310148751735687,12.04,276,-0.008383210748434067,0.05841745436191559,1.2073315382003784,0.004149517975747585,0.0263671875,4.391578674316406
1223,2504704,510,0.44256198048591616,10.89,294,-0.008985714986920357,0.06622044742107391,1.242971658706665,0.005420798435807228,0.0218505859375,4.291131496429443
1224,2506752,510,0.5208066093921662,11.89,268,-0.014087594114243984,0.05834631994366646,1.2991440296173096,0.008183497935533524,0.0517578125,4.3777642250061035
1225,2508800,510,0.5899586766958237,11.03,281,-0.019205089658498764,0.06201136112213135,1.3055264949798584,0.005873247981071472,0.01806640625,4.3445940017700195
1226,2510848,510,0.4607917368412018,12.6,267,-0.013485128059983253,0.05934759974479675,1.2915433645248413,0.0027690266724675894,0.0242919921875,4.514260292053223
1227,2512896,510,0.41278512418270114,11.96,277,-0.005005160346627235,0.06256768852472305,1.335199236869812,0.004768236540257931,0.034912109375,4.520770072937012
1228,2514944,510,0.5606727290153504,11.86,267,-0.011484973132610321,0.059443652629852295,1.2672779560089111,0.007200499065220356,0.039306640625,4.471652030944824
1229,2516992,510,0.4712380188703537,12.37,267,-0.014325965195894241,0.059657301753759384,1.327424168586731,0.0063431644812226295,0.034912109375,4.358499050140381
1230,2519040,510,0.5008809924125671,12.06,266,-0.01163463294506073,0.05757664516568184,1.3162504434585571,0.0038896275218576193,0.022705078125,4.434329509735107
1231,2521088,510,0.5401371920108795,12.09,263,-0.009366490878164768,0.05673496052622795,1.2776225805282593,0.01000020932406187,0.041015625,4.452669620513916
1232,2523136,510,0.5605388426780701,11.46,273,-0.018633518368005753,0.05961022526025772,1.2300184965133667,0.007582874037325382,0.024658203125,4.489027976989746
1233,2525184,510,0.5397504144906997,12.55,269,-0.003450244665145874,0.059209831058979034,1.221932291984558,0.005013761110603809,0.022705078125,4.435960292816162
1234,2527232,510,0.4923834699392319,10.98,287,-0.012024772353470325,0.06405138969421387,1.2364188432693481,0.006050482392311096,0.0338134765625,4.309164047241211
1235,2529280,510,0.4238115692138672,10.11,289,-0.010563928633928299,0.056938424706459045,1.2166153192520142,0.0037801230791956186,0.025634765625,4.240882873535156
1236,2531328,510,0.5707024794816971,11.28,279,-0.008767282590270042,0.058324337005615234,1.2258329391479492,0.004035407677292824,0.0189208984375,4.369763374328613
1237,2533376,510,0.5326661157608032,9.83,298,-0.0018874481320381165,0.062201641499996185,1.2663543224334717,0.005205095279961824,0.019287109375,4.169288635253906
1238,2535424,510,0.5008363646268844,12.82,259,-0.012552570551633835,0.05320506542921066,1.277443528175354,0.0033020232804119587,0.0382080078125,4.379766464233398
1239,2537472,510,0.4700330585241318,13.24,261,-0.00724448636174202,0.0555499903857708,1.2420445680618286,0.005459134466946125,0.0299072265625,4.292999744415283
1240,2539520,510,0.539571903347969,11.86,262,-0.006140399724245071,0.056723300367593765,1.2220650911331177,0.0049201929941773415,0.05029296875,4.45237922668457
1241,2541568,510,0.5021752065420151,9.85,296,-0.012722405605018139,0.06403185427188873,1.1655408143997192,0.005472488701343536,0.0206298828125,4.195606708526611
1242,2543616,510,0.43339504301548004,11.15,282,-0.007766660302877426,0.05920035392045975,1.1772494316101074,0.0024385859724134207,0.020751953125,4.204164505004883
1243,2545664,510,0.5311190074682236,11.4,273,-0.006227139383554459,0.05936822295188904,1.1885844469070435,0.005556278396397829,0.0218505859375,4.324370861053467
1244,2547712,510,0.4819966971874237,12.25,271,-0.011484856717288494,0.05988409370183945,1.2301967144012451,0.0048380522057414055,0.03564453125,4.300912380218506
1245,2549760,510,0.4615504133701325,11.06,272,-0.0088705038651824,0.05689186230301857,1.247357726097107,0.005967136472463608,0.0306396484375,4.245027542114258
1246,2551808,510,0.501327275633812,10.4,292,-0.016327980905771255,0.0679277628660202,1.2467122077941895,0.005210192408412695,0.0526123046875,4.429452896118164
1247,2553856,510,0.5485900801420212,12.4,273,-0.01551903411746025,0.0574277862906456,1.207491397857666,0.011112541891634464,0.0733642578125,4.481479167938232
1248,2555904,510,0.500226446390152,11.15,290,0.00040093064308166504,0.06173485517501831,1.215564489364624,0.00822744145989418,0.0400390625,4.449825286865234
1249,2557952,510,0.413811571598053,11.17,287,-0.0005546659231185913,0.0658009871840477,1.2280080318450928,0.003597719594836235,0.02197265625,4.395778656005859
1250,2560000,510,0.4707619822025299,13.42,261,-0.009778703562915325,0.05486433207988739,1.2372983694076538,0.004887381102889776,0.0352783203125,4.526693344116211
1251,2562048,510,0.47086611330509187,11.82,270,-0.016726689413189888,0.06019863858819008,1.3134706020355225,0.006350534502416849,0.029541015625,4.284139633178711
1252,2564096,510,0.4925024795532227,11.64,276,-0.01567937061190605,0.05938822403550148,1.2810726165771484,0.005534780211746693,0.0399169921875,4.399620532989502
1253,2566144,510,0.5306727260351181,11.25,258,-0.016290701925754547,0.052928462624549866,1.256056547164917,0.0051266904920339584,0.0233154296875,4.478526592254639
1254,2568192,510,0.5125619840621948,10.57,293,-0.010500438511371613,0.058970484882593155,1.16435968875885,0.0045576319098472595,0.042724609375,4.25677490234375
1255,2570240,510,0.48129752337932585,11.58,277,-0.007476840168237686,0.05618860945105553,1.1888189315795898,0.007100318558514118,0.0452880859375,4.3877177238464355
1256,2572288,510,0.41253223419189455,11.53,274,-0.010745489969849586,0.057348378002643585,1.208365559577942,0.0047907354310154915,0.0245361328125,4.4522385597229
1257,2574336,510,0.4925024795532227,9.58,304,-0.01363459974527359,0.065717913210392,1.1886460781097412,0.003357501467689872,0.01904296875,4.254880905151367
1258,2576384,510,0.4226066118478775,11.12,274,-0.0073940083384513855,0.06042477861046791,1.2405545711517334,0.0052970475517213345,0.019775390625,4.323480129241943
1259,2578432,510,0.5096909075975418,12.39,260,-0.007201626896858215,0.05219775438308716,1.3019695281982422,0.006451415829360485,0.0228271484375,4.44893741607666
1260,2580480,510,0.48198181986808775,12.54,249,-0.011342115700244904,0.05227772891521454,1.3235962390899658,0.0034969630651175976,0.0228271484375,4.717304706573486
1261,2582528,510,0.4605983465909958,13.05,260,-0.007314381189644337,0.05830342322587967,1.2564886808395386,0.0050942557863891125,0.0335693359375,4.5597381591796875
1262,2584576,511,0.5107768613100052,12.05,261,-0.021604731678962708,0.05553681403398514,1.2151740789413452,0.008282563649117947,0.033935546875,4.535459995269775
1263,2586624,510,0.519170247912407,12.79,271,-0.004767661914229393,0.05578255653381348,1.269801378250122,0.004284176975488663,0.023681640625,4.443514347076416
1264,2588672,510,0.49986942291259767,12.64,264,-0.008161837235093117,0.05980317294597626,1.2039527893066406,0.003485450055450201,0.03857421875,4.601926326751709
1265,2590720,511,0.4316842967271805,12.34,266,-0.008226534351706505,0.060487762093544006,1.1925724744796753,0.00264801480807364,0.0191650390625,4.48718786239624
1266,2592768,511,0.5498247939348221,11.99,267,-0.00981984008103609,0.05911244451999664,1.2481696605682373,0.0037970643024891615,0.02880859375,4.588374137878418
1267,2594816,511,0.479080992937088,14.05,253,-0.00904523953795433,0.052788082510232925,1.3048256635665894,0.005295582115650177,0.025146484375,4.532355785369873
1268,2596864,511,0.4222049582004547,12.02,268,-0.013041849248111248,0.059515103697776794,1.3198692798614502,0.0050265248864889145,0.0341796875,4.512135982513428
1269,2598912,511,0.509170247912407,14.71,237,-0.007937304675579071,0.04320302605628967,1.3705589771270752,0.008262529969215393,0.042724609375,4.848753929138184
1270,2600960,511,0.4793338841199875,13.61,253,-0.0036022160202264786,0.05516919493675232,1.3458125591278076,0.0065791369415819645,0.0416259765625,4.926505088806152
1271,2603008,511,0.4302710747718811,15.23,236,-0.006383166648447514,0.04670989513397217,1.346451997756958,0.0042680976912379265,0.0252685546875,4.777612209320068
1272,2605056,511,0.49952727496623994,13.44,242,-0.013580032624304295,0.05231450870633125,1.3367927074432373,0.0038996597286313772,0.026611328125,4.884298324584961
1273,2607104,511,0.4391107445955276,14.63,249,-0.01017962396144867,0.050937503576278687,1.3053851127624512,0.0034627430140972137,0.0296630859375,4.836512088775635
1274,2609152,511,0.3820264458656311,14.19,239,-0.00957576185464859,0.04457300901412964,1.3245011568069458,0.006883312948048115,0.0439453125,4.787651062011719
1275,2611200,511,0.6082181817293167,13.11,262,-0.010436119511723518,0.06031281501054764,1.281883716583252,0.004373096860945225,0.042724609375,4.67259407043457
1276,2613248,511,0.4716099172830582,11.33,278,-0.009783387184143066,0.06062144786119461,1.250868320465088,0.004730783868581057,0.0322265625,4.6070780754089355
1277,2615296,511,0.45165454685688017,12.24,268,-0.01177951879799366,0.0555109865963459,1.2496391534805298,0.004414113238453865,0.028076171875,4.671144962310791
1278,2617344,511,0.47137190103530885,10.98,278,-0.009229293093085289,0.06019315496087074,1.2800792455673218,0.005791673436760902,0.0255126953125,4.388051986694336
1279,2619392,511,0.3834545439481735,12.07,269,-0.01367538794875145,0.05789919197559357,1.3072417974472046,0.005298921838402748,0.0389404296875,4.521394729614258
1280,2621440,511,0.5303454566001892,11.79,269,-0.017985060811042786,0.0549219585955143,1.2745944261550903,0.004268812481313944,0.01904296875,4.531766891479492
1281,2623488,511,0.3643322330713272,10.52,277,-0.006536319386214018,0.053562697023153305,1.2635654211044312,0.0028015985153615475,0.023193359375,4.489591121673584
1282,2625536,511,0.46198181688785556,11.46,274,-0.007649723440408707,0.05692875757813454,1.1930387020111084,0.009358391165733337,0.0623779296875,4.425406455993652
1283,2627584,511,0.4920859497785568,12.09,270,-0.0022161519154906273,0.061281777918338776,1.1536403894424438,0.0037212329916656017,0.030029296875,4.519903182983398
1284,2629632,511,0.5688280993700028,12.22,269,-0.00508585199713707,0.058665163815021515,1.192150354385376,0.006033310666680336,0.047119140625,4.440724849700928
1285,2631680,511,0.5516545456647873,11.45,281,-0.008418112993240356,0.06173183023929596,1.164278268814087,0.003664941992610693,0.019287109375,4.426258087158203
1286,2633728,511,0.5991256195306778,12.02,274,-0.01078241690993309,0.057225193828344345,1.195560336112976,0.004334671888500452,0.0235595703125,4.32119607925415
1287,2635776,511,0.4230528950691223,11.84,277,-0.010522555559873581,0.06016160547733307,1.1813770532608032,0.005966399796307087,0.02978515625,4.244252681732178
1288,2637824,511,0.48180330634117124,11.7,282,-0.007209425792098045,0.06342577934265137,1.1202282905578613,0.00334910093806684,0.0238037109375,4.402805328369141
1289,2639872,511,0.46187768518924716,10.66,289,-0.012161999940872192,0.05864650011062622,1.186818242073059,0.003435326972976327,0.0301513671875,4.085403919219971
1290,2641920,511,0.4615206617116928,11.66,282,-0.008315753191709518,0.06243889778852463,1.1459591388702393,0.009484601207077503,0.0399169921875,4.367122650146484
1291,2643968,511,0.5618479335308075,10.32,304,-0.005882779136300087,0.06476594507694244,1.0767428874969482,0.00603137630969286,0.0257568359375,4.09089994430542
1292,2646016,511,0.5719371891021728,9.24,292,-0.00808781199157238,0.06282225996255875,1.0948193073272705,0.0038871944416314363,0.0345458984375,4.23436164855957
1293,2648064,511,0.4825024789571762,10.17,293,-0.0021687308326363564,0.06586397439241409,1.1339143514633179,0.004390919581055641,0.0328369140625,4.181249618530273
1294,2650112,511,0.5136628091335297,9.15,299,-0.009470082819461823,0.061960846185684204,1.1344690322875977,0.0029592840000987053,0.036376953125,4.184679985046387
1295,2652160,511,0.4738710743188858,10.51,294,-0.0025926013477146626,0.05906744673848152,1.123349905014038,0.004771358799189329,0.032470703125,4.242305755615234
1296,2654208,511,0.5325322300195694,11.33,287,-0.010709387250244617,0.05903039872646332,1.1625635623931885,0.0029286774806678295,0.03125,4.250770568847656
1297,2656256,511,0.44416859567165373,9.74,310,-0.00649833120405674,0.06584946811199188,1.0964453220367432,0.0047020260244607925,0.022216796875,4.269283771514893
1298,2658304,511,0.4034247946739197,11.03,299,-0.011412553489208221,0.06481070071458817,1.035761833190918,0.004035232122987509,0.017578125,4.356855869293213
1299,2660352,511,0.5024876046180725,10.58,300,-0.010023849084973335,0.06398393958806992,1.0735372304916382,0.004024757072329521,0.0242919921875,4.339052677154541
1300,2662400,511,0.5329487574100494,9.02,309,-0.010613486170768738,0.06553040444850922,1.1647558212280273,0.00782419927418232,0.03466796875,4.328225612640381
1301,2664448,511,0.5018776875734329,10.26,299,-0.003600003197789192,0.06588463485240936,1.182573676109314,0.005996565334498882,0.0323486328125,4.562896728515625
1302,2666496,511,0.5698991733789444,11.53,284,-0.001229502260684967,0.06207990646362305,1.1768217086791992,0.0025774973910301924,0.0269775390625,4.807004928588867
1303,2668544,511,0.5308512407541275,10.63,292,-0.00826064869761467,0.06124729663133621,1.164827585220337,0.0026479733642190695,0.03125,4.354766845703125
1304,2670592,511,0.5101966941356659,11.52,280,-0.012140629813075066,0.05689140036702156,1.1672396659851074,0.004165094345808029,0.0418701171875,4.797603130340576
1305,2672640,511,0.47980991780757903,12.8,275,-0.007298115640878677,0.06191657856106758,1.1580219268798828,0.007759581319987774,0.0391845703125,4.687520980834961
1306,2674688,511,0.48190743863582614,10.1,278,-0.0013876184821128845,0.05889560282230377,1.1373449563980103,0.00436434056609869,0.0218505859375,4.615169525146484
1307,2676736,511,0.44244297802448274,11.17,295,-0.014017218723893166,0.06355011463165283,1.09707772731781,0.00284190964885056,0.01513671875,4.550196647644043
1308,2678784,511,0.4521305799484253,10.37,297,-0.008179377764463425,0.06457733362913132,1.1495612859725952,0.002173459390178323,0.017578125,4.543148994445801
1309,2680832,511,0.42207107424736023,10.27,294,-0.01018374040722847,0.06340884417295456,1.0730069875717163,0.004702802747488022,0.0263671875,4.550841808319092
1310,2682880,511,0.49088099420070647,10.93,295,-0.004232173785567284,0.059819288551807404,1.0869052410125732,0.005277574993669987,0.0279541015625,4.721399307250977
1311,2684928,511,0.4520264476537704,10.22,307,-0.01365881972014904,0.07159668207168579,1.1219100952148438,0.004827150609344244,0.0360107421875,4.477451324462891
1312,2686976,511,0.4822495895624161,10.92,291,-0.01190202683210373,0.06204817444086075,1.2029739618301392,0.005150017328560352,0.0267333984375,4.5079803466796875
1313,2689024,511,0.4237371915578842,10.91,290,-0.008331184275448322,0.06616543978452682,1.1549162864685059,0.004143122583627701,0.0230712890625,4.759514808654785
1314,2691072,511,0.5223834711313248,10.26,297,-0.009336881339550018,0.0690486952662468,1.1206438541412354,0.003534566378220916,0.0360107421875,4.6151814460754395
1315,2693120,511,0.5920115715265274,9.51,304,-0.0029473588801920414,0.06528015434741974,1.0354695320129395,0.005598577670753002,0.033203125,4.495151519775391
1316,2695168,511,0.513082645535469,9.13,332,0.000668663065880537,0.0688369870185852,1.0474462509155273,0.0034334021620452404,0.0230712890625,4.304954528808594
1317,2697216,510,0.5719669437408448,9.59,323,-0.014135673642158508,0.06881740689277649,0.9854128956794739,0.0033515209797769785,0.021484375,4.360669136047363
1318,2699264,511,0.3942876064777374,9.4,318,-0.010167742148041725,0.06860193610191345,0.9649207592010498,0.0037254919297993183,0.0189208984375,4.334352493286133
1319,2701312,511,0.3651652902364731,8.76,333,1.9373372197151184e-05,0.07234083116054535,0.8463889360427856,0.0038164290599524975,0.0155029296875,4.180793762207031
1320,2703360,510,0.5226661151647568,9.54,325,-0.008383471518754959,0.07054375112056732,0.9217671155929565,0.005614030174911022,0.0418701171875,4.358243465423584
1321,2705408,511,0.551089255809784,9.65,320,-0.005743992514908314,0.06945106387138367,0.9726701974868774,0.0017840354703366756,0.0145263671875,4.298530578613281
1322,2707456,511,0.5429190081357956,8.01,344,-0.011351271532475948,0.07502777129411697,0.9623019099235535,0.00387116358615458,0.01904296875,4.298830986022949
1323,2709504,511,0.5137520664930344,8.62,333,-0.007205713540315628,0.0699203684926033,0.9590244293212891,0.0034252917394042015,0.021240234375,4.261575698852539
1324,2711552,511,0.5522495895624161,8.97,326,-0.008279293775558472,0.07036192715167999,0.9711199998855591,0.006291757337749004,0.02587890625,4.463232517242432
1325,2713600,511,0.4444363611936569,8.43,333,-0.007194843143224716,0.07024302333593369,0.9491523504257202,0.005821668542921543,0.0374755859375,4.550642490386963
1326,2715648,511,0.5125768584012985,9.62,321,0.00030278321355581284,0.067268006503582,0.9616795182228088,0.002575373277068138,0.0174560546875,4.411819934844971
1327,2717696,510,0.49227933943271635,9.46,307,0.002603926695883274,0.06509571522474289,1.0140283107757568,0.007529078517109156,0.0194091796875,4.686094284057617
1328,2719744,510,0.5231421494483948,8.94,320,-0.006644490174949169,0.07400406897068024,1.0380369424819946,0.0025467865634709597,0.0189208984375,4.597457408905029
1329,2721792,510,0.4732462817430496,9.8,313,-0.0033640284091234207,0.0678693875670433,0.9740216732025146,0.0032459706999361515,0.0203857421875,4.602931499481201
1330,2723840,510,0.4343173539638519,9.5,312,-0.004764007870107889,0.0668102353811264,0.9545191526412964,0.004984153900295496,0.021240234375,4.635112762451172
1331,2725888,510,0.5227404934167862,9.84,306,-0.007485482841730118,0.06452924013137817,0.977831244468689,0.004964407999068499,0.020751953125,4.717288970947266
1332,2727936,510,0.47391570270061495,7.97,336,-0.0036612888798117638,0.0705367773771286,0.9038322567939758,0.0038240537978708744,0.0208740234375,4.354568958282471
1333,2729984,510,0.45372231423854825,9.26,319,0.0005945619195699692,0.0681597962975502,0.9319762587547302,0.004358954261988401,0.0216064453125,4.396451950073242
1334,2732032,510,0.5032760322093963,9.32,323,-0.007161606103181839,0.06957472115755081,0.9610127210617065,0.0032804564107209444,0.0147705078125,4.325560569763184
1335,2734080,510,0.47302314043045046,9.12,324,-0.013419214636087418,0.07056359946727753,0.9638093113899231,0.0034267939627170563,0.01513671875,4.293686389923096
1336,2736128,510,0.4926214861869812,9.46,327,-0.005021898075938225,0.0690559446811676,0.9814910888671875,0.003346946556121111,0.0255126953125,4.37562894821167
1337,2738176,510,0.522011569738388,9.97,311,-0.00840749591588974,0.0640162006020546,1.0178407430648804,0.0038604915607720613,0.02197265625,4.445647716522217
1338,2740224,510,0.5431421458721161,9.79,318,-0.010408850386738777,0.06861506402492523,0.9030128717422485,0.003529553534463048,0.0172119140625,4.536434173583984
1339,2742272,511,0.5334991753101349,8.29,328,-0.012426120229065418,0.06422892957925797,0.9301945567131042,0.0025912667624652386,0.021484375,4.1808905601501465
1340,2744320,511,0.4740793377161026,8.63,333,-0.0004565548151731491,0.07142386585474014,0.8799331784248352,0.0019205915741622448,0.01953125,4.309558868408203
1341,2746368,510,0.5332016497850418,8.57,329,-0.004648678004741669,0.06958527863025665,0.9178301692008972,0.0025146985426545143,0.0303955078125,4.1242499351501465
1342,2748416,510,0.434406613111496,8.67,328,-0.009777326136827469,0.06765866279602051,0.9403637051582336,0.005485347472131252,0.0225830078125,4.2537455558776855
1343,2750464,510,0.433067769408226,9.3,322,-0.0017717033624649048,0.06417220085859299,0.9384914636611938,0.004368912428617477,0.0306396484375,4.356307506561279
1344,2752512,510,0.47413884282112123,8.5,332,-0.0008951667696237564,0.07167758792638779,0.8730573654174805,0.003268920350819826,0.02099609375,4.397413730621338
1345,2754560,510,0.5333950412273407,8.43,333,-0.007335793226957321,0.07494617998600006,0.9260298013687134,0.003470485331490636,0.021728515625,4.363216876983643
1346,2756608,510,0.47349917232990263,8.66,334,-0.0009832493960857391,0.07257632166147232,0.8615161180496216,0.0028634604532271624,0.0228271484375,4.450290679931641
1347,2758656,510,0.5720710754394531,9.0,330,-0.007646375335752964,0.07265374809503555,1.0010768175125122,0.004195517860352993,0.0201416015625,4.210594177246094
1348,2760704,510,0.5400330573320389,10.88,306,-0.0014758575707674026,0.06294938176870346,1.0010795593261719,0.003739339066669345,0.0255126953125,4.4278340339660645
1349,2762752,510,0.4436033058166504,8.75,318,-0.011636359617114067,0.06569495797157288,0.9500149488449097,0.0022962247021496296,0.0201416015625,4.443734169006348
1350,2764800,510,0.4731272715330124,9.97,309,-0.009287241846323013,0.06860727816820145,0.9992848038673401,0.0046100011095404625,0.0235595703125,4.515502452850342
1351,2766848,510,0.4638710767030716,9.0,340,-0.010241623967885971,0.07248620688915253,0.9565912485122681,0.003940047696232796,0.020751953125,4.327733516693115
1352,2768896,510,0.5030677670240402,9.2,321,-0.004276217892765999,0.07393944263458252,1.040586233139038,0.003966758027672768,0.022216796875,4.555085182189941
1353,2770944,510,0.4927107435464859,10.34,310,-0.011130919679999352,0.06666278094053268,1.0385886430740356,0.001451864605769515,0.0157470703125,4.51902437210083
1354,2772992,510,0.5712231403589249,9.7,318,-0.009810328483581543,0.06862223893404007,0.9993463754653931,0.004031679127365351,0.02685546875,4.6974310874938965
1355,2775040,510,0.5230082643032073,8.85,318,-0.007961522787809372,0.0684421956539154,1.0100349187850952,0.003317161463201046,0.0244140625,4.592820167541504
1356,2777088,510,0.46300826489925384,9.35,320,-0.008653310127556324,0.0693979263305664,1.034406304359436,0.004526928998529911,0.0302734375,4.675737380981445
1357,2779136,510,0.5322049599885941,9.84,316,-0.011626745574176311,0.07174792885780334,1.0481160879135132,0.003251147922128439,0.021728515625,4.561819553375244
1358,2781184,510,0.5125024783611297,9.97,310,-0.014500100165605545,0.06606379896402359,1.0558369159698486,0.004767266102135181,0.0311279296875,4.569211006164551
1359,2783232,510,0.4512082642316818,11.9,296,-0.004687570035457611,0.062097854912281036,1.1076163053512573,0.002844821196049452,0.0260009765625,4.640676498413086
1360,2785280,510,0.5428743821382522,8.93,317,-0.011839467100799084,0.06923061609268188,1.0558671951293945,0.002488125581294298,0.0166015625,4.344593048095703
1361,2787328,510,0.5412082660198212,10.4,306,-0.01620279997587204,0.07147197425365448,1.051438808441162,0.003151028649881482,0.014404296875,4.317462921142578
1362,2789376,510,0.5122049570083618,9.48,314,-0.010937451384961605,0.06438271701335907,1.1010103225708008,0.007033842615783215,0.0218505859375,4.330677032470703
1363,2791424,510,0.38372231543064117,11.86,291,-0.009431128390133381,0.06108415126800537,1.1229661703109741,0.003753796685487032,0.022216796875,4.39638090133667
1364,2793472,511,0.512130578160286,9.73,299,-0.010932058095932007,0.06695148348808289,1.1408450603485107,0.003034191904589534,0.0245361328125,4.364385604858398
1365,2795520,510,0.4722049582004547,10.53,296,-0.0045876214280724525,0.06366690248250961,1.1574498414993286,0.0038753279950469732,0.028076171875,4.299374580383301
1366,2797568,510,0.4134396702051163,10.64,304,-0.009648581966757774,0.06717289984226227,1.1302798986434937,0.0025881086476147175,0.013427734375,4.197808265686035
1367,2799616,510,0.47190743923187256,10.5,295,-0.0006999475881457329,0.06445692479610443,1.0579200983047485,0.003054268890991807,0.0208740234375,4.453744411468506
1368,2801664,510,0.6208214884996415,10.01,314,-0.004497841000556946,0.06508170068264008,1.0435363054275513,0.00232319300994277,0.0185546875,4.353061676025391
1369,2803712,510,0.5714611583948135,10.57,297,-0.004804439377039671,0.06319770961999893,1.0878064632415771,0.0027134728152304888,0.0206298828125,4.468486309051514
1370,2805760,510,0.5215950417518616,10.53,295,-0.009325943887233734,0.06480314582586288,1.0631287097930908,0.0023537930101156235,0.0279541015625,4.322464466094971
1371,2807808,510,0.4937371915578842,9.03,308,-0.008442802354693413,0.0647938922047615,1.0598042011260986,0.0049237776547670364,0.026611328125,4.191260814666748
1372,2809856,510,0.4740495878458023,9.58,301,-0.004780713468790054,0.06323220580816269,1.1097739934921265,0.002989038825035095,0.022216796875,4.093837738037109
1373,2811904,510,0.4140347099304199,10.67,301,-0.012916122563183308,0.06383328139781952,1.0473185777664185,0.0066746436059474945,0.031494140625,4.261597156524658
1374,2813952,510,0.4338264465332031,9.35,311,-0.006264179013669491,0.06974369287490845,0.9300730228424072,0.006444873753935099,0.0411376953125,3.9920969009399414
1375,2816000,510,0.49330578327178953,9.3,314,-0.01108486671000719,0.06900002062320709,0.9805643558502197,0.0022825433406978846,0.01416015625,3.912224769592285
1376,2818048,510,0.5230826419591904,9.02,330,-0.0077285803854465485,0.06736397743225098,0.9703359007835388,0.0029578167013823986,0.013427734375,3.9588634967803955
1377,2820096,510,0.47451074242591856,8.61,325,0.00040616095066070557,0.07297811657190323,0.9524989724159241,0.00349196745082736,0.022216796875,3.9950664043426514
1378,2822144,510,0.5518628090620041,9.66,310,-0.004339737817645073,0.06945435702800751,0.9548494219779968,0.004026575945317745,0.032958984375,4.022848606109619
1379,2824192,510,0.5321454536914826,9.44,323,-0.009432483464479446,0.06828367710113525,1.0127867460250854,0.0054776631295681,0.02001953125,3.904630422592163
1380,2826240,511,0.41391570210456846,9.34,320,-0.015375994145870209,0.07124186307191849,1.0480455160140991,0.0034137344919145107,0.0247802734375,3.994594097137451
1381,2828288,511,0.47302313983440397,10.99,299,-0.012850313447415829,0.063277468085289,1.1033304929733276,0.007406350690871477,0.0284423828125,3.9415764808654785
1382,2830336,511,0.44412396728992465,9.54,311,-0.010100259445607662,0.06759914010763168,1.1158440113067627,0.0041386522352695465,0.0205078125,4.131023406982422
1383,2832384,511,0.4338561987876892,10.48,290,-0.01209622249007225,0.06113030016422272,1.0715253353118896,0.0026676636189222336,0.0203857421875,4.222901821136475
1384,2834432,511,0.48169917345047,10.06,300,-0.0060934387147426605,0.06385410577058792,1.1378514766693115,0.003295677015557885,0.026123046875,4.116998672485352
1385,2836480,511,0.4226363641023636,11.32,283,-0.007113764062523842,0.06056147813796997,1.2016773223876953,0.0033872821368277073,0.0225830078125,4.252440929412842
1386,2838528,511,0.4632016545534134,10.99,288,-0.016583044081926346,0.062469322234392166,1.0963717699050903,0.005414887331426144,0.01904296875,4.364369869232178
1387,2840576,511,0.5615801650285721,10.0,301,-0.012004374526441097,0.06705111265182495,1.1359347105026245,0.0033266525715589523,0.0218505859375,4.26722526550293
1388,2842624,511,0.5212231415510178,11.41,284,-0.016670672222971916,0.06106216460466385,1.1264760494232178,0.003653274616226554,0.0235595703125,4.319931983947754
1389,2844672,511,0.434510743021965,9.42,303,-0.0022514257580041885,0.06590654700994492,1.140064001083374,0.0054593803361058235,0.0201416015625,4.271269798278809
1390,2846720,511,0.452859503030777,10.79,281,-0.0024529919028282166,0.06294215470552444,1.117262363433838,0.0033064717426896095,0.021728515625,4.374240875244141
1391,2848768,511,0.5214909100532532,10.91,310,-0.010329829528927803,0.06758907437324524,1.1299412250518799,0.0039924997836351395,0.013427734375,4.327352046966553
1392,2850816,511,0.4631867772340775,9.34,301,-0.018695276230573654,0.06707984954118729,1.1558278799057007,0.004630060866475105,0.0279541015625,4.170886516571045
1393,2852864,511,0.4919223153591156,11.64,285,-0.009495316073298454,0.061700209975242615,1.1716684103012085,0.005378433503210545,0.02978515625,3.977863073348999
1394,2854912,511,0.4630677682161331,10.02,306,-0.010460525751113892,0.06401782482862473,1.1514465808868408,0.005221518222242594,0.0260009765625,4.013172149658203
1395,2856960,511,0.511074378490448,11.5,282,-0.010175572708249092,0.05860920995473862,1.2380768060684204,0.003570842556655407,0.0208740234375,4.047427177429199
1396,2859008,511,0.44131239473819733,12.03,277,-0.0047026341781020164,0.05665276572108269,1.1844052076339722,0.0030521261505782604,0.0247802734375,4.19476318359375
1397,2861056,511,0.47260661125183107,11.06,284,-0.005352679640054703,0.061677053570747375,1.2095234394073486,0.0033683974761515856,0.0240478515625,4.266546249389648
1398,2863104,511,0.4219520652294159,11.29,274,-0.004661204293370247,0.05800814926624298,1.2830781936645508,0.0060220216400921345,0.029296875,4.305060386657715
1399,2865152,511,0.4806876027584076,12.0,256,-0.005443759262561798,0.05538284406065941,1.274425983428955,0.004583372268825769,0.02587890625,4.143208980560303
1400,2867200,511,0.4726661145687103,10.91,272,-0.018717270344495773,0.058949943631887436,1.309664011001587,0.005101361311972141,0.037841796875,4.218464374542236
1401,2869248,511,0.49873884201049806,13.36,258,-0.0010398663580417633,0.05396829545497894,1.2888805866241455,0.0035477883648127317,0.02099609375,4.1146111488342285
1402,2871296,511,0.4897206598520279,13.93,249,-0.01827707700431347,0.05445272475481033,1.339963436126709,0.00422174297273159,0.0311279296875,4.012905120849609
1403,2873344,511,0.45841157078742983,14.72,241,-0.010930625721812248,0.04925229400396347,1.3451378345489502,0.004921188578009605,0.022216796875,4.229972839355469
1404,2875392,511,0.4712380176782608,11.81,274,-0.01183231920003891,0.0582389160990715,1.3362624645233154,0.005625019781291485,0.0205078125,4.194599151611328
1405,2877440,511,0.4591702485084534,14.52,239,-0.0035620154812932014,0.04835085570812225,1.363121747970581,0.003373335115611553,0.0216064453125,4.112807273864746
1406,2879488,511,0.5192892587184906,13.41,249,-0.01721639558672905,0.06153002753853798,1.2993777990341187,0.006519480608403683,0.017578125,4.312021255493164
1407,2881536,511,0.4522495883703232,11.95,274,-0.011216018348932266,0.061044905334711075,1.298118233680725,0.005937423091381788,0.0216064453125,4.0637054443359375
1408,2883584,511,0.528917356133461,13.43,249,-0.007871607318520546,0.05389237403869629,1.3459014892578125,0.009080357849597931,0.0408935546875,4.202690124511719
1409,2885632,511,0.49958677470684054,13.62,252,-0.01013309694826603,0.054897576570510864,1.3091883659362793,0.002810009056702256,0.0294189453125,4.037942886352539
1410,2887680,511,0.4893338853120804,13.89,239,-0.0036685578525066376,0.04453077167272568,1.364443302154541,0.006983031518757343,0.046630859375,4.3204169273376465
1411,2889728,511,0.46082148849964144,14.81,246,-0.00817655585706234,0.05351613834500313,1.2698559761047363,0.0029934956692159176,0.0238037109375,4.253176689147949
1412,2891776,511,0.5104347115755081,12.1,254,-0.011826056987047195,0.05043725296854973,1.328407645225525,0.004651032388210297,0.0467529296875,4.129716396331787
1413,2893824,511,0.5310446310043335,12.0,249,-0.0073845889419317245,0.0554484985768795,1.2883915901184082,0.004378472454845905,0.038818359375,4.199139595031738
1414,2895872,511,0.5393041318655014,15.35,240,-0.002731065498664975,0.056136853992938995,1.3163727521896362,0.005097045563161373,0.0367431640625,4.194909572601318
1415,2897920,510,0.42205619931221006,12.77,258,-0.008263541385531425,0.05232757702469826,1.3154988288879395,0.007380153983831406,0.0302734375,4.161561965942383
1416,2899968,510,0.5878314030170441,14.31,232,-0.003480413928627968,0.0508781373500824,1.3049676418304443,0.004983316175639629,0.0413818359375,4.2213029861450195
1417,2902016,510,0.5302859508991241,11.36,276,-0.006930779665708542,0.06183995306491852,1.2426490783691406,0.004282917827367783,0.029296875,4.168785095214844
1418,2904064,510,0.45195206701755525,11.51,276,-0.007500052452087402,0.05512804538011551,1.3216789960861206,0.00473195593804121,0.034423828125,4.125555038452148
1419,2906112,510,0.45152066230773924,11.83,257,-0.009935642592608929,0.057912301272153854,1.2824256420135498,0.003112107515335083,0.02587890625,4.092413902282715
1420,2908160,510,0.4571917366981506,14.57,259,-0.01229950413107872,0.055949632078409195,1.320035696029663,0.007588824722915888,0.0335693359375,4.183721542358398
1421,2910208,510,0.4603305786848068,13.53,257,-0.013250099495053291,0.0526435449719429,1.3222644329071045,0.004429595544934273,0.0250244140625,4.382048606872559
1422,2912256,510,0.48102975070476534,13.26,264,-0.009248506277799606,0.0576641783118248,1.2907367944717407,0.004040563013404608,0.0452880859375,4.240688800811768
1423,2914304,510,0.41159504175186157,14.15,257,-0.001758519560098648,0.05284377932548523,1.3051027059555054,0.0037502041086554527,0.0284423828125,4.280235290527344
1424,2916352,510,0.4882181829214096,15.17,243,-0.0028662681579589844,0.04906174913048744,1.3453376293182373,0.0038958354853093624,0.033447265625,4.443775177001953
1425,2918400,510,0.37253223061561586,12.87,259,-0.0119963139295578,0.05165048688650131,1.3454632759094238,0.0049883523024618626,0.0335693359375,4.061293601989746
1426,2920448,510,0.47153553664684295,12.27,247,-0.011915585026144981,0.050010792911052704,1.361100673675537,0.004116309341043234,0.042724609375,4.239063739776611
1427,2922496,510,0.534023140668869,16.49,238,-0.00554795702919364,0.049435749650001526,1.350200891494751,0.005594422109425068,0.0416259765625,4.339518070220947
1428,2924544,510,0.5098694217205048,14.55,245,-0.016932111233472824,0.0517975389957428,1.3324440717697144,0.005202868953347206,0.0255126953125,4.246264457702637
1429,2926592,510,0.49975041270256043,13.88,252,-0.01183955930173397,0.0522601418197155,1.332001805305481,0.003383335657417774,0.02197265625,4.134613513946533
1430,2928640,510,0.5977867788076401,13.3,264,-0.010466841980814934,0.05690881609916687,1.2566007375717163,0.007744756992906332,0.02880859375,4.076977729797363
1431,2930688,510,0.569304131269455,11.92,258,-0.011665740981698036,0.058074627071619034,1.2766451835632324,0.005882902070879936,0.032470703125,4.2856855392456055
1432,2932736,510,0.5588132226467133,13.46,248,-0.007036603055894375,0.04930797591805458,1.256110429763794,0.003501143306493759,0.0263671875,4.259416580200195
1433,2934784,510,0.4684115719795227,14.65,244,-0.015777532011270523,0.05324266478419304,1.3015713691711426,0.00702313520014286,0.0477294921875,4.340789794921875
1434,2936832,510,0.4902859503030777,12.02,268,-0.003863108344376087,0.057742949575185776,1.3169498443603516,0.005252480041235685,0.03271484375,4.17414665222168
1435,2938880,510,0.5310148733854294,13.32,258,-0.016523122787475586,0.05135917291045189,1.3406707048416138,0.00788598321378231,0.0333251953125,4.207587718963623
1436,2940928,510,0.5014909100532532,12.55,267,-0.01486128568649292,0.056899383664131165,1.2572436332702637,0.0032026953995227814,0.031982421875,4.322719097137451
1437,2942976,510,0.5782925647497177,13.87,257,-0.009340213611721992,0.057231489568948746,1.213041067123413,0.007814980112016201,0.0496826171875,4.26533317565918
1438,2945024,510,0.42248760402202606,10.61,289,-0.008125308901071548,0.061876825988292694,1.1551584005355835,0.0038146749138832092,0.0281982421875,4.220475196838379
1439,2947072,510,0.49149090707302096,11.43,285,-0.011783584021031857,0.05803723633289337,1.184863567352295,0.006157367955893278,0.029541015625,4.0843071937561035
1440,2949120,510,0.4321454566717148,10.39,290,-0.0037219077348709106,0.061541784554719925,1.1476513147354126,0.0030171123798936605,0.0234375,4.008328437805176
1441,2951168,510,0.5794677674770355,11.35,289,-0.006528744474053383,0.0617782361805439,1.1379450559616089,0.0022423898335546255,0.0189208984375,3.823885917663574
1442,2953216,510,0.5412975209951401,10.71,284,-0.008923016488552094,0.061109110713005066,1.178277611732483,0.006644784472882748,0.023681640625,4.027599811553955
1443,2955264,510,0.5500479334592819,12.4,277,-0.014156431891024113,0.05845089256763458,1.2294859886169434,0.004546891897916794,0.025390625,3.983330249786377
1444,2957312,511,0.49076198279857636,11.48,279,-0.015529651194810867,0.06117916852235794,1.1918367147445679,0.0019498614128679037,0.0157470703125,3.998945713043213
1445,2959360,511,0.47223471105098724,11.38,272,-0.013571299612522125,0.04967145994305611,1.1513999700546265,0.004945659078657627,0.0242919921875,4.053107261657715
1446,2961408,510,0.44872396767139433,13.82,259,-0.008702926337718964,0.05538215860724449,1.1892330646514893,0.0031799799762666225,0.026123046875,4.038885116577148
1447,2963456,510,0.4814016532897949,11.81,271,-0.009109167382121086,0.05636390671133995,1.1852076053619385,0.0062999725341796875,0.0218505859375,3.870164394378662
1448,2965504,510,0.5112975215911866,10.86,286,-0.018656274303793907,0.06183189898729324,1.1416962146759033,0.00678454851731658,0.0274658203125,3.832538604736328
1449,2967552,510,0.4522198349237442,11.17,293,-0.010249121114611626,0.06571539491415024,1.0554935932159424,0.003387855365872383,0.0203857421875,3.9524178504943848
1450,2969600,510,0.44271074414253236,9.82,307,-0.008413691073656082,0.06700467318296432,1.1243785619735718,0.003336144844070077,0.0284423828125,3.778722047805786
1451,2971648,510,0.5124429768323898,10.04,301,-0.0022097656037658453,0.06700071692466736,1.118911862373352,0.004371510818600655,0.0218505859375,3.910332202911377
1452,2973696,510,0.5015801644325256,11.41,280,-0.011404413729906082,0.05762423947453499,1.182945966720581,0.0034661670215427876,0.0263671875,3.827575206756592
1453,2975744,510,0.4706876027584076,11.86,287,-0.015012397430837154,0.05759701877832413,1.1801071166992188,0.004712043330073357,0.034423828125,3.833141565322876
1454,2977792,510,0.5291404962539673,12.67,260,-0.0022959029302001,0.05171988531947136,1.2150522470474243,0.004453795496374369,0.0333251953125,4.142955303192139
1455,2979840,510,0.5609702485799789,9.81,303,-0.013209524564445019,0.06497822701931,1.1804711818695068,0.0028837344143539667,0.0234375,4.014402389526367
1456,2981888,510,0.571386775970459,9.47,305,-0.012607544660568237,0.06074347347021103,1.1523120403289795,0.004249662160873413,0.0230712890625,4.004458904266357
1457,2983936,510,0.4617438018321991,11.75,267,-0.01476161926984787,0.06096518412232399,1.2607921361923218,0.004744360223412514,0.0330810546875,3.8707404136657715
1458,2985984,510,0.4410446256399155,12.06,275,-0.005900803953409195,0.06003182381391525,1.2569609880447388,0.004138794261962175,0.0203857421875,3.991797924041748
1459,2988032,510,0.5502115696668625,13.32,258,-0.003683093935251236,0.05752536281943321,1.1759061813354492,0.004732606001198292,0.0264892578125,4.068423271179199
1460,2990080,510,0.5119966959953308,11.99,269,-0.015274601988494396,0.05366883426904678,1.223944067955017,0.00401974655687809,0.0216064453125,4.0485663414001465
1461,2992128,510,0.46223470985889437,11.56,273,-0.010998067446053028,0.05886251851916313,1.2088183164596558,0.0037281273398548365,0.028076171875,4.032625198364258
1462,2994176,510,0.49117851376533506,11.46,273,-0.007238196209073067,0.05800331383943558,1.2233939170837402,0.0036873205099254847,0.026123046875,3.8848929405212402
1463,2996224,510,0.49119338870048523,11.53,278,-0.012190722860395908,0.05964989587664604,1.1629137992858887,0.00238145818002522,0.0198974609375,3.9149880409240723
1464,2998272,510,0.5007768577337265,11.27,275,-0.011478651314973831,0.05944158509373665,1.1898187398910522,0.0041287443600595,0.017333984375,3.846318483352661
1465,3000320,510,0.5131570237874985,10.11,286,-0.012057225219905376,0.06099008396267891,1.2306482791900635,0.0036330188158899546,0.024658203125,3.983696460723877
1466,3002368,510,0.5500925648212432,11.1,279,-0.003463742323219776,0.06233101710677147,1.2022242546081543,0.006042423192411661,0.0404052734375,3.951658248901367
1467,3004416,510,0.5800330585241318,11.72,260,-0.02061881124973297,0.0523129366338253,1.2443599700927734,0.0042712087742984295,0.0238037109375,3.9758341312408447
1468,3006464,510,0.4522049593925476,13.65,266,-0.004773497581481934,0.05989702045917511,1.1902351379394531,0.004787159617990255,0.028076171875,4.023735046386719
1469,3008512,510,0.482740495800972,12.22,282,-0.007530774921178818,0.06222013011574745,1.1609277725219727,0.003244705032557249,0.03125,3.9351859092712402
1470,3010560,510,0.3929487603902817,11.15,284,-0.007058281451463699,0.06363815814256668,1.1202797889709473,0.005176023580133915,0.019287109375,3.9504194259643555
1471,3012608,510,0.42254710555076597,11.54,288,-0.012367358431220055,0.05997534468770027,1.1608104705810547,0.008914690464735031,0.0301513671875,3.904695749282837
1472,3014656,510,0.4839305782318115,9.34,301,-0.0033714603632688522,0.06539106369018555,1.0639653205871582,0.0044311536476016045,0.024658203125,3.872960329055786
1473,3016704,510,0.4229933905601502,10.82,305,-0.01094970665872097,0.06694699823856354,1.0629817247390747,0.004161695949733257,0.024658203125,3.781223773956299
1474,3018752,510,0.5003454542160034,11.14,291,-0.012391256168484688,0.06243899464607239,1.0982674360275269,0.00558283319696784,0.0244140625,3.9503612518310547
1475,3020800,510,0.4047190076112747,9.45,319,-0.00971151515841484,0.06575006246566772,1.0443984270095825,0.0029467984568327665,0.014892578125,3.9296789169311523
1476,3022848,510,0.511788432598114,10.92,292,-0.01137586310505867,0.06635013967752457,0.99648517370224,0.004684276878833771,0.0267333984375,3.9902448654174805
1477,3024896,510,0.4924578523635864,10.1,312,-0.013533643446862698,0.06672458350658417,1.0956059694290161,0.006733593065291643,0.0382080078125,4.088782787322998
1478,3026944,510,0.550419836640358,10.96,295,-0.0082613630220294,0.06582622975111008,1.0938695669174194,0.0038803191855549812,0.026123046875,4.086950302124023
1479,3028992,510,0.4128148764371872,11.11,297,-0.005749651230871677,0.0608377605676651,1.098320722579956,0.00476607121527195,0.031494140625,4.159225940704346
1480,3031040,510,0.5225471085309983,9.76,307,-0.006259522400796413,0.06506943702697754,1.0314888954162598,0.0033180748578161,0.0230712890625,4.105924129486084
1481,3033088,510,0.3738115710020065,10.76,290,-0.0065893810242414474,0.060718223452568054,1.1048049926757812,0.0037604374811053276,0.0203857421875,4.09438943862915
1482,3035136,510,0.4636776864528656,10.18,304,-0.007395528256893158,0.06661441922187805,1.045694351196289,0.004809465259313583,0.0413818359375,4.138847827911377
1483,3037184,510,0.5309404975175858,10.79,300,-0.009784761816263199,0.06158632040023804,1.004781723022461,0.005035822745412588,0.02783203125,4.112824440002441
1484,3039232,510,0.5230677670240402,8.76,320,-0.013699576258659363,0.06669794023036957,1.021111011505127,0.0026113323401659727,0.023193359375,4.009557247161865
1485,3041280,510,0.5422495871782302,9.05,307,-0.006348162889480591,0.06948582082986832,1.0855838060379028,0.0026750625111162663,0.0224609375,4.069546699523926
1486,3043328,510,0.49279999792575835,11.59,288,-0.004083646461367607,0.06506136059761047,1.0539188385009766,0.00527493841946125,0.0263671875,4.323413848876953
1487,3045376,510,0.5601520657539367,11.47,279,-0.0022317972034215927,0.06053388863801956,1.0802863836288452,0.00521766347810626,0.029541015625,4.2301025390625
1488,3047424,510,0.5722644644975662,9.14,300,-0.005472518503665924,0.06592892855405807,1.109572410583496,0.006923212204128504,0.0186767578125,4.282823085784912
1489,3049472,510,0.44291900992393496,9.75,294,-0.013363664969801903,0.06319143623113632,1.1079119443893433,0.0023713926784694195,0.0205078125,4.0633955001831055
1490,3051520,510,0.422904132604599,11.21,282,-0.012850288301706314,0.058895718306303024,1.1280945539474487,0.004406791180372238,0.0311279296875,4.284097671508789
1491,3053568,510,0.5819371914863587,9.02,306,-0.018855368718504906,0.06624343246221542,1.054596185684204,0.007053791545331478,0.031494140625,4.299421310424805
1492,3055616,510,0.46248760521411897,11.7,270,-0.011780459433794022,0.056370072066783905,1.1205335855484009,0.0023468639701604843,0.0208740234375,4.21602725982666
1493,3057664,510,0.46306776762008667,11.5,285,-0.0035757622681558132,0.06247658282518387,1.13765287399292,0.0047235069796442986,0.0333251953125,4.066081523895264
1494,3059712,510,0.492904132604599,10.48,305,-0.013406369835138321,0.06228861212730408,1.157044768333435,0.0039033342618495226,0.0257568359375,4.171250343322754
1495,3061760,510,0.452026447057724,10.93,286,-0.0003351755440235138,0.061753567308187485,1.0805543661117554,0.0025439574383199215,0.027099609375,4.162944793701172
1496,3063808,510,0.4905239683389664,11.68,275,-0.006666205823421478,0.05606585741043091,1.1434516906738281,0.0029928083531558514,0.0238037109375,4.475956439971924
1497,3065856,510,0.4935140484571457,9.24,313,-0.01916651241481304,0.06975613534450531,1.0499168634414673,0.004535948857665062,0.01806640625,3.928915023803711
1498,3067904,510,0.5313570261001587,11.11,296,-0.00975482165813446,0.06479877978563309,1.0410172939300537,0.002458298811689019,0.0184326171875,4.237703323364258
1499,3069952,510,0.44372231483459473,9.98,305,-0.012593220919370651,0.0675148293375969,1.0178442001342773,0.0030129433143883944,0.0191650390625,4.218840599060059
1500,3072000,510,0.5709256225824356,10.66,312,-0.011110054329037666,0.06492826342582703,1.0031880140304565,0.003621114417910576,0.0264892578125,4.015160083770752
1501,3074048,510,0.45399008095264437,8.69,327,-0.0049954988062381744,0.06932434439659119,1.0270851850509644,0.004050464369356632,0.0216064453125,4.065990447998047
1502,3076096,510,0.5208661127090454,11.43,279,-0.011760927736759186,0.0622636117041111,1.10036039352417,0.0030669327825307846,0.01513671875,4.4154462814331055
1503,3078144,510,0.48236859440803526,10.34,301,-0.009418689645826817,0.06828030943870544,0.9850978255271912,0.003897526767104864,0.021728515625,4.167855262756348
1504,3080192,510,0.4333057850599289,9.6,314,-0.008229641243815422,0.06809152662754059,1.0279743671417236,0.0022455572616308928,0.0211181640625,4.157521724700928
1505,3082240,510,0.47281487584114074,9.74,308,-0.011068310588598251,0.06713934987783432,1.0392707586288452,0.0032153483480215073,0.01171875,4.154676914215088
1506,3084288,510,0.4835140496492386,9.02,318,-0.010189846158027649,0.06432425230741501,1.0143465995788574,0.002813272178173065,0.0125732421875,4.150547981262207
1507,3086336,510,0.44416859388351443,9.36,322,-0.006842000409960747,0.06736141443252563,1.0259737968444824,0.0054055918008089066,0.0238037109375,4.11736536026001
1508,3088384,510,0.5028595048189163,9.71,316,-0.007968675345182419,0.0687594935297966,0.9971328377723694,0.002122909761965275,0.014404296875,4.195645809173584
1509,3090432,510,0.4713867765665054,10.82,306,-0.010494660586118698,0.0647023469209671,1.0630139112472534,0.003431749762967229,0.0203857421875,4.385194778442383
1510,3092480,510,0.5315801656246185,10.11,304,-0.007639188319444656,0.06512824445962906,1.0408498048782349,0.002460501855239272,0.0267333984375,4.457355976104736
1511,3094528,510,0.46418346881866457,10.06,293,-0.0016251588240265846,0.058517035096883774,1.116104245185852,0.005812672432512045,0.029541015625,4.3975911140441895
1512,3096576,510,0.4531272709369659,12.06,292,-0.010783262550830841,0.0579451322555542,1.1177971363067627,0.006045489571988583,0.03515625,4.42869758605957
1513,3098624,510,0.5109702473878861,11.01,299,-0.001453721895813942,0.06376280635595322,1.0795379877090454,0.005388847552239895,0.019287109375,4.614903450012207
1514,3100672,510,0.5310446304082871,10.17,297,-0.004073377698659897,0.061891961842775345,1.0948935747146606,0.0039103347808122635,0.0267333984375,4.2546257972717285
1515,3102720,510,0.541386775970459,10.05,279,-0.004489965736865997,0.057824891060590744,1.163984775543213,0.00417933939024806,0.0318603515625,4.412723541259766
1516,3104768,510,0.5026214873790741,12.05,281,-0.0027695931494235992,0.060543060302734375,1.1360915899276733,0.0022955501917749643,0.010009765625,4.475059986114502
1517,3106816,510,0.4138859534263611,9.41,305,-0.006824284791946411,0.06322870403528214,1.155138373374939,0.003508643712848425,0.0218505859375,4.402346611022949
1518,3108864,510,0.48906611621379853,12.48,278,-0.01383201777935028,0.05406007915735245,1.1754071712493896,0.004593201447278261,0.0245361328125,4.516831398010254
1519,3110912,510,0.5587834703922272,12.58,277,-0.006112812086939812,0.05748213827610016,1.1843104362487793,0.0033012614585459232,0.0311279296875,4.623768329620361
1520,3112960,510,0.4528892558813095,10.54,288,-0.0019614771008491516,0.05911573767662048,1.140533208847046,0.0025229763705283403,0.02392578125,4.421286106109619
1521,3115008,510,0.4710595017671585,11.7,282,-0.005640041083097458,0.06195368617773056,1.19764244556427,0.005826086737215519,0.03759765625,4.348360061645508
1522,3117056,510,0.4333504146337509,11.71,274,-0.0021852590143680573,0.05685034394264221,1.1437301635742188,0.005795234814286232,0.03759765625,4.372323036193848
1523,3119104,510,0.48260661005973815,12.73,256,-0.009053383022546768,0.05191068723797798,1.1728487014770508,0.007706840522587299,0.0469970703125,4.3451619148254395
1524,3121152,510,0.41119338750839235,11.05,291,0.0005339086055755615,0.059965215623378754,1.1263736486434937,0.00540617760270834,0.0272216796875,4.4135637283325195
1525,3123200,510,0.5033206623792649,10.11,297,-0.01222853735089302,0.06252587586641312,1.1456278562545776,0.003975926898419857,0.021240234375,4.310168743133545
1526,3125248,510,0.47254710614681245,9.69,301,-0.01079095620661974,0.06547228246927261,1.0988004207611084,0.0032483607064932585,0.0264892578125,4.216806411743164
1527,3127296,510,0.4920710748434067,10.83,299,-0.008015216328203678,0.06422176957130432,1.0912930965423584,0.0037457433063536882,0.01953125,4.314836025238037
1528,3129344,510,0.541595042347908,9.76,293,-0.006555022671818733,0.06326141953468323,1.138142704963684,0.0030381283722817898,0.018798828125,4.268382549285889
1529,3131392,510,0.47199669539928435,10.68,300,-0.011476034298539162,0.06279709190130234,1.1023828983306885,0.0029697236604988575,0.018310546875,4.164224147796631
1530,3133440,510,0.5213123977184295,10.34,295,-0.0026109684258699417,0.06592825800180435,1.0853015184402466,0.003122839378193021,0.023193359375,4.584602355957031
1531,3135488,510,0.4519223141670227,10.99,290,-0.007390839979052544,0.05930662900209427,1.1144154071807861,0.002186834579333663,0.0263671875,4.313032627105713
1532,3137536,510,0.46302314043045045,9.39,307,-0.011302769184112549,0.06150118634104729,1.1206096410751343,0.005218087695538998,0.0194091796875,4.117642402648926
1533,3139584,510,0.4194975197315216,13.07,266,-0.005339996889233589,0.05477806180715561,1.177260160446167,0.003067614044994116,0.016845703125,4.346705436706543
1534,3141632,510,0.46266611516475675,9.67,305,0.0014573894441127777,0.0645119696855545,1.1408720016479492,0.003675065003335476,0.021240234375,4.306646347045898
1535,3143680,510,0.43274049639701845,10.95,280,-0.008644754998385906,0.06239568814635277,1.143120288848877,0.0027584433555603027,0.023681640625,4.464446544647217
1536,3145728,510,0.4530528914928436,11.33,281,-0.008552186191082,0.059942156076431274,1.1608679294586182,0.005122459959238768,0.028076171875,4.400400638580322
1537,3147776,510,0.49998842775821684,12.01,280,-0.0017001330852508545,0.059852004051208496,1.148431658744812,0.0032493756152689457,0.0198974609375,4.541287899017334
1538,3149824,510,0.5119074380397797,10.28,304,-0.009240632876753807,0.0648074671626091,1.104074239730835,0.002785626333206892,0.017333984375,4.118074417114258
1539,3151872,510,0.5015801650285721,10.56,311,-0.019546478986740112,0.06780748069286346,1.0706745386123657,0.0037631853483617306,0.0263671875,4.131814002990723
1540,3153920,510,0.5325917369127273,9.95,315,-0.009572494775056839,0.06849247217178345,1.02947199344635,0.0037626714911311865,0.033447265625,4.107841491699219
1541,3155968,510,0.5616396671533584,10.52,300,-0.00629584863781929,0.06585365533828735,1.053707242012024,0.003232778748497367,0.0306396484375,4.2331461906433105
1542,3158016,510,0.5616843003034592,9.81,300,-0.005635011941194534,0.06645233929157257,1.0669875144958496,0.003926540724933147,0.0281982421875,4.025464057922363
1543,3160064,510,0.4639454573392868,9.64,305,-0.004721035249531269,0.06597432494163513,1.002217411994934,0.002560168970376253,0.0181884765625,4.020508289337158
1544,3162112,510,0.5131867772340775,10.26,302,-0.010973352938890457,0.07134128361940384,0.9390978217124939,0.005003055091947317,0.02685546875,4.162720203399658
1545,3164160,510,0.5028743815422058,9.59,323,-0.004888644441962242,0.07331595569849014,0.9096171259880066,0.001850747736170888,0.018798828125,4.121703624725342
1546,3166208,510,0.5132165306806564,8.99,326,-0.010374857112765312,0.06696495413780212,0.9782484769821167,0.002356855431571603,0.01806640625,4.0324811935424805
1547,3168256,510,0.5232611572742463,9.25,321,-0.0038545243442058563,0.06924908608198166,0.9491402506828308,0.0035026581026613712,0.015625,4.255448818206787
1548,3170304,510,0.5243471086025238,8.4,336,-0.008630115538835526,0.07208405435085297,0.9585521221160889,0.002174511319026351,0.0096435546875,4.209493160247803
1549,3172352,510,0.5121157050132752,9.62,313,-0.009823732078075409,0.06414958834648132,1.0408481359481812,0.0026876928750425577,0.014892578125,4.095273971557617
1550,3174400,510,0.5127553743124008,9.5,320,-0.00867764838039875,0.07015658915042877,1.050810694694519,0.0033887685276567936,0.01220703125,4.244486331939697
1551,3176448,510,0.4133057862520218,10.18,300,-0.005423050373792648,0.06562671065330505,1.0537152290344238,0.002339255530387163,0.0166015625,4.230302810668945
1552,3178496,510,0.5323537200689316,9.45,308,-0.012228533625602722,0.06333142518997192,1.0402663946151733,0.00278626405633986,0.0123291015625,4.243422031402588
1553,3180544,510,0.4730975216627121,10.08,303,-0.004544103518128395,0.06097264215350151,1.0570611953735352,0.004181781783699989,0.0185546875,4.258033752441406
1554,3182592,510,0.39452562034130095,9.1,313,-0.01853840798139572,0.06707176566123962,1.1118416786193848,0.004729526117444038,0.0196533203125,3.973731517791748
1555,3184640,510,0.5905983465909957,10.0,302,-0.008755408227443695,0.06563206017017365,1.1046133041381836,0.0033678943291306496,0.020751953125,4.199501991271973
1556,3186688,510,0.4132760316133499,10.26,305,-0.008731341920793056,0.06511316448450089,1.1296387910842896,0.002563419518992305,0.0162353515625,4.138374328613281
1557,3188736,510,0.4816396695375442,10.44,299,-0.006524916738271713,0.06447390466928482,1.2001739740371704,0.006999628618359566,0.0245361328125,4.235332489013672
1558,3190784,510,0.48236859679222105,10.28,276,-0.008712247014045715,0.05755583196878433,1.2119077444076538,0.0026390019338577986,0.0185546875,4.192112445831299
1559,3192832,510,0.5488727277517319,11.97,291,-0.010556893423199654,0.06555823981761932,1.1846213340759277,0.002334084128960967,0.0206298828125,4.2588210105896
1560,3194880,510,0.4821305799484253,11.14,292,-0.012987397611141205,0.060399141162633896,1.1964871883392334,0.0032818205654621124,0.0235595703125,4.093008041381836
1561,3196928,510,0.5221157050132752,9.93,316,-0.01196456328034401,0.06734372675418854,1.1604125499725342,0.002991608576849103,0.0194091796875,3.9937009811401367
1562,3198976,510,0.5413272732496262,10.43,292,-0.005899305921047926,0.06226266920566559,1.1496530771255493,0.005114367231726646,0.01611328125,4.1535820960998535
1563,3201024,510,0.4927851241827011,10.43,294,-0.0029489099979400635,0.0652451142668724,1.124760627746582,0.002162095857784152,0.0142822265625,4.278797149658203
1564,3203072,510,0.44268099188804627,10.63,298,-0.008363999426364899,0.06552890688180923,1.115334153175354,0.004855441860854626,0.023681640625,4.032462120056152
1565,3205120,510,0.4436776840686798,9.74,309,-0.00805073231458664,0.06830345839262009,1.0981338024139404,0.004281798377633095,0.015625,4.011877059936523
1566,3207168,510,0.46315702438354495,9.79,305,-0.015332028269767761,0.06072863191366196,1.058014988899231,0.003585056634619832,0.0113525390625,4.007674217224121
1567,3209216,510,0.5425024795532226,9.39,313,-0.00547412596642971,0.07021647691726685,1.038549780845642,0.0027183161582797766,0.0172119140625,4.025753021240234
1568,3211264,510,0.5412975221872329,10.58,293,-0.013303879648447037,0.06163445860147476,1.0721756219863892,0.003932927269488573,0.01953125,4.101383209228516
1569,3213312,510,0.5414611572027206,10.07,310,-0.0046652089804410934,0.06599884480237961,0.9956070780754089,0.002190099796280265,0.0167236328125,3.9694619178771973
1570,3215360,510,0.5027404975891113,9.46,328,-0.0009124716743826866,0.07028960436582565,0.9934359192848206,0.002178019843995571,0.0123291015625,4.004800796508789
1571,3217408,510,0.4537966954708099,8.27,343,-0.008756907656788826,0.07301601022481918,0.9785508513450623,0.001998831517994404,0.010009765625,3.912311315536499
1572,3219456,510,0.4737371903657913,9.53,310,-0.013346681371331215,0.06439680606126785,0.9462478160858154,0.006325911730527878,0.0218505859375,3.9776034355163574
1573,3221504,510,0.46379669368267057,10.25,318,-0.003236006945371628,0.06941089034080505,0.9610168933868408,0.005728867370635271,0.03466796875,4.075404167175293
1574,3223552,510,0.5513272732496262,10.12,294,-0.01062856987118721,0.05802721157670021,1.0941134691238403,0.002524311887100339,0.0126953125,3.953871726989746
1575,3225600,510,0.48308264434337617,9.2,302,-0.0009663272649049759,0.062826007604599,1.0184471607208252,0.002990573178976774,0.0240478515625,4.183350086212158
1576,3227648,510,0.5032462811470032,9.93,322,-0.0034958384931087494,0.07237142324447632,0.9785297513008118,0.0034946289379149675,0.0244140625,4.067615509033203
1577,3229696,510,0.4434694230556488,9.83,311,-0.010160382837057114,0.06683804094791412,0.9941954016685486,0.003505396656692028,0.0179443359375,3.9870834350585938
1578,3231744,510,0.6410446274280548,9.82,323,-0.007548123598098755,0.06541363149881363,0.959830641746521,0.0061993710696697235,0.0233154296875,4.024641513824463
1579,3233792,510,0.5396016538143158,11.46,275,-0.00928584486246109,0.05736884847283363,1.0657811164855957,0.007205410860478878,0.03125,4.381474494934082
1580,3235840,510,0.4826066112518311,10.78,302,-0.009840704500675201,0.06534096598625183,0.9919666051864624,0.0033728815615177155,0.0205078125,4.17473840713501
1581,3237888,510,0.5705388420820237,10.42,281,-0.0021087308414280415,0.05777542665600777,1.0343449115753174,0.0030335939954966307,0.017333984375,4.00732421875
1582,3239936,510,0.4413123989105225,12.48,301,-0.0043908096849918365,0.06039164215326309,1.018735647201538,0.002968638436868787,0.017822265625,4.062614440917969
1583,3241984,510,0.5316842991113663,10.06,308,-0.010777600109577179,0.06343534588813782,0.9632080793380737,0.001982255605980754,0.016845703125,4.071620941162109
1584,3244032,510,0.5416396689414978,9.11,336,-0.00559103861451149,0.07219351828098297,0.9561094045639038,0.004326042253524065,0.0242919921875,3.9915952682495117
1585,3246080,510,0.48141653060913087,10.39,301,-0.006501765921711922,0.06261317431926727,1.0475857257843018,0.003515818389132619,0.0218505859375,4.079131126403809
1586,3248128,510,0.5520115691423416,10.62,299,-0.013932794332504272,0.06188337504863739,1.0540168285369873,0.0031179306097328663,0.028076171875,4.208850383758545
1587,3250176,510,0.591996693611145,10.6,303,-0.011089345440268517,0.066319040954113,1.0983318090438843,0.0028417743742465973,0.0196533203125,4.220057487487793
1588,3252224,510,0.5210595047473907,11.27,304,-0.003706999123096466,0.06501046568155289,1.1148412227630615,0.0012467126362025738,0.016845703125,4.363329887390137
1589,3254272,510,0.4229041314125061,9.91,297,-0.009041107259690762,0.0632743239402771,1.1736019849777222,0.004775096196681261,0.018798828125,4.236310005187988
1590,3256320,510,0.45254710733890535,10.75,273,-0.008138567209243774,0.054979030042886734,1.18819260597229,0.004545574542135,0.0196533203125,4.381824493408203
1591,3258368,510,0.5116842961311341,11.2,286,-0.010798554867506027,0.06352998316287994,1.1752408742904663,0.002863147296011448,0.0203857421875,4.345151901245117
1592,3260416,510,0.5006876003742218,11.29,283,-0.005845224484801292,0.06035067141056061,1.1763118505477905,0.002920811530202627,0.0206298828125,4.329679489135742
1593,3262464,510,0.5112677693367005,11.59,284,-0.012033479288220406,0.06545095890760422,1.1672310829162598,0.005910136271268129,0.0228271484375,4.228648662567139
1594,3264512,510,0.5195718997716904,12.44,271,-0.013047166168689728,0.055898651480674744,1.2486920356750488,0.0039908867329359055,0.024658203125,4.381392478942871
1595,3266560,510,0.5103305804729462,13.15,265,-0.010706854984164238,0.05752306804060936,1.2457866668701172,0.003672924591228366,0.0262451171875,4.5561981201171875
1596,3268608,510,0.5182925599813462,13.2,269,-0.01393312681466341,0.052950020879507065,1.2240614891052246,0.004800989292562008,0.0267333984375,4.496232986450195
1597,3270656,510,0.49113388419151305,12.67,280,-0.0026259999722242355,0.05982640013098717,1.170292615890503,0.00397354643791914,0.0208740234375,4.42921781539917
1598,3272704,510,0.5033057868480683,11.08,283,-0.004776252433657646,0.06326352059841156,1.1555982828140259,0.0050374772399663925,0.0318603515625,4.4276251792907715
1599,3274752,510,0.4807917356491089,13.19,258,-0.005067938938736916,0.051740795373916626,1.1810264587402344,0.007036720402538776,0.0179443359375,4.356010437011719
1600,3276800,510,0.5117289257049561,11.07,278,-0.004874642938375473,0.06167249754071236,1.1316931247711182,0.0027198782190680504,0.016845703125,4.327056884765625
1601,3278848,510,0.46345454692840576,9.7,296,-0.0056155286729335785,0.05961098149418831,1.124725103378296,0.0025558825582265854,0.0196533203125,4.163517475128174
1602,3280896,510,0.48147603273391726,11.06,268,-0.0012682592496275902,0.05328795313835144,1.1643319129943848,0.002067565219476819,0.022216796875,4.412822246551514
1603,3282944,510,0.4320859509706497,14.78,265,-0.007413245737552643,0.058695901185274124,1.1177575588226318,0.0029456636402755976,0.015625,4.699620246887207
1604,3284992,510,0.4919074386358261,9.98,304,5.957204848527908e-05,0.06547103822231293,1.0674077272415161,0.003156008431687951,0.0172119140625,4.333480358123779
1605,3287040,510,0.5030082648992539,8.84,294,-0.001979287713766098,0.062261320650577545,1.088016152381897,0.0031999738421291113,0.01708984375,4.292973041534424
1606,3289088,510,0.46338016629219053,11.24,295,-0.009485799819231033,0.06458812206983566,1.0812926292419434,0.0024460158310830593,0.016357421875,4.383966445922852
1607,3291136,510,0.5117438024282456,10.81,300,-0.007906691171228886,0.06310147792100906,1.0665122270584106,0.0035724162589758635,0.0140380859375,4.41996955871582
1608,3293184,510,0.4720710760354996,10.67,303,-0.011119179427623749,0.0682050809264183,1.0070456266403198,0.003374436404556036,0.0152587890625,4.277327060699463
1609,3295232,510,0.5209404963254929,10.88,303,-0.01115088164806366,0.06459152698516846,0.9771533012390137,0.006560197565704584,0.03955078125,4.346582412719727
1610,3297280,510,0.5100776869058609,12.09,272,-0.005125127732753754,0.057827427983284,1.0047082901000977,0.0023400518111884594,0.0164794921875,4.497577667236328
1611,3299328,510,0.4740198349952698,8.24,339,-0.009297259151935577,0.071414053440094,0.9533378481864929,0.0022678025998175144,0.0137939453125,4.160804271697998
1612,3301376,510,0.5628148770332336,8.14,347,-0.011216778308153152,0.07388278841972351,1.0053162574768066,0.0046259257942438126,0.0211181640625,4.119086265563965
1613,3303424,510,0.3939900839328766,9.36,330,-0.007544584572315216,0.07039573788642883,0.9547244310379028,0.006022268906235695,0.0155029296875,4.22742223739624
1614,3305472,510,0.4630231410264969,10.21,295,-0.0074275825172662735,0.06226871907711029,1.0404894351959229,0.004300819709897041,0.0145263671875,4.430340766906738
1615,3307520,510,0.5923239660263061,10.68,308,-0.009092438966035843,0.0669768825173378,1.004253625869751,0.003578673815354705,0.013916015625,4.4544782638549805
1616,3309568,510,0.5032016533613205,9.13,323,-0.007999642752110958,0.06857562810182571,0.9079207181930542,0.0026897091884166002,0.0135498046875,4.174448013305664
1617,3311616,510,0.5629338866472244,8.19,345,-0.004289986565709114,0.07598444074392319,0.9456808567047119,0.0027681374922394753,0.0179443359375,4.066181182861328
1618,3313664,510,0.4828446292877197,9.16,331,-0.00845235027372837,0.06767422705888748,0.9456156492233276,0.0021407627500593662,0.010986328125,4.046858787536621
1619,3315712,510,0.39443636357784273,9.07,315,-0.006842697039246559,0.06314799189567566,0.9840171933174133,0.0014361590147018433,0.0106201171875,4.1942572593688965
1620,3317760,510,0.49363305926322937,9.4,301,-0.008131325244903564,0.06659498810768127,0.9868162274360657,0.0038052466697990894,0.019775390625,4.131678104400635
1621,3319808,510,0.48268099188804625,9.2,327,-0.005003420636057854,0.07379937171936035,0.939202070236206,0.0028351417277008295,0.0098876953125,4.117788791656494
1622,3321856,510,0.4244809913635254,9.71,327,-0.0030173398554325104,0.07196321338415146,0.9720181226730347,0.0018304034601897001,0.0172119140625,4.128787517547607
1623,3323904,510,0.5029487615823746,10.19,306,-0.015457341447472572,0.06867120414972305,1.0028784275054932,0.0033384442795068026,0.015380859375,4.243709087371826
1624,3325952,510,0.5514462804794311,9.31,300,-0.0075903404504060745,0.06485946476459503,1.0053271055221558,0.0028964930679649115,0.030029296875,4.219972133636475
1625,3328000,510,0.5197504115104675,12.41,298,-0.007986204698681831,0.061540424823760986,1.02339506149292,0.0031447894871234894,0.0224609375,4.256731033325195
1626,3330048,510,0.5613272732496262,11.16,301,-0.013751921243965626,0.06329511851072311,1.0465947389602661,0.005238946992903948,0.02490234375,4.312384128570557
1627,3332096,510,0.5820710772275924,9.08,315,-0.0008543152362108231,0.06608197838068008,1.0472679138183594,0.0019167643040418625,0.0150146484375,4.248629570007324
1628,3334144,510,0.5133355391025544,9.14,306,-0.008435003459453583,0.06395319104194641,1.0514675378799438,0.005032523535192013,0.0277099609375,4.157714366912842
1629,3336192,510,0.49369256138801576,8.79,296,-0.01351875625550747,0.060989826917648315,1.081896185874939,0.004217810928821564,0.022216796875,4.2437520027160645
1630,3338240,510,0.5414909070730209,11.29,291,0.00043209828436374664,0.061564333736896515,1.1090013980865479,0.003935661166906357,0.0220947265625,4.2015180587768555
1631,3340288,510,0.5022495865821839,9.8,311,-0.009845031425356865,0.06446566432714462,1.0590827465057373,0.003494790755212307,0.020751953125,4.266528129577637
1632,3342336,510,0.4825917363166809,10.73,293,0.0002131965011358261,0.06204378604888916,1.0698566436767578,0.004702899605035782,0.0244140625,4.469038486480713
1633,3344384,510,0.4137966924905777,10.33,284,-0.006583208218216896,0.056411564350128174,1.1171929836273193,0.0036901861894875765,0.02392578125,4.455089092254639
1634,3346432,510,0.4728297507762909,9.58,292,-0.008156415075063705,0.05926424264907837,1.1135807037353516,0.0032519816886633635,0.0128173828125,4.555445194244385
1635,3348480,510,0.5219074362516403,9.66,289,-0.014099810272455215,0.06266623735427856,1.108727216720581,0.0024934960529208183,0.01513671875,4.62176513671875
1636,3350528,510,0.4509404957294464,11.13,295,-0.008947094902396202,0.06398170441389084,1.12140953540802,0.003165573813021183,0.029541015625,4.718033790588379
1637,3352576,510,0.4225768613815308,10.38,289,-0.015438505448400974,0.05751685053110123,1.1809252500534058,0.004281461238861084,0.021240234375,4.460748672485352
1638,3354624,510,0.5402264451980591,11.26,296,-0.006502693518996239,0.06277954578399658,1.1842173337936401,0.0037618165370076895,0.0240478515625,4.580848217010498
1639,3356672,510,0.4610743796825409,12.59,272,-0.0024456530809402466,0.05875757336616516,1.1694424152374268,0.0028301419224590063,0.0164794921875,4.540960788726807
1640,3358720,510,0.48954214811325075,13.47,255,-0.0067379530519247055,0.049294255673885345,1.2066624164581299,0.003278401680290699,0.01953125,4.687819480895996
1641,3360768,510,0.4696165293455124,12.89,261,-0.0005981875583529472,0.052637312561273575,1.181631326675415,0.0052833654917776585,0.0263671875,4.509779930114746
1642,3362816,510,0.4337818187475204,10.19,286,-0.009055245667696,0.06082848832011223,1.1766338348388672,0.0051968712359666824,0.024658203125,4.5399346351623535
1643,3364864,510,0.5110000002384186,11.51,267,-0.009941324591636658,0.054454635828733444,1.2017900943756104,0.003755847690626979,0.049072265625,4.514638900756836
1644,3366912,510,0.5119074362516404,10.99,272,-0.01072181761264801,0.05467470735311508,1.1985127925872803,0.011863534338772297,0.0341796875,4.568058013916016
1645,3368960,510,0.45198181867599485,11.88,271,-0.009132716804742813,0.06279212981462479,1.1548963785171509,0.004073125310242176,0.0213623046875,4.646284103393555
1646,3371008,510,0.5492446279525757,10.87,299,-0.014019729569554329,0.06626109778881073,1.106969952583313,0.00352563732303679,0.028076171875,4.56962776184082
1647,3373056,510,0.48227933764457703,11.26,292,-0.0032352590933442116,0.061431415379047394,1.194034218788147,0.0038330284878611565,0.0267333984375,4.39808464050293
1648,3375104,510,0.548768595457077,13.14,264,-0.002820078283548355,0.05740709602832794,1.1466000080108643,0.004649740643799305,0.0325927734375,4.628840446472168
1649,3377152,510,0.5719074386358262,10.75,284,-0.012769484892487526,0.060256477445364,1.1451160907745361,0.005949021317064762,0.0230712890625,4.41511344909668
1650,3379200,510,0.47291900634765627,9.63,289,-0.005196481943130493,0.059689510613679886,1.1375186443328857,0.003907488659024239,0.021728515625,4.384457588195801
1651,3381248,510,0.5185752052068711,14.04,275,-0.006547268480062485,0.05771709606051445,1.1532855033874512,0.004283334128558636,0.02783203125,4.507107734680176
1652,3383296,510,0.43330578565597533,9.19,315,-0.008197696879506111,0.0626349002122879,1.0573005676269531,0.0022228688467293978,0.0186767578125,4.280607223510742
1653,3385344,510,0.3930975210666656,10.55,301,0.0002496466040611267,0.06579704582691193,1.032500982284546,0.003972940146923065,0.020751953125,4.327772617340088
1654,3387392,510,0.4629636377096176,10.82,281,-0.010774048045277596,0.056930188089609146,1.0351371765136719,0.003871476510539651,0.03369140625,4.444185733795166
1655,3389440,510,0.4923834675550461,10.09,309,-0.004213379696011543,0.06432648003101349,1.023792028427124,0.002333486918359995,0.027099609375,4.4215922355651855
1656,3391488,510,0.42248760282993314,10.51,302,-0.004372655414044857,0.06546340882778168,1.0804870128631592,0.005006717052310705,0.0277099609375,4.443939208984375
1657,3393536,510,0.4503008270263672,12.44,286,-0.006447305902838707,0.05926549807190895,1.1340056657791138,0.0034124988596886396,0.02099609375,4.491549015045166
1658,3395584,510,0.5524281001091004,9.47,292,-0.0068940408527851105,0.06152035668492317,1.0935311317443848,0.006672040093690157,0.0361328125,4.458585739135742
1659,3397632,510,0.5109702479839325,11.61,284,-0.007327467203140259,0.0606030710041523,1.1362415552139282,0.002956905635073781,0.0130615234375,4.348981857299805
1660,3399680,510,0.45360330760478973,9.95,294,-0.013462774455547333,0.06654167920351028,1.1143317222595215,0.0038001073990017176,0.0162353515625,4.3453779220581055
1661,3401728,510,0.5014909070730209,11.02,278,-0.011747307144105434,0.06037607043981552,1.1373646259307861,0.00500351469963789,0.027099609375,4.278575897216797
1662,3403776,510,0.451104131937027,12.01,268,-0.006701616570353508,0.05452832952141762,1.1597752571105957,0.004868504591286182,0.037109375,4.341540336608887
1663,3405824,510,0.5781586790084838,12.27,267,-0.007333929650485516,0.05678771063685417,1.1595178842544556,0.00397134106606245,0.0255126953125,4.474893093109131
1664,3407872,510,0.5110743802785873,12.02,283,-0.01196062657982111,0.06224062666296959,1.1242574453353882,0.002354186261072755,0.0201416015625,4.242444038391113
1665,3409920,510,0.4891107422113419,14.15,264,-0.00964275747537613,0.056996412575244904,1.088404655456543,0.0029832003638148308,0.0186767578125,4.2776780128479
1666,3411968,510,0.452844625711441,9.9,306,-0.008001122623682022,0.06156543642282486,1.0465829372406006,0.0023298615124076605,0.024658203125,4.214904308319092
1667,3414016,510,0.5814462798833847,10.33,288,-0.007453501224517822,0.06126641482114792,1.084762454032898,0.004618407227098942,0.0208740234375,4.309814929962158
1668,3416064,510,0.4728743815422058,10.27,304,-0.012976441532373428,0.06674613803625107,1.025215983390808,0.0022803940810263157,0.0130615234375,4.22939395904541
1669,3418112,510,0.5205090916156769,12.05,288,-0.011245986446738243,0.059116657823324203,1.0819568634033203,0.003574296133592725,0.0255126953125,4.410038948059082
1670,3420160,510,0.5113272732496261,10.15,302,-0.00852910615503788,0.06201764941215515,1.0608325004577637,0.0023950415197759867,0.0245361328125,4.336248397827148
1671,3422208,510,0.4919074410200119,11.03,280,-0.01180262491106987,0.06401149928569794,1.0113238096237183,0.003717806190252304,0.018310546875,4.374189376831055
1672,3424256,510,0.5899735516309739,10.35,313,-0.005811496637761593,0.06335479021072388,0.9989014267921448,0.003469887189567089,0.03369140625,4.308554649353027
1673,3426304,510,0.5428892570734024,8.74,322,-0.005847988650202751,0.07069948315620422,0.9455333352088928,0.0031013472471386194,0.0147705078125,4.1317138671875
1674,3428352,510,0.4341834706068039,8.75,317,-0.014962809160351753,0.06901109963655472,1.0315825939178467,0.004851376637816429,0.015869140625,4.168819904327393
1675,3430400,510,0.523469420671463,8.46,325,-0.014320429414510727,0.06742138415575027,1.0109643936157227,0.0046163881197571754,0.03076171875,4.159389495849609
1676,3432448,510,0.5605537182092667,10.52,313,-0.01961488649249077,0.06338478624820709,1.0355879068374634,0.005739755928516388,0.0343017578125,4.262429237365723
1677,3434496,510,0.532621488571167,9.24,316,-0.009711205959320068,0.06601003557443619,1.0425416231155396,0.004087846726179123,0.0191650390625,4.2932939529418945
1678,3436544,510,0.45430248022079467,8.24,322,-0.0018041953444480896,0.06808140128850937,1.054158329963684,0.0020491275936365128,0.0113525390625,4.273542404174805
1679,3438592,510,0.5317289239168167,10.33,308,-0.006388010457158089,0.06905215978622437,1.0662763118743896,0.0022665776778012514,0.020751953125,4.092680931091309
1680,3440640,510,0.4933652895689011,9.62,310,-0.011109540238976479,0.06830624490976334,1.081737756729126,0.0029401315841823816,0.0198974609375,4.197309970855713
1681,3442688,510,0.4930975222587585,9.91,302,-0.009705737233161926,0.06027517467737198,1.1083800792694092,0.004977273754775524,0.0283203125,4.339720726013184
1682,3444736,510,0.5604495882987977,11.22,284,-0.006243481766432524,0.05912754684686661,1.1033916473388672,0.002768696518614888,0.021728515625,4.393643379211426
1683,3446784,510,0.47274049699306486,10.26,313,-0.009942377917468548,0.06508585810661316,1.1006386280059814,0.0034493671264499426,0.00927734375,4.215723514556885
1684,3448832,510,0.4926958703994751,10.26,302,-0.01004587672650814,0.06228923797607422,1.1151649951934814,0.0038208086043596268,0.0255126953125,4.203290939331055
1685,3450880,510,0.4236925607919693,10.49,283,-0.0024980497546494007,0.060484472662210464,1.1206834316253662,0.002800868358463049,0.016845703125,4.390517234802246
1686,3452928,510,0.5115801632404328,10.44,300,-0.0035746172070503235,0.06954314559698105,1.12834632396698,0.002370671834796667,0.0135498046875,4.258246898651123
1687,3454976,510,0.47287437915802,10.72,292,-0.010884715244174004,0.06484925746917725,1.129036784172058,0.005108394660055637,0.0185546875,4.400647163391113
1688,3457024,510,0.4727256202697754,10.35,301,-0.006594352424144745,0.0622485987842083,1.058672547340393,0.003770939540117979,0.0220947265625,4.222202777862549
1689,3459072,510,0.5415057873725891,10.64,295,-0.00436499435454607,0.06647112220525742,1.1180211305618286,0.0040533943101763725,0.0177001953125,4.368875503540039
1690,3461120,510,0.5218479329347611,9.75,311,-0.006854301318526268,0.07059327512979507,1.0569608211517334,0.004225423559546471,0.024169921875,4.371706962585449
1691,3463168,510,0.3633504122495651,10.45,296,-0.012650204822421074,0.06007292866706848,1.1318656206130981,0.003358459332957864,0.0283203125,4.417099952697754
1692,3465216,510,0.42388595163822174,9.87,311,-0.00039672479033470154,0.0668739452958107,1.096278429031372,0.00515418266877532,0.0189208984375,4.30296516418457
1693,3467264,510,0.4519371908903122,10.42,294,-0.011583670973777771,0.0651484876871109,1.1102559566497803,0.0028789257630705833,0.0233154296875,4.531576156616211
1694,3469312,510,0.4932016533613205,10.1,288,-0.007610302418470383,0.06306964159011841,1.113702416419983,0.0015161416959017515,0.01123046875,4.47542667388916
1695,3471360,510,0.45308264493942263,11.19,281,-0.0058098118752241135,0.06034049019217491,1.1213735342025757,0.0018942232709378004,0.0172119140625,4.440079689025879
1696,3473408,510,0.4816991740465164,11.03,289,-0.005386229604482651,0.0627303421497345,1.1221483945846558,0.004143776837736368,0.0240478515625,4.408717632293701
1697,3475456,510,0.5214314061403275,11.11,280,-0.005799096077680588,0.061265651136636734,1.1509445905685425,0.0031515073496848345,0.0203857421875,4.5973405838012695
1698,3477504,510,0.5024727267026902,11.66,282,-0.005842803977429867,0.06248319521546364,1.1500210762023926,0.003566587343811989,0.0169677734375,4.369880676269531
1699,3479552,510,0.5002859520912171,13.07,272,-0.0006227381527423859,0.05470432713627815,1.1659026145935059,0.0033729542046785355,0.024169921875,4.528622627258301
1700,3481600,510,0.45370743930339813,9.76,294,-0.008978106081485748,0.06584949046373367,1.139875888824463,0.0029641506262123585,0.018310546875,4.278757572174072
1701,3483648,509,0.4329785144329071,10.77,268,-0.003909019753336906,0.05304711312055588,1.1994377374649048,0.0022822495084255934,0.017578125,4.374691486358643
1702,3485696,509,0.433647934794426,11.32,276,-0.004872804507613182,0.056895799934864044,1.2166955471038818,0.0013859348837286234,0.0135498046875,4.439794540405273
1703,3487744,509,0.521520659327507,11.76,283,-0.005699567496776581,0.05963372439146042,1.1854958534240723,0.0030505633912980556,0.02490234375,4.442168712615967
1704,3489792,509,0.49247272610664367,11.38,282,-0.010369479656219482,0.06251125037670135,1.0811868906021118,0.006458822637796402,0.0235595703125,4.450028419494629
1705,3491840,509,0.49198181748390196,10.29,295,-0.01198017317801714,0.06732823699712753,1.080098271369934,0.003938878886401653,0.023681640625,4.386281967163086
1706,3493888,509,0.4735438013076782,9.39,308,-0.010059164837002754,0.07024504989385605,0.9659245610237122,0.005298764444887638,0.0238037109375,4.249636173248291
1707,3495936,509,0.4834099173545837,9.04,323,-0.014797978103160858,0.06760451197624207,0.9896124601364136,0.0034879292361438274,0.0213623046875,4.215400695800781
1708,3497984,509,0.5526512408256531,10.15,298,-0.0027184169739484787,0.06663926690816879,0.9560045003890991,0.001646674470975995,0.0128173828125,4.315033435821533
1709,3500032,509,0.48413884282112124,8.25,339,-0.003655131906270981,0.07379211485385895,0.8513907790184021,0.00604545883834362,0.0211181640625,3.9938974380493164
1710,3502080,509,0.4233950412273407,9.17,335,-0.004178667441010475,0.0727643147110939,0.8760717511177063,0.0016941947396844625,0.010009765625,4.13488245010376
1711,3504128,509,0.5239008265733719,8.38,336,-0.008349785581231117,0.06789062917232513,0.9762701392173767,0.005410064943134785,0.02685546875,4.0180559158325195
1712,3506176,509,0.42324627816677096,9.57,322,-0.005752066150307655,0.06720514595508575,0.9770225882530212,0.001545736100524664,0.0167236328125,4.259397029876709
1713,3508224,509,0.473930578827858,8.8,321,-0.010908130556344986,0.06734633445739746,1.0255074501037598,0.0044653285294771194,0.0196533203125,4.057377338409424
1714,3510272,509,0.5626214867830277,8.93,328,-0.012636139057576656,0.0669359415769577,1.0276035070419312,0.0031963088549673557,0.0142822265625,4.191161155700684
1715,3512320,509,0.5912082648277283,9.71,310,-0.007563828490674496,0.06194204464554787,1.0380864143371582,0.0034139316994696856,0.014892578125,4.167812347412109
1716,3514368,509,0.4144214868545532,8.85,323,-0.009284399449825287,0.07001738250255585,0.9850841164588928,0.004409316927194595,0.018310546875,4.144290924072266
1717,3516416,509,0.5034991747140884,8.44,338,-0.011008014902472496,0.07369103282690048,0.9549574851989746,0.0022270658519119024,0.01171875,4.082535743713379
1718,3518464,509,0.42428760409355165,9.97,311,-0.0090237557888031,0.06414720416069031,0.9513543844223022,0.004141924437135458,0.013916015625,4.2622175216674805
1719,3520512,509,0.404332230091095,9.24,324,-0.009496308863162994,0.07209393382072449,0.9421674609184265,0.002465292578563094,0.0101318359375,4.184724807739258
1720,3522560,509,0.40393057763576506,9.06,324,-0.006571107544004917,0.06639055907726288,0.943163275718689,0.002255016006529331,0.013916015625,4.111533164978027
1721,3524608,509,0.4235140514373779,9.34,324,-0.0014797365292906761,0.07251545041799545,0.9011688828468323,0.0038020145148038864,0.01513671875,4.247077465057373
1722,3526656,509,0.5031272739171981,9.54,331,-0.006880898028612137,0.07174442708492279,0.9341294765472412,0.002919357270002365,0.015380859375,4.145200252532959
1723,3528704,509,0.52245785176754,9.27,323,-0.011341512203216553,0.07242225110530853,0.9178606271743774,0.0042841387912631035,0.0302734375,4.2143683433532715
1724,3530752,509,0.5026512378454209,9.01,319,-0.005779333412647247,0.07024024426937103,0.966571569442749,0.003024087054654956,0.0135498046875,4.198433876037598
1725,3532800,509,0.4442132252454758,9.32,323,-0.002880601678043604,0.0691954642534256,0.9717684984207153,0.0015398217365145683,0.01806640625,4.145602226257324
1726,3534848,509,0.45394545316696167,8.4,329,-0.006485224701464176,0.0679815486073494,0.990440309047699,0.002837288426235318,0.015625,4.246205806732178
1727,3536896,509,0.492785125374794,9.96,317,-0.00621793232858181,0.06634390354156494,1.0172536373138428,0.0023812067229300737,0.0174560546875,4.107478141784668
1728,3538944,509,0.363796694278717,9.73,309,-0.009806804358959198,0.06280070543289185,1.0207180976867676,0.0037383174058049917,0.02099609375,4.1355366706848145
1729,3540992,509,0.4928892558813095,9.22,321,-0.0014553721994161606,0.06059812381863594,0.9950902462005615,0.003207978792488575,0.013671875,4.119811058044434
1730,3543040,510,0.5619818180799484,9.13,315,-0.00367792509496212,0.06436988711357117,0.9925499558448792,0.002170951571315527,0.01904296875,4.184667110443115
1731,3545088,510,0.4837520670890808,8.78,305,-0.007621674798429012,0.06357479840517044,1.01871657371521,0.0033714864403009415,0.01220703125,4.198319435119629
1732,3547136,510,0.4536330562829971,9.7,315,-0.008756197988986969,0.06805042177438736,1.0590283870697021,0.005090198013931513,0.018798828125,4.357666492462158
1733,3549184,510,0.5107173538208007,10.96,298,-0.002544717863202095,0.06633365154266357,1.0238877534866333,0.0027065046597272158,0.017333984375,4.422565460205078
1734,3551232,510,0.49315702557563784,9.32,310,-0.006647247355431318,0.06962758302688599,0.9953168034553528,0.0026616533286869526,0.0126953125,4.225397109985352
1735,3553280,510,0.5029487603902817,9.2,320,-0.005872837267816067,0.06913208961486816,0.9592608213424683,0.0014441758394241333,0.0135498046875,4.327085494995117
1736,3555328,510,0.42277024805545804,10.98,296,-0.009356003254652023,0.06098691746592522,1.0656944513320923,0.002188490005210042,0.019287109375,4.222764015197754
1737,3557376,510,0.4736479330062866,10.14,318,-0.008573459461331367,0.0675528347492218,1.014319658279419,0.0036294283345341682,0.01904296875,4.219991683959961
1738,3559424,510,0.5021603298187256,10.27,298,-0.006919970735907555,0.06467404961585999,1.0352506637573242,0.0029363310895860195,0.016357421875,4.036590576171875
1739,3561472,510,0.4251504147052765,9.3,311,-0.006798524409532547,0.06203234940767288,1.0511938333511353,0.003912594169378281,0.0201416015625,4.086055755615234
1740,3563520,510,0.502740495800972,9.52,313,-0.009669747203588486,0.06401301175355911,1.0676974058151245,0.0030936787370592356,0.0169677734375,4.1038384437561035
1741,3565568,510,0.47163966953754427,10.83,287,-0.009924814105033875,0.06372371315956116,1.0878578424453735,0.002198960166424513,0.0157470703125,4.2779951095581055
1742,3567616,510,0.532755371928215,10.21,307,-0.005414532497525215,0.07005546987056732,1.0332107543945312,0.001254369504749775,0.021240234375,4.0998687744140625
1743,3569664,510,0.5527404969930649,9.84,311,-0.01007487066090107,0.07047992944717407,1.0389151573181152,0.0029128636233508587,0.026611328125,4.168949604034424
1744,3571712,510,0.41376694083213805,9.73,309,-0.011610950343310833,0.06860606372356415,1.0159075260162354,0.0031330909114331007,0.0201416015625,4.1195149421691895
1745,3573760,510,0.4435140496492386,11.01,290,-0.011564157903194427,0.061807505786418915,1.077868938446045,0.001966900425031781,0.0137939453125,4.267302513122559
1746,3575808,510,0.4920561981201172,11.04,294,-0.0018997006118297577,0.06329003721475601,1.065842628479004,0.0024631095584481955,0.016845703125,4.127899169921875
1747,3577856,510,0.5322644633054733,10.58,309,-0.0037742890417575836,0.06341056525707245,1.0914783477783203,0.0035374732688069344,0.0172119140625,4.2227888107299805
1748,3579904,510,0.45202644884586335,11.42,285,-0.008873960003256798,0.05920882895588875,1.1436281204223633,0.0037695998325943947,0.020751953125,4.047569274902344
1749,3581952,510,0.4432909095287323,9.51,307,-0.008594371378421783,0.07205584645271301,1.0885719060897827,0.0029470566660165787,0.0198974609375,4.1171488761901855
1750,3584000,510,0.39354380369186404,9.79,303,-0.013513265177607536,0.061782896518707275,1.0608431100845337,0.003959185443818569,0.02490234375,4.126898288726807
1751,3586048,510,0.39308264553546907,10.43,307,-0.010338634252548218,0.06893050670623779,1.0994117259979248,0.0032267544884234667,0.0198974609375,4.096860408782959
1752,3588096,510,0.49177355408668516,10.86,294,-0.008119219914078712,0.06367482990026474,1.1221880912780762,0.002165155950933695,0.0166015625,4.299304962158203
1753,3590144,510,0.49217520773410794,9.64,295,-0.009835544973611832,0.06391540914773941,1.13555908203125,0.0032428549602627754,0.019775390625,4.282358646392822
1754,3592192,510,0.492026447057724,10.9,295,-0.012640271335840225,0.0650753602385521,1.0776175260543823,0.004519188776612282,0.0377197265625,4.258180141448975
1755,3594240,510,0.5227702468633652,9.56,307,-0.006286509335041046,0.06688111275434494,1.0988599061965942,0.0021302758250385523,0.02294921875,4.166961193084717
1756,3596288,510,0.45364793539047243,9.71,298,-0.009853638708591461,0.06776296347379684,1.092785358428955,0.002075823722407222,0.0128173828125,4.2403059005737305
1757,3598336,510,0.5133206605911255,9.67,303,-0.00832864735275507,0.06622641533613205,1.076483964920044,0.0038848011754453182,0.0264892578125,4.326215744018555
1758,3600384,510,0.5605834716558457,11.09,285,-0.00774170458316803,0.06014929711818695,1.086937427520752,0.00394938699901104,0.0189208984375,4.255849838256836
1759,3602432,510,0.4536479341983795,10.03,306,-0.006375458091497421,0.06756868213415146,1.019430160522461,0.0023212647065520287,0.0283203125,4.288082599639893
1760,3604480,510,0.5127404952049255,9.58,313,-0.006114490330219269,0.06564857810735703,1.0394270420074463,0.003967779688537121,0.024658203125,4.139217853546143
1761,3606528,510,0.4334099191427231,10.57,297,-0.015483012422919273,0.06126565858721733,1.0898170471191406,0.0035459513310343027,0.01806640625,4.256004333496094
1762,3608576,510,0.4440644645690918,9.1,323,-0.006209362298250198,0.07306094467639923,1.0637962818145752,0.0041631655767560005,0.009521484375,4.239303112030029
1763,3610624,510,0.5422942155599594,10.3,302,-0.000786755234003067,0.0657806247472763,1.0604805946350098,0.0031412229873239994,0.0162353515625,4.265326499938965
1764,3612672,510,0.5012826454639435,10.33,302,-0.005319688469171524,0.06802602112293243,1.0816078186035156,0.0022043127100914717,0.011962890625,4.213366508483887
1765,3614720,510,0.4532314050197601,9.44,307,-0.00895976647734642,0.06455650925636292,1.08756422996521,0.005178959108889103,0.0264892578125,4.312981605529785
1766,3616768,510,0.4641983485221863,9.88,305,-0.003723200410604477,0.06559623777866364,1.1091123819351196,0.0032896059565246105,0.025634765625,4.243346214294434
1767,3618816,510,0.45342479407787323,9.86,306,-0.0036790091544389725,0.06842833757400513,1.1111881732940674,0.002566075883805752,0.0123291015625,4.387869834899902
1768,3620864,510,0.4538710755109787,9.01,314,0.000646546483039856,0.06091364845633507,1.1423733234405518,0.0028484947979450226,0.0228271484375,4.298337459564209
1769,3622912,510,0.48254710853099825,10.66,299,-0.009265070781111717,0.06770110130310059,1.1185210943222046,0.00383888091892004,0.020751953125,4.331876277923584
1770,3624960,510,0.5319074374437333,9.71,301,-0.006494731642305851,0.06473912298679352,1.127774715423584,0.001771966926753521,0.00927734375,4.185361385345459
1771,3627008,510,0.5618776863813401,9.85,300,-0.0042305681854486465,0.06485387682914734,1.0903023481369019,0.005508163943886757,0.017578125,4.307632923126221
1772,3629056,510,0.4525322312116623,10.03,309,-0.0038676392287015915,0.0725129097700119,1.0368897914886475,0.005582367070019245,0.019287109375,4.564012050628662
1773,3631104,510,0.503454543352127,8.96,323,-0.010873835533857346,0.0663127601146698,1.0010402202606201,0.003584242658689618,0.0157470703125,4.268638610839844
1774,3633152,510,0.5129041332006454,9.2,320,-0.009431235492229462,0.07075868546962738,1.054784893989563,0.0037712976336479187,0.0269775390625,4.241529941558838
1775,3635200,510,0.5025024807453156,9.99,310,-0.010696878656744957,0.06319359689950943,1.1137444972991943,0.0050025321543216705,0.0230712890625,4.3488945960998535
1776,3637248,510,0.48291900753974915,9.81,308,-0.008736610412597656,0.06813446432352066,1.089961290359497,0.0030974310357123613,0.0115966796875,4.418768882751465
1777,3639296,510,0.5023685950040817,9.83,306,0.0001798989251255989,0.06729545444250107,1.1015594005584717,0.0018217526376247406,0.0169677734375,4.445388317108154
1778,3641344,510,0.49260661125183103,9.53,303,-0.0026197098195552826,0.067835733294487,1.0798189640045166,0.002436008071526885,0.012939453125,4.489307403564453
1779,3643392,510,0.5622793400287628,9.17,311,-0.0006105583161115646,0.06677462160587311,1.1187970638275146,0.004111241549253464,0.0164794921875,4.476374626159668
1780,3645440,510,0.5418479335308075,9.79,305,-0.00685100955888629,0.06511424481868744,1.1283221244812012,0.0027400250546634197,0.0203857421875,4.451253890991211
1781,3647488,510,0.5128297513723373,9.93,305,-0.011796718463301659,0.06555027514696121,1.0916361808776855,0.0032056120689958334,0.026123046875,4.367731094360352
1782,3649536,510,0.4628743797540665,10.29,307,-0.008408443070948124,0.06781180948019028,1.0749566555023193,0.002614894649013877,0.0166015625,4.571392059326172
1783,3651584,510,0.4241239660978317,9.54,311,-0.012017698958516121,0.06867742538452148,1.0499804019927979,0.0035886343102902174,0.023193359375,4.534041404724121
1784,3653632,510,0.453335537314415,10.32,307,-0.0037841652520000935,0.06604669988155365,1.0868289470672607,0.00288959383033216,0.0162353515625,4.500370025634766
1785,3655680,510,0.463424791097641,10.78,307,-0.0063261548057198524,0.06718514114618301,1.1002600193023682,0.0028563058003783226,0.0147705078125,4.592204570770264
1786,3657728,510,0.47281487703323366,9.97,302,-0.01531551405787468,0.06954608857631683,1.0312504768371582,0.003032193286344409,0.013916015625,4.554591178894043
1787,3659776,510,0.4932165288925171,9.3,314,-0.005450365133583546,0.06843998283147812,0.9815667867660522,0.004090110771358013,0.01513671875,4.359429359436035
1788,3661824,510,0.47425785303115847,9.05,317,-0.009463470429182053,0.07039667665958405,1.0302011966705322,0.003048969665542245,0.0177001953125,4.572101593017578
1789,3663872,510,0.4436181801557541,8.9,327,-0.0014513223432004452,0.07387614995241165,1.0421198606491089,0.0034847010392695665,0.0186767578125,4.625596523284912
1790,3665920,510,0.4940347093343735,8.44,326,-0.010376658290624619,0.07420363277196884,1.0176048278808594,0.002657359465956688,0.0111083984375,4.57083797454834
1791,3667968,510,0.52305289208889,8.61,327,-0.007806460373103619,0.071695476770401,1.0211724042892456,0.0029920251108705997,0.0113525390625,4.556147575378418
1792,3670016,510,0.5125471085309983,9.07,322,-0.00524475984275341,0.0667676255106926,1.0263383388519287,0.0034865171182900667,0.0159912109375,4.497284889221191
1793,3672064,510,0.4229933887720108,10.66,302,0.0037464313209056854,0.06532265990972519,1.0298655033111572,0.0017838419880717993,0.01513671875,4.547249794006348
1794,3674112,510,0.50269586622715,10.57,314,-0.003418782725930214,0.07011880725622177,1.0454531908035278,0.0017456496134400368,0.01318359375,4.738963603973389
1795,3676160,510,0.4441685950756073,8.56,325,-0.013660095632076263,0.07175334542989731,1.041463017463684,0.004064464941620827,0.01708984375,4.607912540435791
1796,3678208,510,0.5326512396335602,9.16,310,-0.003749263472855091,0.06867966055870056,1.0484142303466797,0.0020011826418340206,0.0120849609375,4.7164435386657715
1797,3680256,510,0.5906280994415283,10.4,311,-0.004440699703991413,0.06455415487289429,1.0433828830718994,0.0029256215784698725,0.010009765625,4.599316596984863
1798,3682304,510,0.4932760328054428,9.2,328,-0.006676319986581802,0.07286081463098526,1.0060147047042847,0.0022769321221858263,0.012939453125,4.600353240966797
1799,3684352,510,0.571267768740654,10.56,301,-0.0023323465138673782,0.06450875103473663,0.9958516955375671,0.0051390803419053555,0.022216796875,4.6146745681762695
1800,3686400,510,0.4141983491182327,9.32,324,-0.0009509753435850143,0.07011853158473969,0.984626054763794,0.0035553949419409037,0.014892578125,4.612089157104492
1801,3688448,510,0.45372231662273405,8.78,336,-0.0013319440186023712,0.07000985741615295,0.9236763119697571,0.00239347736351192,0.0106201171875,4.516999244689941
1802,3690496,510,0.5121900808811187,9.49,319,-0.007858304306864738,0.07004834711551666,0.9610877633094788,0.005594480317085981,0.033203125,4.641499042510986
1803,3692544,510,0.4932314038276672,9.09,328,-0.0038829734548926353,0.07139503955841064,0.9925717115402222,0.004067867994308472,0.016357421875,4.783468246459961
1804,3694592,510,0.4540495866537094,8.63,336,-0.003661366179585457,0.0677766501903534,0.9870754480361938,0.0016355060506612062,0.0150146484375,4.574302673339844
1805,3696640,510,0.6416991710662842,8.62,329,-0.0037611452862620354,0.06837764382362366,0.9538542032241821,0.0021624474320560694,0.0172119140625,4.616929531097412
1806,3698688,510,0.5527851259708405,8.62,331,-0.0070681385695934296,0.07101462036371231,0.9613990783691406,0.0016761687584221363,0.008056640625,4.590790748596191
1807,3700736,510,0.49351405024528505,8.82,336,0.0031581223011016846,0.07161266356706619,0.9469037652015686,0.003870980581268668,0.01611328125,4.534931182861328
1808,3702784,510,0.4041090929508209,8.91,336,-0.0033823885023593903,0.07315919548273087,0.9281505942344666,0.0011388908606022596,0.0111083984375,4.5681304931640625
1809,3704832,510,0.3948380166292191,8.3,327,-0.00252669770270586,0.07061682641506195,0.9988256692886353,0.003427567658945918,0.0164794921875,4.66285514831543
1810,3706880,510,0.5131272721290588,9.0,331,-0.004864530637860298,0.07376817613840103,1.0145225524902344,0.006420557387173176,0.0235595703125,4.549954891204834
1811,3708928,510,0.5230975192785263,8.74,326,-0.005573516711592674,0.0739988312125206,0.9733449220657349,0.0033700503408908844,0.02001953125,4.607473850250244
1812,3710976,510,0.444049586057663,8.95,332,-0.0047201067209243774,0.07345645874738693,0.9433514475822449,0.0031925207003951073,0.01806640625,4.682451248168945
1813,3713024,510,0.4146595048904419,8.51,334,-0.010645519010722637,0.07368041574954987,1.014327049255371,0.0024882934521883726,0.008056640625,4.654004096984863
1814,3715072,510,0.49266611695289614,9.97,303,-0.006931118667125702,0.06684654951095581,1.0769232511520386,0.0030720713548362255,0.01318359375,4.825560092926025
1815,3717120,510,0.5430975204706192,8.85,323,-0.00996357575058937,0.0697360709309578,1.032164216041565,0.003637199057266116,0.0155029296875,4.55531644821167
1816,3719168,510,0.45309752225875854,9.18,320,-0.006159183569252491,0.07110770791769028,1.0510541200637817,0.0017792971339076757,0.0123291015625,4.701124668121338
1817,3721216,510,0.522770248055458,9.39,301,-0.0039275516755878925,0.0654725581407547,1.0662636756896973,0.004061399959027767,0.0333251953125,4.777606964111328
1818,3723264,510,0.4334991717338562,9.09,320,-0.003941841423511505,0.06693771481513977,1.1219667196273804,0.004309473559260368,0.026123046875,4.681013107299805
1819,3725312,510,0.46284462928771974,10.09,300,-0.010261397808790207,0.06506922096014023,1.1338449716567993,0.002955283271148801,0.0308837890625,4.8029093742370605
1820,3727360,510,0.5116842997074127,12.11,288,-0.009518181905150414,0.06339357793331146,1.0657517910003662,0.003579371375963092,0.0147705078125,4.781996726989746
1821,3729408,510,0.49326115667819975,9.6,316,-0.0005744630470871925,0.0684092566370964,1.078615665435791,0.0027952753007411957,0.0069580078125,4.689929485321045
1822,3731456,510,0.46247272670269013,9.93,301,-0.0038071665912866592,0.06514985859394073,1.1006450653076172,0.0035135596990585327,0.0260009765625,4.870909214019775
1823,3733504,510,0.5227702486515046,9.77,308,-0.005111164413392544,0.06991206109523773,1.0731110572814941,0.0018359767273068428,0.0155029296875,4.938174724578857
1824,3735552,510,0.5226512402296066,9.25,313,-0.009386440739035606,0.06708815693855286,1.067233920097351,0.0036449886392802,0.0177001953125,4.804027557373047
1825,3737600,510,0.45251735627651213,10.44,302,-0.009358307346701622,0.06429404765367508,1.0695946216583252,0.0026273573748767376,0.009765625,5.190901279449463
1826,3739648,510,0.49238347232341767,9.48,307,0.0020995549857616425,0.06785564869642258,1.1118756532669067,0.0043265325948596,0.0078125,4.996717929840088
1827,3741696,510,0.4919371914863586,10.06,289,-0.007013686001300812,0.0584806464612484,1.1595596075057983,0.004213318228721619,0.0250244140625,5.213680267333984
1828,3743744,510,0.4331570237874985,11.14,289,-0.0028928727842867374,0.06349176913499832,1.131192684173584,0.0031823161989450455,0.026611328125,5.153134346008301
1829,3745792,510,0.5124876028299332,10.46,307,-0.0025120535865426064,0.06516599655151367,1.1210449934005737,0.0024784861598163843,0.013671875,4.853907585144043
1830,3747840,510,0.542145454287529,9.89,311,-0.010821693576872349,0.06798940896987915,1.1012134552001953,0.00213036360219121,0.0087890625,4.895666122436523
1831,3749888,510,0.4735735547542572,9.37,307,-0.013662973418831825,0.06539466232061386,1.1074095964431763,0.003206205554306507,0.0179443359375,4.826216697692871
1832,3751936,510,0.5424578535556793,9.36,324,-0.0070718987844884396,0.07178548723459244,1.0623629093170166,0.0018005571328103542,0.01806640625,4.964846134185791
1833,3753984,510,0.5328148752450943,9.14,319,-0.010091584175825119,0.07150913029909134,1.071845531463623,0.003130198223516345,0.0106201171875,4.826579570770264
1834,3756032,510,0.4437371933460236,9.14,316,-0.005261022597551346,0.06916648149490356,1.0666810274124146,0.0023251594975590706,0.0167236328125,4.900428771972656
1835,3758080,510,0.5019669431447983,9.96,309,-0.005014385562390089,0.06963439285755157,1.080909013748169,0.002304243156686425,0.0242919921875,4.8917694091796875
1836,3760128,510,0.5512380188703537,10.11,308,0.0028565675020217896,0.06291157752275467,1.1109540462493896,0.00255324668250978,0.0244140625,4.888193130493164
1837,3762176,510,0.4732611584663391,10.29,294,-0.006699409801512957,0.06263156235218048,1.145143747329712,0.0027701836079359055,0.0216064453125,4.881382465362549
1838,3764224,510,0.443186776638031,9.79,296,-0.010268794372677803,0.06726419925689697,1.1095216274261475,0.0031605090480297804,0.03076171875,4.896695137023926
1839,3766272,510,0.5210148751735687,10.28,309,-0.006552325561642647,0.06966733932495117,1.129805326461792,0.0033180885948240757,0.01708984375,5.071383476257324
1840,3768320,510,0.43363305628299714,10.03,309,-0.004568840377032757,0.06973055005073547,1.1252080202102661,0.0026179749984294176,0.0137939453125,4.93470573425293
1841,3770368,510,0.4434694218635559,10.27,305,-0.012073032557964325,0.07054825127124786,1.0708465576171875,0.005220070481300354,0.011962890625,4.82961368560791
1842,3772416,510,0.4929041302204132,10.04,304,-0.007169961929321289,0.06722350418567657,1.0760341882705688,0.001523295883089304,0.0120849609375,4.789281845092773
1843,3774464,510,0.5126363617181778,9.6,315,-0.009161511436104774,0.06824377179145813,1.0753483772277832,0.0058588627725839615,0.0177001953125,5.003337383270264
1844,3776512,510,0.45336528778076174,9.21,321,-0.005754198879003525,0.06742341816425323,1.0799466371536255,0.00436581764370203,0.01953125,4.81602668762207
1845,3778560,510,0.5519520658254623,9.82,306,-0.006422348320484161,0.06590987741947174,1.139499306678772,0.00197710283100605,0.0152587890625,4.895956516265869
1846,3780608,510,0.5811636358499527,10.18,308,-0.009863022714853287,0.06652932614088058,1.087652564048767,0.003392862156033516,0.0118408203125,4.70776891708374
1847,3782656,510,0.5619818168878555,9.63,306,-0.00993417203426361,0.0688047856092453,1.0686761140823364,0.004481981508433819,0.016357421875,4.718551158905029
1848,3784704,510,0.5716247910261154,10.45,293,-0.004645967856049538,0.06534840166568756,1.1249568462371826,0.002986003877595067,0.0238037109375,4.781491279602051
1849,3786752,510,0.5033504122495651,9.2,318,-0.00876406766474247,0.06503092497587204,1.1483116149902344,0.004507857374846935,0.01708984375,4.663182258605957
1850,3788800,510,0.5024281001091003,9.6,309,-0.011129935272037983,0.06701922416687012,1.113822102546692,0.0032102661207318306,0.0169677734375,4.838777542114258
1851,3790848,510,0.5716842967271805,9.65,305,-0.015426971018314362,0.06678353250026703,1.1076546907424927,0.0055371904745697975,0.030517578125,4.896790981292725
1852,3792896,510,0.5223685944080353,9.87,305,-0.003023337572813034,0.06850631535053253,1.13175368309021,0.0026641287840902805,0.0186767578125,5.027953147888184
1853,3794944,510,0.451565288901329,11.24,290,-0.011327182874083519,0.06426370143890381,1.091989278793335,0.003898477414622903,0.0228271484375,5.22120475769043
1854,3796992,510,0.5016842967271805,10.35,302,-0.012291735038161278,0.06439231336116791,1.0865063667297363,0.00426674447953701,0.032470703125,4.93489933013916
1855,3799040,510,0.434064462184906,9.43,318,-0.00017401576042175293,0.0690959244966507,1.0780562162399292,0.002186106750741601,0.015869140625,4.942697525024414
1856,3801088,510,0.47293388307094575,9.53,315,-0.006896139122545719,0.07204452157020569,1.0417615175247192,0.0024820819962769747,0.0111083984375,4.791894435882568
1857,3803136,510,0.4046446257829666,9.57,308,-0.002884654328227043,0.06810101866722107,1.0543808937072754,0.00286652403883636,0.0115966796875,5.031279563903809
1858,3805184,510,0.5220710742473602,10.45,296,-0.0074349334463477135,0.06619691103696823,0.9970762729644775,0.0020738542079925537,0.01953125,4.960373878479004
1859,3807232,510,0.5035586762428284,9.01,319,-0.006487473379820585,0.0708809643983841,0.9562954902648926,0.003066529054194689,0.013427734375,5.053065299987793
1860,3809280,510,0.4247338843345642,7.89,333,-0.012488937005400658,0.07719099521636963,0.9251809120178223,0.0019432033877819777,0.012939453125,5.0022478103637695
1861,3811328,510,0.45318677723407746,10.0,309,-0.004730274900794029,0.06988701224327087,0.9549483060836792,0.001557239331305027,0.010009765625,5.201040267944336
1862,3813376,510,0.4635586768388748,8.81,331,-0.0017958381213247776,0.07281236350536346,0.941844642162323,0.003422388806939125,0.021484375,4.878064155578613
1863,3815424,510,0.4540347111225128,8.23,335,-0.010745784267783165,0.07511262595653534,0.9297695159912109,0.003219858044758439,0.0111083984375,4.861968517303467
1864,3817472,510,0.4936479324102402,8.81,326,-0.00576217332854867,0.06919727474451065,1.0143014192581177,0.0033066929318010807,0.015625,4.782981872558594
1865,3819520,510,0.4541537183523178,8.38,326,-0.005026346072554588,0.06692784279584885,0.9981371760368347,0.0020174572709947824,0.01220703125,5.150660991668701
1866,3821568,510,0.5328743785619736,9.02,339,0.0009322953410446644,0.07536442577838898,1.0233371257781982,0.0020901085808873177,0.0179443359375,4.844050407409668
1867,3823616,510,0.5119520670175552,10.02,308,-0.010805182158946991,0.06602344661951065,0.9225137829780579,0.0028682933188974857,0.017578125,5.1578874588012695
1868,3825664,510,0.5336628091335297,8.16,330,-0.0090719573199749,0.06923122704029083,0.9372103214263916,0.0042661945335567,0.0260009765625,4.683193683624268
1869,3827712,510,0.5530677670240403,8.2,337,-0.006780460476875305,0.07470541447401047,0.9299787282943726,0.001976311905309558,0.017822265625,4.8547186851501465
1870,3829760,510,0.4936628097295761,9.15,323,-0.0016338583081960678,0.06905891001224518,1.0180951356887817,0.0029856928158551455,0.0147705078125,4.87098503112793
1871,3831808,510,0.46294876098632814,9.62,316,-0.010395828634500504,0.07047908008098602,0.9705656170845032,0.001868772553279996,0.0218505859375,4.927587509155273
1872,3833856,510,0.5120413196086884,9.8,312,-0.005850518122315407,0.06538603454828262,1.0279780626296997,0.0019308680202811956,0.0147705078125,4.984798908233643
1873,3835904,510,0.5018628078699112,10.22,318,-0.006241152063012123,0.07010644674301147,1.0627557039260864,0.003090774640440941,0.021240234375,4.7726664543151855
1874,3837952,510,0.4645107436180115,9.15,327,-0.00442871917039156,0.07228849083185196,0.9966270923614502,0.0031385100446641445,0.022705078125,4.843228340148926
1875,3840000,510,0.50287437915802,9.46,318,-0.004711490124464035,0.0715235024690628,1.011435866355896,0.002039581537246704,0.0166015625,4.784241199493408
1876,3842048,510,0.5026661145687104,9.56,303,-0.010496079921722412,0.0708627849817276,1.0111558437347412,0.004446189850568771,0.0233154296875,4.827650547027588
1877,3844096,510,0.482919008731842,10.31,303,-0.008947201073169708,0.06531184166669846,1.0347820520401,0.0025445055216550827,0.017578125,4.807003974914551
1878,3846144,510,0.5027553713321686,9.22,327,-0.0049352701753377914,0.07061745226383209,1.0221236944198608,0.002940837759524584,0.0142822265625,4.87633752822876
1879,3848192,510,0.4936479341983795,8.82,329,-0.0062470342963933945,0.07235192507505417,0.9990439414978027,0.0021899864077568054,0.0096435546875,4.904081344604492
1880,3850240,510,0.46227933883666994,10.49,298,-0.007547995075583458,0.0631367415189743,1.0871819257736206,0.0030764236580580473,0.010498046875,4.955096244812012
1881,3852288,510,0.552279337644577,9.15,327,0.0029542744159698486,0.07494168728590012,1.011670708656311,0.0023102869745343924,0.0234375,4.923000335693359
1882,3854336,510,0.3946892553567886,8.82,324,-0.004114639014005661,0.07429154217243195,1.045756459236145,0.003010798478499055,0.0225830078125,4.724949359893799
1883,3856384,510,0.3746892565488815,9.97,300,-0.004292372614145279,0.059921324253082275,1.1099127531051636,0.00190133904106915,0.015380859375,4.695006370544434
1884,3858432,510,0.44315702438354493,9.78,311,-0.008900986984372139,0.0671023279428482,1.0691574811935425,0.002865936839953065,0.01708984375,4.853137016296387
1885,3860480,510,0.4241983473300934,8.89,322,-0.0028459765017032623,0.07352259010076523,1.031741976737976,0.0032183530274778605,0.018310546875,4.973993301391602
1886,3862528,510,0.3650760328769684,9.39,312,-0.0022844262421131134,0.06880513578653336,1.0043270587921143,0.002770877443253994,0.019287109375,4.79457426071167
1887,3864576,510,0.46403471171855926,9.11,324,-0.00642531830817461,0.06958342343568802,1.0254266262054443,0.002081814920529723,0.02099609375,4.910187244415283
1888,3866624,511,0.51245785176754,9.87,307,-0.012683365494012833,0.06711924076080322,0.9960331916809082,0.0028195949271321297,0.0133056640625,4.751047134399414
1889,3868672,511,0.5130082631111145,9.39,304,-0.0028642993420362473,0.06735925376415253,1.0290539264678955,0.0034148760605603456,0.0152587890625,4.889097690582275
1890,3870720,511,0.5825917345285415,9.0,315,-0.010010634548962116,0.0692354142665863,1.0410809516906738,0.0044315280392766,0.01513671875,4.73187255859375
1891,3872768,511,0.5424429762363434,9.53,316,-0.006620302796363831,0.07270637154579163,1.0100113153457642,0.0017910473980009556,0.0108642578125,4.604801654815674
1892,3874816,511,0.5008958685398102,10.47,300,-0.0019864439964294434,0.06440036743879318,1.0073970556259155,0.0070992521941661835,0.023193359375,4.886147499084473
1893,3876864,511,0.514168593287468,8.83,331,-0.003364398144185543,0.07260102033615112,0.9634751081466675,0.0021066193003207445,0.01611328125,4.746654510498047
1894,3878912,511,0.46355867624282837,8.45,335,-0.00787331908941269,0.07357199490070343,0.9384127259254456,0.0016896172892302275,0.0101318359375,4.878171920776367
1895,3880960,511,0.5126066124439239,9.46,319,-0.00473738182336092,0.06930296123027802,0.9754543900489807,0.004260346759110689,0.0157470703125,4.933567047119141
1896,3883008,511,0.5228446286916733,9.23,320,-0.005495253950357437,0.072226382791996,0.9536951184272766,0.004578525200486183,0.0098876953125,4.799102306365967
1897,3885056,511,0.47335041224956514,8.88,333,-0.006259824149310589,0.07176277041435242,0.9646540880203247,0.001449106028303504,0.009033203125,4.786422252655029
1898,3887104,511,0.5519371885061264,9.64,322,-0.00538706686347723,0.06957018375396729,0.9310957193374634,0.0020439261570572853,0.0152587890625,4.627906799316406
1899,3889152,511,0.5431867784261704,8.55,335,-0.011021346785128117,0.06857571005821228,0.9292589426040649,0.00270173535682261,0.0145263671875,4.858946323394775
1900,3891200,511,0.4036181789636612,9.54,323,-0.008705398999154568,0.06713806837797165,0.9491952061653137,0.0026827717665582895,0.023193359375,4.623525619506836
1901,3893248,511,0.5428743779659271,9.22,339,-0.0039505548775196075,0.07114146649837494,0.9204482436180115,0.0028267931193113327,0.01611328125,4.561401844024658
1902,3895296,511,0.4644512397050857,8.23,349,0.00172009551897645,0.0713493824005127,0.8709310293197632,0.0026785254012793303,0.017578125,4.594623565673828
1903,3897344,511,0.4934545475244522,8.31,343,-0.000841149128973484,0.0739261656999588,0.8893389105796814,0.0018485041800886393,0.010986328125,4.612651348114014
1904,3899392,511,0.42433223128318787,8.19,346,-0.006805183365941048,0.07407395541667938,0.8249669075012207,0.0020586776081472635,0.015869140625,4.432187080383301
1905,3901440,511,0.5925173568725586,8.16,342,-0.004684268496930599,0.07032827287912369,0.8535391092300415,0.0035759129095822573,0.0177001953125,4.556146621704102
1906,3903488,511,0.5437074369192123,7.87,350,-0.005138491280376911,0.0727778822183609,0.8601589798927307,0.003428859170526266,0.01123046875,4.4419050216674805
1907,3905536,511,0.4836033046245575,8.4,347,-0.0067132748663425446,0.07713624089956284,0.8478245735168457,0.0069840638898313046,0.0147705078125,4.531081676483154
1908,3907584,511,0.5140793377161026,7.54,359,-0.008349398151040077,0.077330082654953,0.7833935022354126,0.0026579080149531364,0.01416015625,4.600779056549072
1909,3909632,511,0.49391570389270784,7.97,352,-0.008122708648443222,0.07641445100307465,0.8337324857711792,0.0021273293532431126,0.010498046875,4.56967830657959
1910,3911680,511,0.4941388428211212,7.85,335,-0.009038036689162254,0.06996625661849976,0.8704508543014526,0.002912660827860236,0.014404296875,4.68715238571167
1911,3913728,511,0.45451074540615083,7.68,354,-0.011430882848799229,0.07851472496986389,0.8285616040229797,0.0050787487998604774,0.03125,4.437383651733398
1912,3915776,511,0.5430975222587585,8.11,351,-0.011957315728068352,0.07648387551307678,0.7938792705535889,0.002853191690519452,0.0135498046875,4.579637050628662
1913,3917824,511,0.48442148804664614,8.19,349,-0.008357500657439232,0.07831741869449615,0.7883673310279846,0.002693026326596737,0.0162353515625,4.51719331741333
1914,3919872,511,0.5342876011133194,7.92,358,-0.005770087242126465,0.07976424694061279,0.7979050278663635,0.0026346598751842976,0.00927734375,4.67691707611084
1915,3921920,511,0.4943471086025238,7.64,365,-0.0036551877856254578,0.07358171045780182,0.7734830379486084,0.002908460795879364,0.0133056640625,4.493924140930176
1916,3923968,511,0.5139454531669617,7.77,358,-0.005666868761181831,0.07495884597301483,0.7761309146881104,0.004532482475042343,0.0146484375,4.341017246246338
1917,3926016,511,0.49397520422935487,8.52,350,-0.003428521566092968,0.07619664818048477,0.8051122426986694,0.0019455405417829752,0.0087890625,4.551821708679199
1918,3928064,511,0.4843322318792343,8.04,362,-0.00887657143175602,0.07663516700267792,0.7900670170783997,0.0035154398065060377,0.021728515625,4.387044906616211
1919,3930112,511,0.4939157009124756,7.76,356,-0.004536330699920654,0.07561995089054108,0.7868782877922058,0.002494110958650708,0.0130615234375,4.6056671142578125
1920,3932160,511,0.45416859567165374,9.19,350,-0.0022807233035564423,0.0773099884390831,0.8339869976043701,0.0014582248404622078,0.018310546875,4.672727584838867
1921,3934208,511,0.47354380309581756,8.6,342,-0.0063514625653624535,0.07252879440784454,0.8167383670806885,0.0028154037427157164,0.0101318359375,4.595217227935791
1922,3936256,511,0.4545553714036942,7.4,370,-0.005430195480585098,0.08046187460422516,0.8428952097892761,0.005447481758892536,0.0177001953125,4.484696388244629
1923,3938304,511,0.5534842962026596,7.83,360,-0.005054927431046963,0.07691922783851624,0.8241183757781982,0.0012072056997567415,0.0084228515625,4.492337226867676
1924,3940352,511,0.5038561975955963,7.91,343,-0.00015964359045028687,0.07262950390577316,0.882188081741333,0.0021066025365144014,0.0140380859375,4.444325923919678
1925,3942400,511,0.5035438019037247,8.38,338,-0.00719328410923481,0.07440945506095886,0.9013248085975647,0.0031637619249522686,0.0106201171875,4.616127967834473
1926,3944448,511,0.4730975204706192,8.73,333,-0.0021869484335184097,0.07068640738725662,0.9617713689804077,0.0019502951763570309,0.014892578125,4.508986473083496
1927,3946496,511,0.44320165276527407,9.06,329,-0.011392638087272644,0.07411706447601318,0.9465961456298828,0.002448112005367875,0.0074462890625,4.764166355133057
1928,3948544,511,0.5328743833303452,8.84,324,-0.003974504768848419,0.06931629031896591,0.9506763219833374,0.0028839048463851213,0.022705078125,4.833437919616699
1929,3950592,511,0.49323140501976015,8.73,335,0.002988554537296295,0.06891967356204987,0.9364618062973022,0.0024036988615989685,0.0113525390625,4.707290172576904
1930,3952640,511,0.4440049582719803,8.56,337,-0.006667358335107565,0.07392636686563492,0.9799911975860596,0.002887360518798232,0.024169921875,4.643840789794922
1931,3954688,511,0.5033950406312943,8.44,334,-0.00748109258711338,0.07260235399007797,1.019594669342041,0.001867366023361683,0.015869140625,4.7942070960998535
1932,3956736,511,0.5628595042228699,8.79,344,-0.001565486192703247,0.07288516312837601,1.023208498954773,0.004645561799407005,0.0186767578125,4.455305099487305
1933,3958784,511,0.5226809936761856,9.11,319,-0.001674119383096695,0.0670916810631752,0.9844748377799988,0.003614348592236638,0.0162353515625,4.914185047149658
1934,3960832,511,0.5233355367183685,8.75,320,-0.0069826869294047356,0.06998857855796814,1.0369288921356201,0.0019643064588308334,0.018310546875,4.77006196975708
1935,3962880,511,0.512785125374794,10.1,312,-0.005986595526337624,0.0634162500500679,1.0503236055374146,0.0017612078227102757,0.0106201171875,4.9715681076049805
1936,3964928,511,0.5627851235866547,8.85,327,-0.008409537374973297,0.07517750561237335,1.0599600076675415,0.003390612080693245,0.0196533203125,4.973945140838623
1937,3966976,511,0.49275537133216857,9.28,308,-0.005493848584592342,0.06833379715681076,1.0771634578704834,0.0019346566405147314,0.015625,4.660250186920166
1938,3969024,511,0.4926363658905029,10.18,308,-0.001824661623686552,0.06844912469387054,1.048551082611084,0.003741010557860136,0.0140380859375,4.916932106018066
1939,3971072,511,0.444228098988533,9.26,320,-0.006518839858472347,0.06586115807294846,1.0466965436935425,0.002283173380419612,0.0142822265625,4.608207702636719
1940,3973120,511,0.4929041314125061,9.66,321,-0.0060415081679821014,0.06657778471708298,1.0342577695846558,0.0029469395522028208,0.02783203125,4.538680076599121
1941,3975168,511,0.5228148752450943,9.19,310,-0.004415902309119701,0.0678093358874321,1.0275732278823853,0.002066844841465354,0.0159912109375,4.629211902618408
1942,3977216,511,0.483945454955101,9.08,331,-0.004022402223199606,0.06862197071313858,1.0242279767990112,0.004052856005728245,0.0191650390625,4.444054126739502
1943,3979264,511,0.4333801656961441,9.65,307,-0.007535542361438274,0.06898163259029388,1.052237629890442,0.001335326349362731,0.014892578125,4.8043975830078125
1944,3981312,511,0.44343967020511627,9.52,316,-0.0067353202030062675,0.0679873675107956,1.0998773574829102,0.003068884601816535,0.0130615234375,4.499654293060303
1945,3983360,511,0.6212826436758041,9.34,323,0.0014916248619556427,0.07040558010339737,1.1093449592590332,0.002789438236504793,0.0118408203125,4.63975715637207
1946,3985408,511,0.48282975137233736,10.07,313,-0.0005631688982248306,0.06752026081085205,1.089759111404419,0.0008891418110579252,0.010009765625,4.74329948425293
1947,3987456,511,0.47275537371635434,10.2,304,-0.0024929121136665344,0.0625527873635292,1.1516941785812378,0.0034055293072015047,0.01953125,4.755705833435059
1948,3989504,511,0.5322495889663696,9.29,315,-0.009771846234798431,0.06968695670366287,1.1101887226104736,0.005087482277303934,0.01904296875,4.7166595458984375
1949,3991552,511,0.5400330567359924,11.15,294,-0.008145362138748169,0.0696215033531189,1.1424040794372559,0.001416349085047841,0.0101318359375,4.80601692199707
1950,3993600,511,0.6112082654237747,9.58,313,-0.005822557024657726,0.06334012746810913,1.0919442176818848,0.0019993905443698168,0.0174560546875,4.6873297691345215
1951,3995648,511,0.4625173532962799,10.83,292,-0.009107185527682304,0.061052724719047546,1.1194932460784912,0.004093696363270283,0.0157470703125,4.86973762512207
1952,3997696,511,0.512428098320961,9.29,325,-0.006309967488050461,0.06950102746486664,1.0343283414840698,0.001207835040986538,0.00830078125,4.817576885223389
1953,3999744,512,0.49241322159767154,9.36,308,-0.0087184589356184,0.06625089794397354,1.1104004383087158,0.003740878775715828,0.009521484375,4.863719940185547
1954,4001792,512,0.5117586785554886,10.72,304,-0.005301427096128464,0.06635905057191849,1.1047176122665405,0.0029187933541834354,0.015625,4.90092134475708
1955,4003840,512,0.5026809906959534,9.31,311,-0.000991850160062313,0.0696527436375618,1.0642800331115723,0.0018874257802963257,0.0072021484375,4.94874906539917
1956,4005888,512,0.4908958703279495,10.73,308,-0.008157290518283844,0.06833745539188385,1.0912187099456787,0.0026049236766994,0.0162353515625,4.804839611053467
1957,4007936,512,0.5711487627029419,9.48,317,-0.006556987762451172,0.06530100107192993,1.0476009845733643,0.0023399023339152336,0.012451171875,4.855320930480957
1958,4009984,512,0.5121752065420151,9.92,310,-0.0023773526772856712,0.06707937270402908,1.0419328212738037,0.0023077442310750484,0.010009765625,4.842048645019531
1959,4012032,512,0.42351405024528505,9.61,300,-0.004230557940900326,0.0614774189889431,1.1202512979507446,0.0048976922407746315,0.02294921875,4.571519374847412
1960,4014080,512,0.4236330586671829,9.65,310,-0.005180368199944496,0.06601787358522415,1.1258841753005981,0.006365878973156214,0.0185546875,4.781224250793457
1961,4016128,512,0.5127702474594116,10.41,295,-0.011038220487535,0.06621092557907104,1.1579147577285767,0.002127070678398013,0.01611328125,4.787604331970215
1962,4018176,512,0.5173256194591522,12.94,276,-0.0070770010352134705,0.0578213706612587,1.2456454038619995,0.003291344502940774,0.02783203125,4.902242660522461
1963,4020224,512,0.5213867771625519,10.54,296,-0.013119149953126907,0.06671171635389328,1.16860830783844,0.004087227396667004,0.02880859375,4.825011253356934
1964,4022272,512,0.4322793382406235,11.15,285,-8.977577090263367e-05,0.06611008197069168,1.1360111236572266,0.0009466486517339945,0.0113525390625,4.847426891326904
1965,4024320,512,0.5322793370485306,9.96,303,-0.004606219008564949,0.0639994814991951,1.1549618244171143,0.0018900625873357058,0.009521484375,4.6775407791137695
1966,4026368,512,0.46181818068027497,11.89,285,-0.009491068311035633,0.05946313589811325,1.091813564300537,0.002843195805326104,0.0164794921875,4.961743354797363
1967,4028416,512,0.49238347351551054,9.92,297,-0.008791886270046234,0.06415390968322754,1.1153323650360107,0.003460752544924617,0.0172119140625,4.904230117797852
1968,4030464,512,0.5402264481782914,11.24,294,-0.005857816897332668,0.0681406706571579,1.152937650680542,0.0027424339205026627,0.0137939453125,4.860270023345947
1969,4032512,512,0.5410743796825409,10.58,307,-0.006837870925664902,0.06389330327510834,1.119179129600525,0.002180545125156641,0.016357421875,4.767673969268799
1970,4034560,512,0.4726661163568497,12.01,280,-0.010530775412917137,0.06264451891183853,1.134969711303711,0.00304854242131114,0.018310546875,4.8782806396484375
1971,4036608,512,0.47260661125183107,9.63,307,-0.003174683079123497,0.0652509331703186,1.093827247619629,0.002682298654690385,0.02001953125,4.636022567749023
1972,4038656,512,0.5415057843923569,10.55,296,-0.000598798505961895,0.05776243656873703,1.114741325378418,0.0032561514526605606,0.0201416015625,4.8221306800842285
1973,4040704,512,0.48297851264476777,11.08,294,-0.007124457508325577,0.06241399794816971,1.1371557712554932,0.0025954667944461107,0.018310546875,4.701069355010986
1974,4042752,512,0.47314214885234834,9.7,299,-0.007510688621550798,0.06672829389572144,1.081972599029541,0.001574935158714652,0.009033203125,4.9468607902526855
1975,4044800,512,0.364986777305603,9.96,291,-0.006692783907055855,0.062205418944358826,1.0829604864120483,0.004822717979550362,0.012451171875,4.783377647399902
1976,4046848,512,0.533082645535469,8.55,320,-0.011438615620136261,0.06520480662584305,1.0979353189468384,0.0025961848441511393,0.012451171875,4.973350524902344
1977,4048896,512,0.38424297511577604,10.26,304,-0.008714108727872372,0.06689126044511795,1.096169352531433,0.0031312284991145134,0.02685546875,4.866427421569824
1978,4050944,512,0.5128446292877197,9.87,299,-0.0022196639329195023,0.06709135323762894,1.072604775428772,0.0021591447293758392,0.0208740234375,4.90347957611084
1979,4052992,512,0.5425619846582412,10.07,302,-0.007587515749037266,0.06633701175451279,1.0623422861099243,0.0021615764126181602,0.0177001953125,4.910355567932129
1980,4055040,512,0.5229785144329071,9.47,309,-0.005511956289410591,0.06795867532491684,1.098792552947998,0.0024839420802891254,0.01708984375,4.874120235443115
1981,4057088,512,0.47232396721839903,10.72,300,-0.0055556390434503555,0.06478696316480637,1.0673069953918457,0.001609274186193943,0.01025390625,4.9451823234558105
1982,4059136,512,0.45269586980342863,10.69,296,-0.006522186100482941,0.059877242892980576,1.112504482269287,0.003925546072423458,0.0185546875,4.824460029602051
1983,4061184,512,0.5413123965263367,9.96,294,-0.0032176943495869637,0.059985674917697906,1.1067020893096924,0.0018282148521393538,0.0098876953125,4.766729354858398
1984,4063232,512,0.4926066130399704,11.57,295,-0.006738696247339249,0.06141110509634018,1.0501081943511963,0.003282701363787055,0.02197265625,4.786494731903076
1985,4065280,512,0.461788427233696,10.93,292,0.00038703903555870056,0.05903654545545578,1.1285431385040283,0.0023542644921690226,0.011474609375,4.809508323669434
1986,4067328,512,0.5321603310108185,10.12,305,-0.006302384659647942,0.06250669807195663,1.081595540046692,0.002737280447036028,0.0185546875,4.899379253387451
1987,4069376,512,0.45275537073612215,10.27,306,-0.005210740491747856,0.06459489464759827,1.0547633171081543,0.0018053895328193903,0.015625,5.0396809577941895
1988,4071424,512,0.5425322288274765,9.04,316,-0.011754358187317848,0.06652957946062088,0.9890987277030945,0.0031542733777314425,0.01318359375,5.016974449157715
1989,4073472,512,0.4630082654953003,9.34,315,-0.0050047338008880615,0.06727076321840286,1.0245667695999146,0.0013047629036009312,0.010498046875,4.944676399230957
1990,4075520,512,0.3644512391090393,9.51,314,-0.01033090427517891,0.06987711042165756,1.033302903175354,0.00322661898098886,0.013427734375,5.011982440948486
1991,4077568,512,0.4635586792230606,8.9,316,-0.009842952713370323,0.0682811290025711,0.967812716960907,0.0030874076765030622,0.018798828125,5.067286968231201
1992,4079616,512,0.5524876034259796,8.62,328,-0.0035694045946002007,0.07278180122375488,0.9921373128890991,0.0006097368896007538,0.0081787109375,4.973176002502441
1993,4081664,512,0.5417140501737595,10.37,306,-0.007204534485936165,0.0681607723236084,0.9399195313453674,0.0017345224041491747,0.01416015625,4.987873077392578
1994,4083712,512,0.45372231662273405,9.49,325,-0.00565752387046814,0.06952188909053802,0.9385717511177063,0.0015731081366539001,0.0089111328125,4.991880893707275
1995,4085760,512,0.6212826412916184,9.32,323,-0.0033164452761411667,0.0664897933602333,1.009899616241455,0.0029910460580140352,0.0111083984375,4.7547287940979
1996,4087808,512,0.4540495866537094,8.75,339,-0.002487834542989731,0.07372158765792847,0.9445910453796387,0.002460857154801488,0.014892578125,4.754101753234863
1997,4089856,512,0.4539454561471939,9.13,315,-0.007174365222454071,0.06617239862680435,0.8947892189025879,0.004849711433053017,0.0238037109375,5.045996189117432
1998,4091904,512,0.4842578500509262,7.96,354,-0.008860107511281967,0.0764017254114151,0.8757889866828918,0.0022985043469816446,0.015625,4.644596099853516
1999,4093952,512,0.562175207734108,8.91,335,-0.0008198916912078857,0.06878172606229782,0.9240182042121887,0.0013331584632396698,0.0137939453125,4.833247661590576
2000,4096000,512,0.48430248141288756,8.91,330,0.0013650618493556976,0.06885803490877151,0.965855062007904,0.002082678023725748,0.009521484375,4.953458786010742
2001,4098048,512,0.503484297990799,8.39,339,-0.006524372845888138,0.07294011116027832,0.9216352105140686,0.0044631352648139,0.015625,4.847192287445068
2002,4100096,512,0.4930380177497864,8.93,328,-0.0035031884908676147,0.07074796408414841,0.9873061180114746,0.002081457758322358,0.0103759765625,4.8885345458984375
2003,4102144,512,0.49266611874103544,10.19,322,-0.0061524417251348495,0.06998853385448456,0.9967621564865112,0.0009897982235997915,0.0059814453125,4.904735565185547
2004,4104192,512,0.47366280913352965,8.64,330,-0.0021418221294879913,0.0762646347284317,0.9597430229187012,0.0012328929733484983,0.0091552734375,4.8329010009765625
2005,4106240,512,0.5723983460664749,8.89,331,-0.0059618521481752396,0.06880834698677063,0.959434449672699,0.001272778958082199,0.01171875,4.924458026885986
2006,4108288,512,0.4526809895038605,9.72,320,-0.0029661618173122406,0.06797516345977783,0.9597129821777344,0.00339118973352015,0.018798828125,5.061611652374268
2007,4110336,513,0.48336529195308686,9.11,327,-0.002612090902402997,0.07465899735689163,0.9475871324539185,0.0013073210138827562,0.01416015625,5.055880069732666
2008,4112384,513,0.46330578446388243,9.17,325,-0.004625257104635239,0.06819422543048859,1.0419285297393799,0.00207089027389884,0.014892578125,4.834458351135254
2009,4114432,513,0.5916099172830581,9.53,308,-0.010689785704016685,0.06917104125022888,1.0254255533218384,0.0016885742079466581,0.0146484375,4.904693603515625
2010,4116480,513,0.5130231410264969,8.56,322,-0.007012117654085159,0.06979864835739136,1.005871057510376,0.002042248612269759,0.0133056640625,4.748361110687256
2011,4118528,513,0.42248760282993314,10.84,305,-0.0077364519238471985,0.06600873172283173,1.0201572179794312,0.0011566621251404285,0.0166015625,4.862260818481445
2012,4120576,513,0.39376694321632383,10.61,299,-0.013508565723896027,0.062353700399398804,1.066619634628296,0.003107270458713174,0.0111083984375,4.916862487792969
2013,4122624,513,0.4725471097230911,9.58,327,-0.007265858817845583,0.06340663880109787,1.0514096021652222,0.0033826902508735657,0.01513671875,4.751152515411377
2014,4124672,513,0.43409421503543855,9.59,309,-0.006760930642485619,0.06579559296369553,1.0017081499099731,0.002105715684592724,0.0185546875,4.844769477844238
2015,4126720,513,0.582442974448204,9.48,325,-0.005114741623401642,0.06520052254199982,1.0079538822174072,0.001057892106473446,0.0147705078125,4.703404426574707
2016,4128768,513,0.5034991735219956,8.55,326,-0.008424533531069756,0.07471761852502823,0.9733028411865234,0.003680152352899313,0.013671875,4.771529674530029
2017,4130816,513,0.39439173460006716,9.74,318,-0.006760358810424805,0.06666047871112823,0.9582101702690125,0.003697937587276101,0.0145263671875,4.801844596862793
2018,4132864,513,0.48364793360233305,8.57,311,-0.002556894440203905,0.06713990122079849,0.9535136818885803,0.0030441582202911377,0.0198974609375,4.835596084594727
2019,4134912,513,0.4939603298902512,8.65,327,0.00019557494670152664,0.07314638793468475,0.8974756002426147,0.0021388179156929255,0.025634765625,4.8115386962890625
2020,4136960,513,0.5217438018321991,10.09,322,-0.0066495975479483604,0.0685204565525055,0.9540171027183533,0.002059357473626733,0.0164794921875,4.809362411499023
2021,4139008,513,0.561847934126854,8.98,313,-0.0023633483797311783,0.06998015195131302,0.9374842047691345,0.0027376976795494556,0.0177001953125,5.171789646148682
2022,4141056,513,0.5230380177497864,9.18,322,-0.0024835560470819473,0.07003489136695862,0.8879662752151489,0.0011998624540865421,0.0074462890625,4.948144435882568
2023,4143104,513,0.5720859491825103,8.81,329,-0.00628275889903307,0.07109054923057556,0.8809518814086914,0.0016008256934583187,0.0078125,4.939461708068848
2024,4145152,513,0.47452561974525453,8.22,333,-0.003922129049897194,0.07211311161518097,0.8676104545593262,0.004567157477140427,0.0223388671875,4.823802947998047
2025,4147200,513,0.5138561975955963,7.71,338,-0.011566877365112305,0.06798712909221649,0.8940291404724121,0.0029330034740269184,0.005615234375,4.750739097595215
2026,4149248,513,0.4842876034975052,8.18,348,-0.0032152850180864334,0.07219686359167099,0.8318681120872498,0.0038506300188601017,0.0126953125,4.669638633728027
2027,4151296,513,0.5137966948747635,8.11,350,-0.008417734876275063,0.0724785104393959,0.7760658860206604,0.0011830537114292383,0.007080078125,4.902742385864258
2028,4153344,513,0.46489751994609835,7.35,366,-0.0006848350167274475,0.08036551624536514,0.797792911529541,0.0008723833598196507,0.00732421875,4.946990966796875
2029,4155392,513,0.4542429721355438,7.93,350,-0.0015074880793690681,0.07421833276748657,0.8452392220497131,0.0011974771041423082,0.0098876953125,4.950376033782959
2030,4157440,513,0.4050016528367996,8.26,346,-0.005479898303747177,0.07516095042228699,0.8309552669525146,0.0026539978571236134,0.010498046875,4.8187031745910645
2031,4159488,513,0.5434842950105667,8.38,339,-0.0046377405524253845,0.07138113677501678,0.8577943444252014,0.003506266511976719,0.0155029296875,4.790566444396973
2032,4161536,513,0.5226661157608032,8.78,337,-0.006526774726808071,0.0671902522444725,0.8894298076629639,0.0024628369137644768,0.009521484375,4.694227695465088
2033,4163584,513,0.5141090905666351,8.57,339,-0.000705142505466938,0.07141091674566269,0.9107123613357544,0.00335230166092515,0.0191650390625,5.0867767333984375
2034,4165632,513,0.38596859633922576,8.02,352,-0.00023838598281145096,0.07452337443828583,0.8044688105583191,0.0012866819743067026,0.0072021484375,4.875697135925293
2035,4167680,513,0.47461487650871276,8.15,358,-0.0022267214953899384,0.07708004117012024,0.829479455947876,0.0017401364166289568,0.014892578125,4.762723445892334
2036,4169728,513,0.5332611584663391,7.85,339,0.0014729015529155731,0.0688885971903801,0.8508578538894653,0.0011539577972143888,0.0150146484375,4.76657772064209
2037,4171776,513,0.47419834554195406,7.97,353,-0.005689078941941261,0.07455382496118546,0.8113528490066528,0.0015986207872629166,0.0086669921875,4.715514183044434
2038,4173824,513,0.5330231428146363,8.37,340,-0.004524661228060722,0.07297294586896896,0.8064813017845154,0.0010599636007100344,0.0101318359375,4.787196159362793
2039,4175872,513,0.5337669414281845,7.6,362,-0.0005016829818487167,0.07439593970775604,0.7492243051528931,0.0014456033241003752,0.008056640625,4.585677623748779
2040,4177920,513,0.6221900856494904,7.99,358,-0.002665214240550995,0.07881101965904236,0.7778799533843994,0.002212196821346879,0.0108642578125,4.680947303771973
2041,4179968,513,0.4446892559528351,8.5,357,-0.00024058669805526733,0.07243073731660843,0.7201070785522461,0.0029706137720495462,0.008056640625,4.616104602813721
2042,4182016,513,0.4847190070152283,7.59,363,-0.0038114599883556366,0.07822799682617188,0.6922593116760254,0.0010179092641919851,0.00537109375,4.625791549682617
2043,4184064,513,0.5135884284973145,7.67,365,-0.0018550120294094086,0.07610630244016647,0.6590460538864136,0.0011577936820685863,0.0081787109375,4.666444301605225
2044,4186112,513,0.6030826437473297,7.46,367,-0.0023919527884572744,0.07776914536952972,0.7157402634620667,0.002922597574070096,0.0086669921875,4.580837726593018
2045,4188160,513,0.49458512604236604,7.76,366,-0.00276254303753376,0.0773664116859436,0.7296095490455627,0.0018067718483507633,0.013427734375,4.78079891204834
2046,4190208,513,0.504644627571106,7.51,378,-0.005939796566963196,0.07673665136098862,0.7215625047683716,0.0015207934193313122,0.0064697265625,4.801528453826904
2047,4192256,513,0.5042280983924866,7.67,363,-0.005567772313952446,0.07798164337873459,0.7119008302688599,0.0010960346553474665,0.0057373046875,4.736273288726807
2048,4194304,513,0.40462975144386293,8.93,344,0.00204349122941494,0.078961580991745,0.7435423731803894,0.001583917997777462,0.00732421875,5.007309913635254
2049,4196352,513,0.553082645535469,7.78,352,-0.005065789446234703,0.07762495428323746,0.7293289303779602,0.003108847653493285,0.01513671875,4.784841060638428
2050,4198400,513,0.523335537314415,8.46,352,0.0002987869083881378,0.0761241689324379,0.7936549186706543,0.002905832137912512,0.0162353515625,4.873481273651123
2051,4200448,513,0.5533801651000977,7.93,349,-0.0030516833066940308,0.07466623187065125,0.7961573600769043,0.0012218672782182693,0.011474609375,4.815828323364258
2052,4202496,514,0.5324578511714936,8.44,357,-0.005286362953484058,0.07601625472307205,0.799751877784729,0.0017939703539013863,0.0067138671875,4.693058013916016
2053,4204544,514,0.49433223009109495,7.73,366,-0.00490010529756546,0.07588416337966919,0.796942412853241,0.003029064740985632,0.0128173828125,5.041509628295898
2054,4206592,514,0.5238710772991181,7.49,362,-0.005403417628258467,0.07604724168777466,0.857275128364563,0.001837567426264286,0.00830078125,4.717668056488037
2055,4208640,514,0.47363305747509005,8.45,349,-0.0068139745853841305,0.07442151755094528,0.9301872253417969,0.0020072017796337605,0.0155029296875,4.731573581695557
2056,4210688,514,0.5333206641674042,8.8,334,-0.00902402214705944,0.06885537505149841,0.9063171148300171,0.0017086532898247242,0.0118408203125,5.059943199157715
2057,4212736,514,0.45393057763576505,8.28,347,-0.0038789017125964165,0.0735195055603981,0.918801486492157,0.0015914114192128181,0.0089111328125,4.844908237457275
2058,4214784,514,0.533008262515068,9.78,331,-0.01117602176964283,0.06711981445550919,1.0122573375701904,0.0016101943328976631,0.017822265625,5.030726432800293
2059,4216832,514,0.48342479407787325,8.86,341,-0.0004697907716035843,0.07224208116531372,0.9564595222473145,0.0018426284659653902,0.010498046875,4.837138652801514
2060,4218880,514,0.42401983559131623,9.16,329,-0.004106116481125355,0.06946992874145508,0.9912388920783997,0.002418685704469681,0.0123291015625,4.865968704223633
2061,4220928,514,0.4640049558877945,9.27,309,-0.009638326242566109,0.06411450356245041,1.0433117151260376,0.0019896712619811296,0.0198974609375,5.011398792266846
2062,4222976,514,0.4630528938770294,9.42,331,-0.0026813307777047157,0.07180190086364746,0.974073588848114,0.0013219562824815512,0.0103759765625,4.940433025360107
2063,4225024,514,0.5333652883768082,9.56,316,-0.00810011476278305,0.06791507452726364,0.9883934855461121,0.0023373987060040236,0.0213623046875,4.823248863220215
2064,4227072,514,0.5036330580711365,7.97,335,-0.005722247064113617,0.07404517382383347,0.9421257376670837,0.0010794177651405334,0.015380859375,4.951166152954102
2065,4229120,514,0.532710743546486,8.88,315,-0.001987585099413991,0.06774943321943283,0.9953181147575378,0.003214531810954213,0.015869140625,4.982691287994385
2066,4231168,514,0.5530677688121796,9.06,326,-0.0023770183324813843,0.07408631592988968,0.9392515420913696,0.003029915736988187,0.0113525390625,4.9287614822387695
2067,4233216,514,0.43504628121852873,7.75,325,-0.0032094381749629974,0.07079638540744781,0.9755817651748657,0.003030064282938838,0.0152587890625,4.994579315185547
2068,4235264,514,0.5035884302854537,8.75,323,-0.0031585432589054108,0.075902558863163,0.9700615406036377,0.00251056719571352,0.014892578125,4.977834701538086
2069,4237312,514,0.48364793419837954,8.8,334,-0.0010982081294059753,0.07705781608819962,1.0128865242004395,0.002120889723300934,0.01416015625,4.841490745544434
2070,4239360,514,0.4934991759061813,9.53,320,-0.00840502418577671,0.06868841499090195,1.0182491540908813,0.0022485447116196156,0.014892578125,4.8392791748046875
2071,4241408,514,0.5335438019037246,8.49,330,-0.00809460785239935,0.0685276985168457,1.0114002227783203,0.003837818745523691,0.019287109375,4.981443405151367
2072,4243456,514,0.4828892558813095,10.16,308,-0.007987108081579208,0.0666070356965065,1.0760066509246826,0.0031347901094704866,0.009765625,4.96903133392334
2073,4245504,514,0.5314909094572067,10.08,313,-0.006804941687732935,0.0670330598950386,1.062657117843628,0.001808656146749854,0.0201416015625,5.06222677230835
2074,4247552,514,0.5717140483856201,9.75,314,-0.005365336313843727,0.06651204824447632,1.0053383111953735,0.0032131955958902836,0.0125732421875,5.075493812561035
2075,4249600,514,0.5124429726600647,10.32,305,-0.00834900327026844,0.06583626568317413,1.020021915435791,0.002886825008317828,0.02978515625,5.164551734924316
2076,4251648,514,0.493737188577652,8.68,328,-0.004186844453215599,0.07035663723945618,1.0214715003967285,0.0009902394376695156,0.00537109375,4.906290054321289
2077,4253696,514,0.37315702497959136,10.11,313,-0.0016765492036938667,0.05978471785783768,1.0505082607269287,0.0032498864457011223,0.013427734375,4.956066608428955
2078,4255744,514,0.5018330574035644,10.55,306,-0.0013635531067848206,0.06456249207258224,1.043673038482666,0.0019401493482291698,0.0150146484375,5.1361165046691895
2079,4257792,514,0.5129041314125061,9.81,301,-0.0035673631355166435,0.06599561870098114,1.073752522468567,0.0033911908976733685,0.0225830078125,4.916382789611816
2080,4259840,514,0.543038015961647,8.89,325,-0.007266051135957241,0.06896234303712845,0.9896935820579529,0.0027410283219069242,0.0228271484375,5.057895660400391
2081,4261888,514,0.46311239957809447,9.55,306,-0.0043837884441018105,0.06552767753601074,0.9800591468811035,0.0013892303686589003,0.0126953125,5.026086807250977
2082,4263936,514,0.48381156980991363,8.32,322,-0.001646634191274643,0.06281251460313797,0.9584065675735474,0.0026469670701771975,0.0113525390625,4.956137657165527
2083,4265984,514,0.5426958662271499,8.71,327,-0.005081574432551861,0.0733201652765274,0.9683864116668701,0.0036462205462157726,0.021728515625,4.948017120361328
2084,4268032,514,0.5231570243835449,9.3,316,-0.010115314275026321,0.06676718592643738,1.0530441999435425,0.003590226173400879,0.0169677734375,4.963008403778076
2085,4270080,514,0.4326661151647568,10.47,305,-0.0024872920475900173,0.062164053320884705,0.9996687769889832,0.0025737304240465164,0.0201416015625,4.995355606079102
2086,4272128,514,0.5024280995130539,10.41,307,0.00010687392204999924,0.06689530611038208,1.093090295791626,0.0033568665385246277,0.01513671875,5.146981239318848
2087,4274176,514,0.44272562086582185,11.42,293,-0.00875944085419178,0.06125311180949211,1.137081503868103,0.0038445242680609226,0.0208740234375,5.030100345611572
2088,4276224,514,0.49367768943309787,9.84,297,-0.009747195988893509,0.06017177551984787,1.107492446899414,0.0021829884499311447,0.01123046875,5.140878200531006
2089,4278272,514,0.4826958680152893,9.85,311,-0.0071907928213477135,0.06861545145511627,1.0275890827178955,0.0067183817736804485,0.028076171875,5.06851053237915
2090,4280320,514,0.42397520661354066,10.48,296,-0.0027043111622333527,0.06658364832401276,1.0020872354507446,0.0038803848437964916,0.0177001953125,5.22243070602417
2091,4282368,514,0.6012528914213181,9.68,319,-0.0060662515461444855,0.06811410933732986,1.0121560096740723,0.0030289338901638985,0.0133056640625,5.142201900482178
2092,4284416,514,0.48321652710437774,9.31,311,-0.00902698002755642,0.06609255820512772,0.9940128922462463,0.0019433561246842146,0.01513671875,5.101517677307129
2093,4286464,514,0.47370743572711943,8.78,334,-0.005104882642626762,0.07240721583366394,1.0042310953140259,0.002446564845740795,0.019287109375,5.010692596435547
2094,4288512,514,0.5914165294170379,9.48,325,-0.0024151280522346497,0.07397352159023285,1.0002187490463257,0.0015345374122262,0.0079345703125,5.2495574951171875
2095,4290560,514,0.5431421500444412,8.67,329,-0.003679802641272545,0.0704641193151474,1.037964105606079,0.0012944454792886972,0.0059814453125,5.0269060134887695
2096,4292608,514,0.4734247922897339,8.88,313,-0.004832208156585693,0.06884262710809708,1.0158945322036743,0.002812183927744627,0.0159912109375,5.151609897613525
2097,4294656,514,0.43333553433418276,9.91,311,-0.005092348903417587,0.0686320960521698,0.9853115677833557,0.0017949242610484362,0.0120849609375,4.9559831619262695
2098,4296704,514,0.49171405017375946,10.09,312,0.0008062748238444328,0.06882576644420624,1.0157837867736816,0.0022601948585361242,0.01806640625,5.310992240905762
2099,4298752,514,0.5228892558813095,9.8,313,-0.0024498961865901947,0.06901974976062775,1.0011394023895264,0.002188633428886533,0.01318359375,5.253562927246094
2100,4300800,514,0.46320165395736695,9.52,304,-0.002005225047469139,0.06469135731458664,1.00525963306427,0.0014557426329702139,0.0186767578125,5.178136825561523
2101,4302848,514,0.44452562034130094,8.09,327,0.0002407412976026535,0.06845787912607193,1.00447678565979,0.002411911729723215,0.0140380859375,4.965328693389893
2102,4304896,514,0.5625173544883728,9.21,319,-0.007927652448415756,0.06716084480285645,0.9956675171852112,0.0018559056334197521,0.0179443359375,5.284174919128418
2103,4306944,514,0.4241239660978317,8.88,323,-0.003524402156472206,0.06980287283658981,1.0221503973007202,0.0018462932202965021,0.023193359375,5.0127105712890625
2104,4308992,514,0.45339504182338713,9.89,314,-0.0034858249127864838,0.06817995756864548,1.0321571826934814,0.0010842701885849237,0.015625,5.0954718589782715
2105,4311040,514,0.3739752060174942,9.75,303,-0.007397262379527092,0.06455966830253601,1.0763232707977295,0.002899233717471361,0.02099609375,5.310344219207764
2106,4313088,514,0.5032462817430496,8.88,309,-0.005338778719305992,0.0648852214217186,1.0648658275604248,0.002728191902860999,0.02392578125,5.240165710449219
2107,4315136,514,0.5708958685398102,10.03,321,-0.006863860413432121,0.06843237578868866,1.0529577732086182,0.0015950300730764866,0.0072021484375,5.2441887855529785
2108,4317184,514,0.4923834705352783,9.56,313,-0.0012653260491788387,0.06482749432325363,1.0749485492706299,0.0016494086012244225,0.0120849609375,5.320803642272949
2109,4319232,514,0.5128446304798127,9.73,309,-0.004167474806308746,0.06811054050922394,1.0629373788833618,0.001581838820129633,0.0179443359375,5.388674736022949
2110,4321280,514,0.5114462828636169,10.6,301,-0.00354762002825737,0.06549941748380661,1.0743968486785889,0.0016799711156636477,0.0089111328125,5.408727169036865
2111,4323328,514,0.5618479347229004,9.95,296,-0.005129590630531311,0.06102142855525017,1.1108241081237793,0.0017196526750922203,0.0145263671875,5.35140323638916
2112,4325376,514,0.5026809912919998,10.05,300,-0.010357759892940521,0.06368683278560638,1.0144227743148804,0.003198005724698305,0.0286865234375,5.561272621154785
2113,4327424,514,0.47282975137233735,9.93,305,-0.006458022631704807,0.06309111416339874,1.070618748664856,0.002071532653644681,0.0137939453125,5.594202995300293
2114,4329472,514,0.4234099149703979,9.51,317,-0.003134308848530054,0.06570837646722794,1.0058797597885132,0.0016079419292509556,0.0137939453125,5.3740010261535645
2115,4331520,514,0.5418776851892472,9.77,312,-0.005316371098160744,0.06822339445352554,1.0301564931869507,0.000965980114415288,0.0111083984375,5.4073638916015625
2116,4333568,514,0.47250247955322267,9.67,312,-0.0024132486432790756,0.06699160486459732,0.9898839592933655,0.002680444158613682,0.0191650390625,5.277390956878662
2117,4335616,514,0.5321900808811187,9.61,298,-0.0063472166657447815,0.06560582667589188,1.022193431854248,0.001938344445079565,0.0201416015625,5.571402072906494
2118,4337664,514,0.4732760339975357,9.21,321,-0.006467185914516449,0.07029915601015091,0.9899607300758362,0.0011962198186665773,0.010498046875,5.259757995605469
2119,4339712,514,0.4835586780309677,8.67,336,-0.004188014194369316,0.06771547347307205,1.0041601657867432,0.0020061004906892776,0.0079345703125,5.153053283691406
2120,4341760,514,0.48282975375652315,9.44,317,-0.009483367204666138,0.0693809986114502,1.052445411682129,0.002261220710352063,0.0079345703125,5.360595226287842
2121,4343808,514,0.5314760345220566,9.74,317,-0.006337312050163746,0.07114549726247787,1.0599685907363892,0.0019770311191678047,0.00830078125,5.252824783325195
2122,4345856,514,0.49315702557563784,9.38,312,-0.003830017289146781,0.06823393702507019,1.0530222654342651,0.0023259588051587343,0.0137939453125,5.530727386474609
2123,4347904,514,0.3352545458078384,9.83,312,-0.004256410524249077,0.06878302246332169,1.0330008268356323,0.0022132941521704197,0.0147705078125,5.298920154571533
2124,4349952,514,0.4425917357206345,10.97,297,-0.0077831558883190155,0.06562203913927078,1.0420866012573242,0.0018179754260927439,0.009033203125,5.468896865844727
2125,4352000,514,0.5127553743124008,9.78,304,-0.009346493519842625,0.0700845867395401,1.0518549680709839,0.0025012711994349957,0.017333984375,5.429442405700684
2126,4354048,514,0.46259173393249514,11.04,295,-0.009424852207303047,0.06313235312700272,1.049540400505066,0.003129607532173395,0.021240234375,5.5871357917785645
2127,4356096,514,0.5620413196086883,9.94,316,-0.0023284796625375748,0.06633976101875305,1.0428446531295776,0.0019571094308048487,0.01416015625,5.255552291870117
2128,4358144,514,0.5227256202697754,9.62,306,-0.006761702708899975,0.06685581058263779,1.0474494695663452,0.0013322855811566114,0.0076904296875,5.34342622756958
2129,4360192,514,0.5021157014369965,9.81,321,-0.0038970094174146652,0.07188190519809723,1.0443869829177856,0.002125520957633853,0.0123291015625,5.45596981048584
2130,4362240,514,0.4726512396335602,9.54,311,-0.012073364108800888,0.0686425119638443,1.0408049821853638,0.002823940943926573,0.0181884765625,5.695646286010742
2131,4364288,514,0.5114909100532532,10.01,303,-0.0021738847717642784,0.06595798581838608,1.108148455619812,0.002748999046161771,0.014404296875,5.594949722290039
2132,4366336,514,0.4732016521692276,9.67,301,-0.007351351901888847,0.06761306524276733,1.1234415769577026,0.0038282766472548246,0.02294921875,5.446051597595215
2133,4368384,514,0.46351405084133146,9.55,311,-0.00589391402900219,0.07076422870159149,1.0549720525741577,0.001639775699004531,0.0152587890625,5.702443599700928
2134,4370432,514,0.5323983466625214,9.54,312,-0.00437566265463829,0.0694478377699852,1.1141979694366455,0.003734618192538619,0.0162353515625,5.449953079223633
2135,4372480,514,0.4634099179506302,10.02,304,-0.00759615283459425,0.06463927030563354,1.122007966041565,0.0034587772097438574,0.023681640625,5.533970832824707
2136,4374528,514,0.5498991739749909,10.79,304,-0.007648970000445843,0.06866002082824707,1.056654930114746,0.0014095078222453594,0.0096435546875,5.551647663116455
2137,4376576,514,0.4431719011068344,10.29,310,-0.006259644404053688,0.07297410815954208,1.0574506521224976,0.0014823377132415771,0.016845703125,5.758888244628906
2138,4378624,514,0.5120561981201172,10.56,294,0.00018330803140997887,0.06050742045044899,1.0701249837875366,0.0032103382982313633,0.025390625,5.493687629699707
2139,4380672,514,0.5324727290868759,9.87,308,-0.010896852239966393,0.0664510428905487,1.0832668542861938,0.0018777092918753624,0.007568359375,5.5016984939575195
2140,4382720,515,0.5325768572092057,9.05,312,-0.004785079509019852,0.06769366562366486,1.0994608402252197,0.002529383637011051,0.01220703125,5.6916399002075195
2141,4384768,515,0.5120710748434066,10.03,300,-0.008604898117482662,0.058751631528139114,1.0968011617660522,0.0018283689860254526,0.0126953125,5.7849626541137695
2142,4386816,515,0.46155041456222534,11.03,301,-0.005676478147506714,0.06509412825107574,1.1055097579956055,0.002093549119308591,0.0137939453125,5.611632347106934
2143,4388864,515,0.4935140508413315,8.9,318,-0.007217831909656525,0.07055724412202835,1.1161965131759644,0.002147398190572858,0.0081787109375,5.401198387145996
2144,4390912,515,0.512011570930481,10.39,303,-0.008803436532616615,0.06270551681518555,1.1784868240356445,0.0022003219928592443,0.016357421875,5.525639057159424
2145,4392960,515,0.4922495883703232,10.5,294,-0.006396546959877014,0.06628476083278656,1.1462045907974243,0.0022309841588139534,0.0115966796875,5.611515998840332
2146,4395008,515,0.4529190075397491,10.36,295,-0.00672866590321064,0.06567414104938507,1.1546642780303955,0.0017167653422802687,0.0152587890625,5.618566513061523
2147,4397056,515,0.4726958692073822,10.46,309,-0.004457620903849602,0.06783252954483032,1.1358959674835205,0.0024450155906379223,0.011962890625,5.5261664390563965
2148,4399104,515,0.4039305794239044,10.08,293,-0.008012156933546066,0.06555190682411194,1.1552250385284424,0.0024309095460921526,0.0064697265625,5.603701114654541
2149,4401152,515,0.4813867765665054,10.87,295,-0.008947303518652916,0.06263779103755951,1.2007282972335815,0.0011850353330373764,0.0086669921875,5.568639755249023
2150,4403200,515,0.48271074414253234,9.68,309,-0.003431566059589386,0.06599333137273788,1.1872608661651611,0.0023965565487742424,0.0142822265625,5.393415927886963
2151,4405248,515,0.5026363641023636,10.48,298,-0.001729421317577362,0.06652577966451645,1.208035945892334,0.0023705665953457355,0.017578125,5.641056537628174
2152,4407296,515,0.4426214873790741,10.54,295,-0.001669381745159626,0.0621563158929348,1.1744048595428467,0.001770141301676631,0.010009765625,5.63404655456543
2153,4409344,515,0.40379669368267057,11.96,266,-0.0035277362912893295,0.05561456456780434,1.2176862955093384,0.001712016062811017,0.010498046875,5.83799409866333
2154,4411392,515,0.5608066129684448,11.48,277,-0.007854759693145752,0.0586523674428463,1.2211509943008423,0.0030786083079874516,0.0162353515625,5.910700798034668
2155,4413440,515,0.5027256202697754,10.15,297,0.0012031905353069305,0.06564953178167343,1.17987060546875,0.001211441121995449,0.0057373046875,5.772693634033203
2156,4415488,515,0.45285950481891635,11.91,286,-0.003927764482796192,0.06388501077890396,1.202532172203064,0.0018018141854554415,0.010986328125,5.751606464385986
2157,4417536,515,0.47022644579410555,12.94,258,-0.008639775216579437,0.051803067326545715,1.2816858291625977,0.002144190017133951,0.0120849609375,5.834658145904541
2158,4419584,515,0.44140165209770205,11.33,282,-0.003841932862997055,0.06283965706825256,1.2278152704238892,0.002473097061738372,0.011962890625,5.792646408081055
2159,4421632,515,0.5503752094507217,11.18,284,-0.011273417621850967,0.06074710935354233,1.2194323539733887,0.002398664364591241,0.0140380859375,5.697844982147217
2160,4423680,515,0.39396032989025115,11.06,292,-0.004713535308837891,0.0609404630959034,1.2076208591461182,0.0018876816611737013,0.0078125,5.6786580085754395
2161,4425728,515,0.5617884308099746,9.91,295,-0.007995348423719406,0.06451930105686188,1.1802093982696533,0.0019086149986833334,0.0166015625,5.825495719909668
2162,4427776,515,0.4619371896982193,11.62,286,-0.001102600246667862,0.06125383451581001,1.1872940063476562,0.0031340643763542175,0.0194091796875,5.685660362243652
2163,4429824,515,0.5514165276288986,12.95,273,-0.006881422828882933,0.05897006392478943,1.2452781200408936,0.0014799118507653475,0.0152587890625,5.630584239959717
2164,4431872,515,0.5007917374372483,10.82,299,-0.001766519621014595,0.06443769484758377,1.1853681802749634,0.001175866462290287,0.00830078125,5.645162105560303
2165,4433920,515,0.5412231403589248,10.33,296,-0.0010051578283309937,0.06358428299427032,1.2054239511489868,0.0023666450288146734,0.0111083984375,5.732574462890625
2166,4435968,515,0.5316842955350876,10.78,289,-0.007281670346856117,0.06294447183609009,1.2036783695220947,0.0018045390024781227,0.0072021484375,5.867922306060791
2167,4438016,515,0.4419371914863586,10.94,283,-0.005737055093050003,0.06227656081318855,1.173313856124878,0.001288058701902628,0.0084228515625,5.654854774475098
2168,4440064,515,0.5417586773633957,10.76,281,-0.004887545481324196,0.06216011196374893,1.1799806356430054,0.0017045843414962292,0.0125732421875,5.681377410888672
2169,4442112,515,0.5115355402231216,11.39,291,-0.004763051867485046,0.06646659970283508,1.1470587253570557,0.0015823824796825647,0.0146484375,5.979182243347168
2170,4444160,515,0.5514165258407593,10.2,303,-0.0029620137065649033,0.06615204364061356,1.1334986686706543,0.0011924002319574356,0.0159912109375,5.711645603179932
2171,4446208,515,0.44282975018024445,10.73,299,-0.006810825318098068,0.06572449952363968,1.1826719045639038,0.002101261168718338,0.0068359375,5.765622615814209
2172,4448256,515,0.5022049617767333,10.58,298,-0.011053169146180153,0.06890939176082611,1.1221024990081787,0.003177790669724345,0.0126953125,5.753912925720215
2173,4450304,515,0.4824132239818573,9.29,305,0.002437889575958252,0.0661408007144928,1.1358171701431274,0.001658064778894186,0.0113525390625,5.767457485198975
2174,4452352,515,0.48091074407100676,11.23,287,-0.007884575054049492,0.061220504343509674,1.1548734903335571,0.0010678176768124104,0.0081787109375,5.584929466247559
2175,4454400,515,0.462294214963913,10.62,283,-0.009146619588136673,0.060993846505880356,1.1434650421142578,0.002632658928632736,0.014892578125,5.854896068572998
2176,4456448,515,0.48291900753974915,9.35,303,8.123554289340973e-05,0.06436783075332642,1.0953307151794434,0.0024098041467368603,0.0062255859375,5.636970043182373
2177,4458496,515,0.49284462749958036,9.34,316,-0.0007646903395652771,0.0707116425037384,1.1263439655303955,0.000851272139698267,0.0042724609375,5.541361331939697
2178,4460544,515,0.5220115685462952,11.71,282,-0.00340839009732008,0.05810360610485077,1.1334373950958252,0.0009332876652479172,0.0118408203125,5.691536903381348
2179,4462592,515,0.44342479050159456,10.57,288,0.0015389658510684967,0.06587611138820648,1.1223698854446411,0.0010395401623100042,0.0145263671875,5.835662841796875
2180,4464640,515,0.4518776822090149,10.73,294,-0.0030147433280944824,0.05915997922420502,1.1500880718231201,0.0014937205705791712,0.01318359375,5.836225509643555
2181,4466688,515,0.3934396684169769,10.0,308,-0.006993087939918041,0.06447085738182068,1.1292340755462646,0.0016605104319751263,0.013671875,5.614270210266113
2182,4468736,515,0.5421008282899856,9.59,306,-0.009633556008338928,0.06684998422861099,1.1363115310668945,0.002260057721287012,0.013916015625,5.410951137542725
2183,4470784,515,0.5513272720575333,10.31,306,-0.004761654883623123,0.06810484826564789,1.1176010370254517,0.0013501723296940327,0.0074462890625,5.681715965270996
2184,4472832,515,0.45320165157318115,9.94,302,-0.006546518765389919,0.06625815480947495,1.0999326705932617,0.002038604347035289,0.0086669921875,5.67690896987915
2185,4474880,515,0.47373719096183775,9.23,316,-0.0007641520351171494,0.06692755222320557,1.120734691619873,0.002622665371745825,0.0164794921875,5.6586737632751465
2186,4476928,515,0.5799289262294769,11.25,297,-0.0024980921298265457,0.06546278297901154,1.1269530057907104,0.00185753358528018,0.0074462890625,5.657814979553223
2187,4478976,515,0.4222049593925476,10.23,302,-0.006421975791454315,0.06141373887658119,1.1700739860534668,0.0015309092123061419,0.0106201171875,5.517823696136475
2188,4481024,515,0.4419074386358261,11.19,274,-0.011034791357815266,0.057218316942453384,1.1242843866348267,0.003798640565946698,0.01806640625,5.6559648513793945
2189,4483072,515,0.4716545456647873,11.08,277,-0.0018763593398034573,0.057635389268398285,1.198123574256897,0.0008561825379729271,0.0072021484375,5.905972957611084
2190,4485120,515,0.5216694217920304,10.96,307,-0.0008994694799184799,0.062181536108255386,1.1117957830429077,0.0020340399350970984,0.0130615234375,5.194945812225342
2191,4487168,515,0.45369256019592286,9.8,309,-0.0039016995579004288,0.0686269998550415,1.074613094329834,0.0014280222821980715,0.008056640625,5.5096893310546875
2192,4489216,515,0.45345454692840576,9.98,312,-0.009601753205060959,0.0645553320646286,1.1054807901382446,0.002319266553968191,0.0126953125,5.439603328704834
2193,4491264,515,0.4922198361158371,10.1,296,-0.0024863663129508495,0.06416188180446625,1.10373055934906,0.0014940646942704916,0.009521484375,5.483118534088135
2194,4493312,515,0.5719520670175552,10.65,291,-0.007927551865577698,0.06284748017787933,1.1218808889389038,0.004199979826807976,0.02099609375,5.7803120613098145
2195,4495360,515,0.48269586861133573,9.3,329,-0.0032812952995300293,0.0691913589835167,1.003843069076538,0.0014347576070576906,0.0096435546875,5.384166717529297
2196,4497408,515,0.47235371708869933,9.73,316,-0.005651798099279404,0.06797151267528534,1.0640591382980347,0.0018012719228863716,0.0048828125,5.413593292236328
2197,4499456,515,0.5719223141670227,9.6,320,-0.004948025569319725,0.06770209968090057,1.0337073802947998,0.0012370406184345484,0.0081787109375,5.460246562957764
2198,4501504,515,0.45364793479442594,9.76,307,-0.005898021161556244,0.06534834206104279,1.1085741519927979,0.0022290870547294617,0.012939453125,5.606244087219238
2199,4503552,515,0.5131272691488266,9.97,297,-0.00800812616944313,0.06381916999816895,1.1035590171813965,0.0018626963719725609,0.0205078125,5.487414360046387
2200,4505600,515,0.4826214873790741,10.22,305,-0.004994997754693031,0.06595365703105927,1.0613523721694946,0.0019066985696554184,0.011474609375,5.71265983581543
2201,4507648,515,0.4425471079349518,10.9,293,-0.005727529525756836,0.06393584609031677,1.1095536947250366,0.002355683594942093,0.01806640625,5.652804374694824
2202,4509696,515,0.48260661005973815,10.04,301,-0.0064139943569898605,0.07053811103105545,1.0859285593032837,0.0018230394925922155,0.01171875,5.669323444366455
2203,4511744,515,0.519914048910141,11.89,279,-0.012861061841249466,0.056478749960660934,1.116834044456482,0.00195894087664783,0.0130615234375,5.670626640319824
2204,4513792,515,0.5426661145687103,9.12,315,-0.010310818441212177,0.06889034062623978,1.0840110778808594,0.001413700170814991,0.013916015625,5.484316349029541
2205,4515840,515,0.4720561969280243,9.81,304,-0.004431610926985741,0.06753764301538467,1.1252963542938232,0.0018029448110610247,0.0106201171875,5.6509623527526855
2206,4517888,515,0.5802710747718811,10.46,298,-0.01148425042629242,0.06117638945579529,1.090419888496399,0.0033969979267567396,0.01416015625,5.749345302581787
2207,4519936,515,0.49251735746860503,10.43,300,-0.006986675783991814,0.06299159675836563,1.1174290180206299,0.0031719771213829517,0.01123046875,5.580592632293701
2208,4521984,515,0.49308264315128325,9.63,313,-0.009408731013536453,0.06918185204267502,1.1358695030212402,0.0031863453332334757,0.01611328125,5.556162357330322
2209,4524032,515,0.4524132239818573,10.49,292,-0.006642229855060577,0.06852898746728897,1.1587971448898315,0.0019166450947523117,0.0152587890625,5.7510528564453125
2210,4526080,515,0.4932611554861069,9.61,304,-0.007568138651549816,0.06710341572761536,1.1470613479614258,0.0014106701128184795,0.0174560546875,5.439317226409912
2211,4528128,515,0.5108214879035949,11.85,270,-0.004345091059803963,0.0581880584359169,1.2197620868682861,0.0024671272840350866,0.010986328125,5.7137298583984375
2212,4530176,515,0.5666115701198577,13.54,286,-0.006408168002963066,0.05865795910358429,1.168764352798462,0.0012023418676108122,0.008544921875,5.397287368774414
2213,4532224,515,0.4329785144329071,10.93,290,-0.005309572443366051,0.06104911491274834,1.1667144298553467,0.001975049264729023,0.010986328125,5.6369781494140625
2214,4534272,515,0.48253223299980164,10.54,290,-0.007398515939712524,0.06477445363998413,1.1434961557388306,0.002191709354519844,0.0152587890625,5.655219554901123
2215,4536320,515,0.4723388433456421,11.94,288,-0.008425218984484673,0.059389710426330566,1.1949706077575684,0.0018736070487648249,0.0145263671875,5.492629528045654
2216,4538368,515,0.5301669412851333,11.83,278,-0.006777562201023102,0.05745264142751694,1.219415545463562,0.0010202392004430294,0.0140380859375,5.559643268585205
2217,4540416,515,0.4529933899641037,10.15,287,0.00014559458941221237,0.06269745528697968,1.155052900314331,0.0011296917218714952,0.0074462890625,5.751005172729492
2218,4542464,515,0.5019223129749298,10.8,279,-0.006675448268651962,0.06164051964879036,1.2138283252716064,0.002304856199771166,0.0189208984375,5.717204570770264
2219,4544512,515,0.4528446280956268,10.85,286,-0.005398984998464584,0.06235559284687042,1.1986088752746582,0.0023329497780650854,0.008056640625,5.662683963775635
2220,4546560,515,0.4424280971288681,11.33,294,-0.006578927859663963,0.05947024002671242,1.207029938697815,0.0023583429865539074,0.0118408203125,5.664719104766846
2221,4548608,515,0.5502264451980591,11.54,287,-0.006974050775170326,0.06025796756148338,1.1801327466964722,0.0013071284629404545,0.0106201171875,5.636358737945557
2222,4550656,516,0.4521752065420151,11.85,281,-0.011179480701684952,0.06379302591085434,1.2233985662460327,0.004142768681049347,0.025146484375,6.096653461456299
2223,4552704,516,0.4521305793523788,11.21,279,-0.011411696672439575,0.06198460981249809,1.1967008113861084,0.0025210105814039707,0.01123046875,5.767827987670898
2224,4554752,516,0.5221157044172287,10.23,278,0.00036694109439849854,0.05639117956161499,1.2583823204040527,0.0012742523103952408,0.0189208984375,6.145501613616943
2225,4556800,516,0.5009702497720718,11.84,274,-0.004400401376187801,0.05895782634615898,1.2085939645767212,0.0027826803270727396,0.0126953125,5.9814958572387695
2226,4558848,516,0.47111900806427004,11.83,274,-0.007005960680544376,0.05551537871360779,1.2168760299682617,0.0023645805194973946,0.0205078125,5.881678104400635
2227,4560896,516,0.5796760320663452,10.88,285,-0.012838158756494522,0.058407239615917206,1.2303732633590698,0.002030199859291315,0.0155029296875,5.900428771972656
2228,4562944,516,0.42381157040596007,10.68,288,-0.0017646867781877518,0.05980978533625603,1.1845858097076416,0.002366054570302367,0.009033203125,5.834121227264404
2229,4564992,516,0.4535735547542572,10.1,290,-0.009667135775089264,0.06299519538879395,1.2041810750961304,0.0017480175010859966,0.01416015625,5.901061534881592
2230,4567040,516,0.4720115703344345,11.55,284,3.4312717616558075e-05,0.06323044002056122,1.1979427337646484,0.001295431749895215,0.00634765625,5.7627644538879395
2231,4569088,516,0.43184793412685396,11.72,274,-0.005471224896609783,0.05740479379892349,1.2072609663009644,0.002344101434573531,0.017578125,6.004464149475098
2232,4571136,516,0.45303801536560057,10.38,288,-0.008058862760663033,0.06526139378547668,1.2147092819213867,0.001502285711467266,0.0054931640625,5.800033092498779
2233,4573184,516,0.47135702550411224,13.05,262,-0.005650607869029045,0.05355721712112427,1.275360107421875,0.002741815522313118,0.012451171875,6.0459394454956055
2234,4575232,516,0.49171404778957367,11.36,280,-0.009288402274250984,0.058763958513736725,1.2691824436187744,0.0015300617087632418,0.0087890625,5.714420795440674
2235,4577280,516,0.5016991728544236,10.3,288,-0.004370696842670441,0.06357129663228989,1.255081295967102,0.002234462182968855,0.0274658203125,5.6513352394104
2236,4579328,516,0.5013123971223831,10.93,286,-0.0033914372324943542,0.06071775406599045,1.2875592708587646,0.002378221834078431,0.00634765625,5.828444480895996
2237,4581376,516,0.5298842978477478,11.47,271,-0.001813746988773346,0.05816785991191864,1.2741073369979858,0.004200471565127373,0.015625,5.925110340118408
2238,4583424,516,0.5509404987096786,10.62,283,0.002873951569199562,0.06003328412771225,1.2920582294464111,0.002399340271949768,0.0147705078125,5.748987197875977
2239,4585472,516,0.5897504127025605,11.92,270,-0.007991470396518707,0.059664566069841385,1.269395112991333,0.001982571557164192,0.011474609375,6.056859016418457
2240,4587520,516,0.5213570231199265,11.69,269,-0.004507171921432018,0.057058244943618774,1.3057655096054077,0.002305613597854972,0.0135498046875,5.812590599060059
2241,4589568,516,0.5406281000375748,11.64,277,-0.009642504155635834,0.06095936894416809,1.2744879722595215,0.0017116961535066366,0.0125732421875,5.856762409210205
2242,4591616,516,0.4506727284193039,13.42,252,-0.009683006443083286,0.052805788815021515,1.33330500125885,0.0030087819322943687,0.0126953125,6.135100841522217
2243,4593664,516,0.5212082642316819,11.75,269,-0.0018170196563005447,0.05650833621621132,1.3093162775039673,0.0020534952636808157,0.0120849609375,5.970701217651367
2244,4595712,516,0.5094826453924179,13.02,251,-0.006707446649670601,0.04862896353006363,1.3240970373153687,0.0032259190920740366,0.0167236328125,5.991276741027832
2245,4597760,516,0.49091074407100677,12.93,271,-0.0023310743272304535,0.05723929777741432,1.349611520767212,0.002324214670807123,0.0185546875,6.074658393859863
2246,4599808,516,0.5296909093856812,14.35,247,-0.00545387901365757,0.05324416980147362,1.3478368520736694,0.002058617537841201,0.0166015625,5.94692325592041
2247,4601856,516,0.5296016508340835,13.08,245,-0.009947724640369415,0.0538836233317852,1.3515551090240479,0.0019686673767864704,0.010498046875,6.259687423706055
2248,4603904,516,0.5298842984437943,13.41,248,-0.0010016709566116333,0.050807446241378784,1.36479651927948,0.0018630996346473694,0.0135498046875,6.2515549659729
2249,4605952,516,0.4323834723234177,12.09,262,-0.0026451977901160717,0.05682558938860893,1.3261024951934814,0.0017630821093916893,0.0128173828125,6.1090288162231445
2250,4608000,516,0.5299586796760559,11.88,269,-0.0019841559696942568,0.06056302413344383,1.3181191682815552,0.001556700561195612,0.0111083984375,6.090268135070801
2251,4610048,516,0.5307768607139587,12.11,277,-0.0017787395045161247,0.06610575318336487,1.3422441482543945,0.002589339157566428,0.0162353515625,5.99876594543457
2252,4612096,516,0.558887603878975,13.45,253,-0.006891004741191864,0.056387968361377716,1.3505511283874512,0.0026263175532221794,0.0101318359375,6.130990982055664
2253,4614144,516,0.5597801643610001,12.35,253,-0.006145154125988483,0.05451630800962448,1.350773572921753,0.0020605968311429024,0.0076904296875,6.217136383056641
2254,4616192,516,0.5496760356426239,14.25,254,-0.0075197890400886536,0.0561864860355854,1.346071481704712,0.002214759588241577,0.0181884765625,6.247890472412109
2255,4618240,516,0.4620413213968277,12.51,264,-0.008608892560005188,0.058803245425224304,1.2895362377166748,0.002360009355470538,0.0157470703125,5.986183166503906
2256,4620288,516,0.4622644633054733,13.03,261,-0.01996973343193531,0.05362052097916603,1.3355793952941895,0.005189062561839819,0.0263671875,6.227806091308594
2257,4622336,516,0.49040496051311494,11.64,269,-0.006529428064823151,0.05524887889623642,1.3079333305358887,0.003799889236688614,0.01171875,5.9748334884643555
2258,4624384,516,0.49074710965156554,13.25,261,-0.002967461943626404,0.05161385238170624,1.318684697151184,0.00116034597158432,0.0091552734375,6.037759780883789
2259,4626432,516,0.5298396694660187,11.63,267,-0.006128789857029915,0.06097957119345665,1.2863796949386597,0.0020544962026178837,0.0186767578125,6.219083309173584
2260,4628480,516,0.5016545444726944,11.39,269,-0.007099652662873268,0.057676251977682114,1.2768425941467285,0.001221357611939311,0.00732421875,6.115342140197754
2261,4630528,516,0.5515652912855148,10.84,280,-0.0030238181352615356,0.061025284230709076,1.2785346508026123,0.001764487475156784,0.0108642578125,5.8239898681640625
2262,4632576,516,0.5211041343212127,12.79,262,-0.006825195625424385,0.059662096202373505,1.320873737335205,0.0017318516038358212,0.015380859375,6.006930351257324
2263,4634624,516,0.5704942166805267,11.47,258,-0.004552633501589298,0.050255753099918365,1.3191338777542114,0.001525090541690588,0.011474609375,5.982964992523193
2264,4636672,516,0.4897355371713638,12.59,256,-0.009184114634990692,0.0535239577293396,1.3055306673049927,0.0016286734025925398,0.01220703125,5.971370697021484
2265,4638720,516,0.5007768613100052,11.59,280,-0.005129430443048477,0.059554457664489746,1.3126227855682373,0.001115481834858656,0.0103759765625,5.756620407104492
2266,4640768,516,0.4916545444726944,11.17,267,-0.002660066820681095,0.06036939099431038,1.288360595703125,0.001794234151020646,0.00732421875,6.119023323059082
2267,4642816,516,0.4815652900934219,11.41,278,-0.004641820676624775,0.06053769215941429,1.2405205965042114,0.002502690302208066,0.00927734375,5.951209545135498
2268,4644864,516,0.45354380428791047,10.78,290,-0.008176648989319801,0.06278981268405914,1.2667772769927979,0.002476238179951906,0.013671875,5.739717483520508
2269,4646912,516,0.5020710748434066,11.45,273,-0.0017994306981563568,0.05897211283445358,1.2505502700805664,0.0020217543933540583,0.01904296875,5.799102783203125
2270,4648960,516,0.44016694128513334,13.95,255,-0.006206732243299484,0.05278412625193596,1.2551915645599365,0.00383233604952693,0.0225830078125,6.120643615722656
2271,4651008,516,0.4030231410264969,11.71,279,-0.005523575935512781,0.05932420864701271,1.2304874658584595,0.0020605428144335747,0.009765625,6.134961128234863
2272,4653056,516,0.5122793364524841,10.96,292,-0.0039196014404296875,0.06555985659360886,1.2173930406570435,0.0019543080125004053,0.0111083984375,5.895570755004883
2273,4655104,516,0.4827404981851578,10.46,289,-0.00857335515320301,0.06358456611633301,1.1848856210708618,0.003140273503959179,0.0157470703125,5.882873058319092
2274,4657152,516,0.49254710614681246,10.06,307,-0.010565174743533134,0.06952257454395294,1.1103953123092651,0.003136627608910203,0.01513671875,5.845047950744629
2275,4659200,516,0.5322347098588943,10.37,303,-0.0012929029762744904,0.06692472100257874,1.112234115600586,0.0035312080290168524,0.01171875,5.659390926361084
2276,4661248,516,0.482576858997345,10.65,292,-0.0030036643147468567,0.062458183616399765,1.0970103740692139,0.001622252631932497,0.01171875,5.988777160644531
2277,4663296,516,0.4824578529596329,10.24,301,-0.006387756206095219,0.06628202646970749,1.1184802055358887,0.002063663676381111,0.01416015625,5.681695461273193
2278,4665344,516,0.48361818194389344,9.36,311,-0.0059006717056035995,0.06415064632892609,1.1364355087280273,0.0015729828737676144,0.0133056640625,5.738514423370361
2279,4667392,516,0.5126512402296066,8.94,312,-0.01181728858500719,0.06348049640655518,1.2005438804626465,0.002542180707678199,0.0189208984375,5.845559120178223
2280,4669440,516,0.4722644621133804,10.36,285,-0.007366443984210491,0.057528056204319,1.1952495574951172,0.0017085340805351734,0.0079345703125,5.759267807006836
2281,4671488,516,0.5307173562049866,10.07,302,-0.004363954067230225,0.062133219093084335,1.1957463026046753,0.00257527525536716,0.01123046875,5.82713508605957
2282,4673536,516,0.4339900815486908,10.74,290,-0.00617242231965065,0.060524385422468185,1.1400363445281982,0.002927625086158514,0.0113525390625,5.925026893615723
2283,4675584,516,0.4439900815486908,9.28,311,-0.0035204021260142326,0.06923303753137589,1.140424132347107,0.003524646395817399,0.0145263671875,5.672551155090332
2284,4677632,516,0.463514050245285,9.48,305,-0.00584915466606617,0.0627639964222908,1.1009501218795776,0.0014466496650129557,0.0093994140625,5.784561634063721
2285,4679680,516,0.4237223142385483,10.77,296,-0.004781494848430157,0.061657458543777466,1.087493896484375,0.0022521463688462973,0.0150146484375,5.632011890411377
2286,4681728,516,0.5713570261001587,10.02,309,-0.009442695416510105,0.07253111898899078,1.0716655254364014,0.0033919368870556355,0.014404296875,5.731217384338379
2287,4683776,516,0.5123388427495956,10.45,302,-0.0009871004149317741,0.06469996273517609,1.0801780223846436,0.0013693668879568577,0.0130615234375,5.827369213104248
2288,4685824,516,0.502279337644577,10.04,304,-0.009321752935647964,0.06483490765094757,1.1318135261535645,0.004307008348405361,0.02783203125,5.778162479400635
2289,4687872,516,0.4833057832717895,9.64,310,-0.006198456510901451,0.06555291265249252,1.1088088750839233,0.0022134098690003157,0.0196533203125,5.648604393005371
2290,4689920,516,0.5504495847225189,10.45,289,-0.003263574093580246,0.062216490507125854,1.151322841644287,0.0034891727846115828,0.0133056640625,5.909466743469238
2291,4691968,516,0.47302314043045046,9.38,290,-0.008458271622657776,0.06439996510744095,1.1456522941589355,0.0020910517778247595,0.0146484375,5.720233917236328
2292,4694016,516,0.5135289257764817,8.72,312,-0.00652182474732399,0.06889355927705765,1.1343224048614502,0.0015702222008258104,0.0184326171875,5.608711242675781
2293,4696064,516,0.5319818186759949,10.06,304,-0.00023442786186933517,0.06733563542366028,1.1148395538330078,0.0016301395371556282,0.0113525390625,5.727234363555908
2294,4698112,516,0.49186281085014344,11.33,297,-0.009077319875359535,0.06202816963195801,1.1926875114440918,0.002722413744777441,0.008544921875,5.789518356323242
2295,4700160,516,0.44308264315128326,10.5,292,-0.004619327373802662,0.06591904163360596,1.1583309173583984,0.0006623573135584593,0.0078125,5.843045711517334
2296,4702208,516,0.5111487621068954,10.73,302,-0.008847707882523537,0.06458108872175217,1.17660391330719,0.0011351369321346283,0.0068359375,5.779438495635986
2297,4704256,516,0.4639008241891861,8.95,313,-0.01354920119047165,0.06424809992313385,1.1854349374771118,0.002753686858341098,0.0208740234375,5.601532459259033
2298,4706304,516,0.51303801715374,9.55,308,-0.006389712914824486,0.06680263578891754,1.1218993663787842,0.0031624240800738335,0.0191650390625,5.715909004211426
2299,4708352,516,0.5114314037561417,10.27,283,-0.008383609354496002,0.06171393394470215,1.1838880777359009,0.0031688460148870945,0.014892578125,5.715734004974365
2300,4710400,516,0.5324132227897644,9.81,298,-0.007984817028045654,0.06272589415311813,1.140454649925232,0.0016420595347881317,0.0115966796875,5.608189105987549
2301,4712448,516,0.47250247895717623,10.66,288,-0.00965815782546997,0.06710489839315414,1.136195421218872,0.0027691530995070934,0.0150146484375,5.636493682861328
2302,4714496,516,0.45260661125183105,10.02,302,-0.008509214967489243,0.06359530985355377,1.1020402908325195,0.0024041645228862762,0.01953125,5.677934646606445
2303,4716544,516,0.43278512597084046,10.49,304,-0.004285342991352081,0.06715834885835648,1.1465048789978027,0.0018338845111429691,0.0087890625,5.689980506896973
2304,4718592,516,0.423424791097641,9.87,298,-0.007048811763525009,0.06314598023891449,1.147489309310913,0.0014404142275452614,0.005126953125,5.554759979248047
2305,4720640,516,0.46123801469802855,11.22,297,-0.004113696049898863,0.06189345195889473,1.1415750980377197,0.0012479745782911777,0.0106201171875,5.681763648986816
2306,4722688,516,0.5207024765014648,11.05,290,-0.004247155040502548,0.06640635430812836,1.1705732345581055,0.0015581462066620588,0.0093994140625,5.711894989013672
2307,4724736,516,0.4045553719997406,9.64,297,-0.0023894626647233963,0.05552656948566437,1.1379005908966064,0.0010576143395155668,0.0087890625,5.797313690185547
2308,4726784,516,0.45324628114700316,12.1,288,-0.0036464333534240723,0.06365914642810822,1.1338187456130981,0.0019708608742803335,0.010498046875,5.751248836517334
2309,4728832,516,0.4638413220643997,10.29,298,-0.003396504558622837,0.06524226069450378,1.1068060398101807,0.004397566430270672,0.0291748046875,5.67397403717041
2310,4730880,516,0.5823239684104919,8.95,322,-0.0006083948537707329,0.07173608988523483,1.0269391536712646,0.0017396037001162767,0.0096435546875,5.666147232055664
2311,4732928,516,0.4826661157608032,9.58,301,-0.004418576136231422,0.06198621168732643,1.1099058389663696,0.0018398023676127195,0.01220703125,5.845798492431641
2312,4734976,516,0.5123685950040817,10.26,309,-0.0004094177857041359,0.06584557890892029,1.1057114601135254,0.002731211017817259,0.0098876953125,5.636573314666748
2313,4737024,516,0.47291900813579557,9.6,304,-0.002734340727329254,0.07011759281158447,1.0906808376312256,0.0016409007366746664,0.0113525390625,5.81673002243042
2314,4739072,516,0.4726214873790741,10.02,300,-0.005710020661354065,0.06818141043186188,1.0603163242340088,0.0030680792406201363,0.01904296875,5.731971263885498
2315,4741120,516,0.5426512384414672,9.34,324,-0.0077230739407241344,0.07086798548698425,0.9758321046829224,0.002091508824378252,0.0123291015625,5.673506736755371
2316,4743168,516,0.48168429791927336,10.1,313,-0.0032761842012405396,0.06687223166227341,1.0209541320800781,0.0013048665132373571,0.007080078125,5.55927038192749
2317,4745216,516,0.45457024574279786,8.15,324,-0.007880172692239285,0.074017234146595,0.979434072971344,0.0021104225888848305,0.0079345703125,5.496640682220459
2318,4747264,516,0.5331272715330124,9.29,322,-0.0061508724465966225,0.07027681171894073,0.9666399955749512,0.0021572390105575323,0.0074462890625,5.514291286468506
2319,4749312,516,0.5027851265668869,9.54,324,-0.00495302677154541,0.06906609982252121,0.9843069314956665,0.0015870127826929092,0.0179443359375,5.408904075622559
2320,4751360,516,0.513276035785675,9.35,315,-0.005634453147649765,0.06834044307470322,0.9995419979095459,0.001159281237050891,0.0076904296875,5.598077297210693
2321,4753408,516,0.592428098320961,9.09,324,-0.006242930423468351,0.07175306230783463,0.9593157172203064,0.002182245720177889,0.0074462890625,5.4544854164123535
2322,4755456,516,0.5624578505754471,8.98,332,-0.00814066268503666,0.07188655436038971,0.9175317287445068,0.0017030404414981604,0.0045166015625,5.423560619354248
2323,4757504,516,0.4941090887784958,8.44,328,-0.003599148243665695,0.07020668685436249,0.9307621121406555,0.0016936419997364283,0.01171875,5.30723762512207
2324,4759552,516,0.5227999997138977,8.81,342,-0.0029751071706414223,0.07063871622085571,0.8927876353263855,0.0013846722431480885,0.007568359375,5.314655303955078
2325,4761600,516,0.4445404970645905,8.8,336,-0.0038590040057897568,0.0701916292309761,0.9075713157653809,0.0007812951225787401,0.00439453125,5.589548110961914
2326,4763648,516,0.5239900809526443,8.07,340,-0.0005440246313810349,0.06667618453502655,0.9159173369407654,0.0012439072597771883,0.0064697265625,5.477536201477051
2327,4765696,516,0.5121008265018463,9.72,329,-0.0024577034637331963,0.06901387125253677,0.9735177755355835,0.0009361444972455502,0.0091552734375,5.570102214813232
2328,4767744,516,0.493960332274437,8.25,338,-0.001718113198876381,0.06918928027153015,0.8940336108207703,0.0010646248701959848,0.0062255859375,5.396960735321045
2329,4769792,516,0.5319371908903122,9.51,316,-0.0074173808097839355,0.0684809610247612,0.9324866533279419,0.0015376973897218704,0.005126953125,5.64340877532959
2330,4771840,516,0.4836330586671829,9.57,319,-0.00437895767390728,0.07020694017410278,0.8629915118217468,0.0012371721677482128,0.0096435546875,5.634359359741211
2331,4773888,516,0.4135586780309677,8.95,343,-0.0035775648429989815,0.0714912861585617,0.8922704458236694,0.0011436066124588251,0.0054931640625,5.439815521240234
2332,4775936,516,0.47274049460887907,9.2,332,-0.005293436348438263,0.07293959707021713,0.8847419619560242,0.0012605772353708744,0.0062255859375,5.561126232147217
2333,4777984,516,0.4827107435464859,9.67,312,-0.00665572565048933,0.06550420075654984,0.9738871455192566,0.0009935242123901844,0.005859375,5.637162685394287
2334,4780032,516,0.4633057850599289,9.38,333,-0.005785687826573849,0.072392039000988,0.9740671515464783,0.001974755199626088,0.0101318359375,5.497405052185059
2335,4782080,516,0.5528446286916733,8.84,328,-0.007614985108375549,0.0721423551440239,0.9220981001853943,0.0011556895915418863,0.0081787109375,5.59418249130249
2336,4784128,516,0.4930380129814148,9.47,322,-0.00838516280055046,0.06749988347291946,0.9678089618682861,0.001473908545449376,0.0087890625,5.465574741363525
2337,4786176,516,0.4833355379104614,8.63,332,-0.0071892933920025826,0.06937870383262634,0.9650453329086304,0.0018646612297743559,0.0078125,5.578866958618164
2338,4788224,516,0.43462975084781647,8.01,336,-0.0038617663085460663,0.06933610141277313,0.9565441608428955,0.0015807424206286669,0.009521484375,5.47348690032959
2339,4790272,516,0.45416859567165374,9.45,318,-0.005836036056280136,0.06756626069545746,0.9701284170150757,0.0019456206355243921,0.011474609375,5.738809585571289
2340,4792320,516,0.4534396708011627,8.96,322,-0.004061086103320122,0.07027726620435715,0.992609441280365,0.0014458203222602606,0.010498046875,5.632319450378418
2341,4794368,516,0.5822198331356049,8.55,341,-0.006763901561498642,0.07256762683391571,0.9638465642929077,0.0017500000540167093,0.01123046875,5.29885196685791
2342,4796416,516,0.44358842968940737,9.3,315,-0.005816548131406307,0.06654477119445801,1.0460094213485718,0.0017586294561624527,0.0135498046875,5.684444904327393
2343,4798464,516,0.543647934794426,8.29,324,-0.008114634081721306,0.06862836331129074,1.048534631729126,0.0024579039309173822,0.013916015625,5.614583969116211
2344,4800512,516,0.5910892564058304,9.69,320,-0.007603947073221207,0.06612416356801987,1.0408512353897095,0.0030553126707673073,0.01171875,5.484042167663574
2345,4802560,516,0.5425471061468125,9.88,313,-0.0072785718366503716,0.06894688308238983,1.0168825387954712,0.0037517279852181673,0.01416015625,5.561928749084473
2346,4804608,516,0.49390082657337187,8.93,325,-0.009028585627675056,0.07198306918144226,1.0209529399871826,0.0025037177838385105,0.0118408203125,5.567883014678955
2347,4806656,516,0.5516099184751511,9.42,320,-0.0015198178589344025,0.06326770782470703,1.038811206817627,0.0014660656452178955,0.0152587890625,5.638166427612305
2348,4808704,516,0.48282975137233736,9.97,302,-0.007821310311555862,0.06494492292404175,1.0687636137008667,0.0018050670623779297,0.007080078125,5.820513725280762
2349,4810752,516,0.4322495865821838,10.5,298,0.0005750134587287903,0.0598139688372612,1.0494704246520996,0.0016829383093863726,0.0076904296875,5.769787311553955
2350,4812800,516,0.5720859497785569,8.99,317,-0.0034982324577867985,0.06843473762273788,1.0111072063446045,0.001030216459184885,0.0050048828125,5.643117904663086
2351,4814848,516,0.44449586629867555,9.45,320,-0.0056921434588730335,0.06908610463142395,0.9780523777008057,0.00207381509244442,0.0084228515625,5.489943504333496
2352,4816896,516,0.4735438013076782,9.28,316,-0.010600868612527847,0.0689147338271141,0.9692718982696533,0.0020028171129524708,0.0101318359375,5.482288360595703
2353,4818944,516,0.483766942024231,8.36,345,-0.004465408623218536,0.07290879637002945,0.9294333457946777,0.0014993951190263033,0.01171875,5.468038082122803
2354,4820992,516,0.4734694218635559,9.54,317,-0.006120255216956139,0.07084091007709503,0.9789506793022156,0.0009629363194108009,0.00927734375,5.631542682647705
2355,4823040,516,0.5628743785619735,8.31,344,-0.004752077162265778,0.07274766266345978,0.9623518586158752,0.0016901930794119835,0.01025390625,5.45980167388916
2356,4825088,516,0.4741537189483643,8.44,323,-0.006791399791836739,0.06573094427585602,0.9684574604034424,0.001661497401073575,0.007568359375,5.464471340179443
2357,4827136,516,0.4927553725242615,8.94,333,-0.009437003172934055,0.06895964592695236,1.0165072679519653,0.002283809706568718,0.011474609375,5.522314071655273
2358,4829184,516,0.4835140484571457,8.69,332,-0.003702595829963684,0.07557883113622665,0.9764924049377441,0.001003921963274479,0.0111083984375,5.530391693115234
2359,4831232,516,0.44434710741043093,8.48,327,-0.008449004963040352,0.07320073992013931,0.9916026592254639,0.0015131095424294472,0.006591796875,5.680334091186523
2360,4833280,516,0.4732760316133499,9.82,320,-0.0032005365937948227,0.06649871170520782,1.040218710899353,0.0013209651224315166,0.01220703125,5.625413417816162
2361,4835328,516,0.5227404963970185,9.65,313,-0.006646500900387764,0.06676023453474045,1.0035529136657715,0.0015965751372277737,0.0081787109375,5.524072647094727
2362,4837376,516,0.46217520713806154,9.89,326,-0.0015583299100399017,0.0683499276638031,0.9645092487335205,0.0024829888716340065,0.0068359375,5.736522197723389
2363,4839424,516,0.4831421494483948,8.81,330,-0.0037277364172041416,0.07041707634925842,0.958134651184082,0.0009572377894073725,0.0078125,5.340386390686035
2364,4841472,516,0.4932760339975357,8.75,342,-0.0029839463531970978,0.07489398866891861,0.8933243751525879,0.001982162008062005,0.0098876953125,5.617676258087158
2365,4843520,516,0.52305289208889,8.78,325,-0.009120967239141464,0.0668090283870697,0.9763465523719788,0.0013296266552060843,0.006103515625,5.482203483581543
2366,4845568,516,0.47379669308662414,9.38,327,-0.005496063269674778,0.06886710971593857,0.9463586807250977,0.0012109363451600075,0.009521484375,5.529759407043457
2367,4847616,516,0.48277024686336517,9.19,331,-0.0016529224812984467,0.07238312810659409,0.9154148697853088,0.0014434636104851961,0.0059814453125,5.5822014808654785
2368,4849664,516,0.5520710736513138,9.01,344,-0.0009103147312998772,0.07335184514522552,0.8822790384292603,0.0015108047518879175,0.0062255859375,5.5070037841796875
2369,4851712,516,0.45306776762008666,9.17,327,-0.00524852704256773,0.07024967670440674,0.9473103284835815,0.0013667154125869274,0.0091552734375,5.639825820922852
2370,4853760,516,0.5425471073389053,9.08,330,-0.005562379024922848,0.07296060770750046,0.9154770374298096,0.0028253276832401752,0.0067138671875,5.738228797912598
2371,4855808,516,0.5429190063476562,8.84,337,-0.0026836981996893883,0.07388904690742493,0.8933849930763245,0.0013717024121433496,0.00927734375,5.569440841674805
2372,4857856,516,0.47335041165351865,9.27,334,-0.0070978812873363495,0.07198869436979294,0.930325984954834,0.0021511511877179146,0.012451171875,5.489206314086914
2373,4859904,516,0.4538264453411102,8.49,341,9.203609079122543e-05,0.07510820776224136,0.9233042001724243,0.0012159037869423628,0.008056640625,5.6244282722473145
2374,4861952,516,0.5423239678144455,9.49,314,-0.005559030920267105,0.07038109004497528,0.9755179286003113,0.0013204689603298903,0.0098876953125,5.5791778564453125
2375,4864000,516,0.4251355355978012,8.16,340,-0.004944849759340286,0.07538306713104248,0.9475102424621582,0.0009441000875085592,0.0078125,5.689602851867676
2376,4866048,516,0.4147041314840317,9.14,321,-0.005641493946313858,0.06541851162910461,0.9688066244125366,0.0020264540798962116,0.0079345703125,5.78790283203125
2377,4868096,516,0.5037669432163239,8.45,343,-0.006794853135943413,0.07373741269111633,0.9324679970741272,0.0007005066145211458,0.0057373046875,5.649580955505371
2378,4870144,516,0.4938413208723068,7.84,337,-0.003459290834143758,0.07220625132322311,0.9692585468292236,0.0031083212234079838,0.0093994140625,5.616992950439453
2379,4872192,516,0.45416859447956087,8.68,324,-0.005614941939711571,0.07265961170196533,0.9479727745056152,0.003521102713420987,0.0120849609375,5.67350959777832
2380,4874240,516,0.434198345541954,9.22,334,0.001687689684331417,0.06611030548810959,0.987254798412323,0.0016026566736400127,0.0098876953125,5.717038154602051
2381,4876288,516,0.47323140501976013,9.11,320,-0.0072638168931007385,0.06598132848739624,0.9991550445556641,0.003532625501975417,0.01318359375,5.749798774719238
2382,4878336,516,0.4447933876514435,8.93,319,-0.00594525970518589,0.06916554272174835,1.0058212280273438,0.002266262425109744,0.0067138671875,5.737936973571777
2383,4880384,516,0.5229933869838714,8.89,319,-0.005647389218211174,0.0719340518116951,1.0168527364730835,0.0013501865323632956,0.006591796875,5.813421249389648
2384,4882432,516,0.5232909095287323,9.09,325,0.0034695761278271675,0.06818335503339767,0.9565492868423462,0.0010052523575723171,0.004150390625,5.6821980476379395
2385,4884480,516,0.5418181812763214,9.35,329,-0.008346986956894398,0.07142367959022522,0.9998750686645508,0.001087778015062213,0.009765625,5.701702117919922
2386,4886528,516,0.5221603304147721,9.93,312,-0.006556993816047907,0.06699606776237488,1.023284912109375,0.001963449642062187,0.0135498046875,5.548893451690674
2387,4888576,516,0.502725619673729,10.0,291,-0.008547910489141941,0.06880070269107819,1.0768496990203857,0.001268997322767973,0.008544921875,5.76058292388916
2388,4890624,516,0.4630380165576935,9.23,316,-0.003377633634954691,0.0670742616057396,1.0626026391983032,0.0018660074565559626,0.0086669921875,5.693997383117676
2389,4892672,516,0.5719966930150986,8.79,322,-0.008324258029460907,0.07551130652427673,1.0334805250167847,0.0015620202757418156,0.010986328125,5.712894916534424
2390,4894720,516,0.5121305799484253,9.82,312,-0.0127980075776577,0.06926639378070831,1.0951493978500366,0.001625260803848505,0.00537109375,5.836218357086182
2391,4896768,516,0.5722347098588944,8.94,323,-0.008462618105113506,0.06569834053516388,1.105814814567566,0.002259444445371628,0.010009765625,5.796603202819824
2392,4898816,516,0.5323239642381669,9.3,301,-0.001917768269777298,0.06249059736728668,1.1862881183624268,0.0012669283896684647,0.0103759765625,5.825004577636719
2393,4900864,516,0.5898545479774475,10.93,299,-0.010752531699836254,0.06560885906219482,1.131679654121399,0.0015571382828056812,0.005126953125,6.074829578399658
2394,4902912,516,0.5419520670175553,10.38,297,-0.008550531230866909,0.06753701716661453,1.1361216306686401,0.002774118445813656,0.01025390625,5.775954723358154
2395,4904960,516,0.5999884337186814,10.41,305,-0.005872671492397785,0.06592681258916855,1.1410459280014038,0.0016926606185734272,0.021240234375,5.842830657958984
2396,4907008,516,0.44346942245960236,9.6,296,-0.005018251016736031,0.060807965695858,1.1416385173797607,0.002963473554700613,0.0140380859375,5.819940090179443
2397,4909056,516,0.5216099160909653,10.29,287,0.005873220041394234,0.0643610954284668,1.1672550439834595,0.0020831588190048933,0.0194091796875,6.033128261566162
2398,4911104,516,0.4427553743124008,10.41,290,-0.008670936338603497,0.06306217610836029,1.168746829032898,0.0012019574642181396,0.00732421875,5.966958045959473
2399,4913152,516,0.5616545456647873,9.92,296,-0.013260656036436558,0.06539136171340942,1.1405235528945923,0.0023369949776679277,0.0135498046875,5.860990047454834
2400,4915200,516,0.5318033063411712,10.26,303,-0.006026536226272583,0.06882079690694809,1.0752089023590088,0.002332966309040785,0.0118408203125,6.015447616577148
2401,4917248,516,0.5822495865821838,9.08,328,-0.010155962780117989,0.06997812539339066,1.0526700019836426,0.0019358592107892036,0.0103759765625,5.720941066741943
2402,4919296,516,0.4929487603902817,9.96,308,0.000764012336730957,0.0684918612241745,1.0641084909439087,0.001999869244173169,0.01220703125,5.741042137145996
2403,4921344,516,0.4336330568790436,9.96,307,-0.004132895730435848,0.06998129934072495,1.083013653755188,0.0032273700926452875,0.01513671875,5.87587833404541
2404,4923392,516,0.4927404975891113,9.72,318,-0.002546539530158043,0.070229172706604,1.1053885221481323,0.002143003512173891,0.010986328125,5.613648414611816
2405,4925440,516,0.49345454692840574,9.86,310,-0.0030052191577851772,0.06717050075531006,1.0924677848815918,0.001450326293706894,0.0087890625,5.818756103515625
2406,4927488,516,0.502919008731842,10.07,319,-0.006194323301315308,0.07083095610141754,1.0267235040664673,0.0016723631415516138,0.0076904296875,5.712386608123779
2407,4929536,516,0.5523537176847458,8.9,316,-0.0035342159681022167,0.07014763355255127,1.0491504669189453,0.0007496792823076248,0.0079345703125,5.837879180908203
2408,4931584,516,0.40471900820732115,9.22,325,-0.001031346619129181,0.06819172948598862,1.0402799844741821,0.0008538933470845222,0.0037841796875,5.599576950073242
2409,4933632,516,0.4336776870489121,9.63,314,0.0006968667730689049,0.0706687718629837,0.9937410354614258,0.001504040788859129,0.0086669921875,6.036109924316406
2410,4935680,516,0.4738710755109787,9.35,320,-0.006040339358150959,0.0690465122461319,0.995917022228241,0.0032211195211857557,0.0152587890625,5.719249248504639
2411,4937728,516,0.45263636350631714,9.87,309,-0.006083110347390175,0.06840773671865463,1.0115500688552856,0.0007781216409057379,0.0050048828125,5.6262922286987305
2412,4939776,516,0.4640049582719803,8.67,330,-0.004297804087400436,0.07276150584220886,0.9722250699996948,0.001548498636111617,0.0140380859375,5.711652755737305
2413,4941824,516,0.5518479335308075,9.67,326,-0.004261087626218796,0.0675826370716095,1.0235933065414429,0.0018133479170501232,0.009521484375,5.733101844787598
2414,4943872,516,0.45366280794143676,9.34,320,-0.005854473449289799,0.0719873234629631,1.0020421743392944,0.002500752918422222,0.015869140625,6.0777716636657715
2415,4945920,516,0.3750909101963043,8.95,320,-0.003922991454601288,0.06682494282722473,1.0168287754058838,0.0009652194567024708,0.01025390625,5.907358646392822
2416,4947968,516,0.47260661065578463,10.14,311,-0.007063554599881172,0.06603871285915375,1.0494929552078247,0.0009749478194862604,0.009765625,5.976551055908203
2417,4950016,516,0.5118479353189468,10.28,304,-0.0075791971758008,0.06536565721035004,1.0583237409591675,0.002233510371297598,0.015380859375,5.803131580352783
2418,4952064,516,0.5032165294885635,10.15,303,-0.0037340614944696426,0.06419869512319565,1.0699219703674316,0.003075071843340993,0.0084228515625,6.094922065734863
2419,4954112,516,0.5130975192785263,8.79,324,-0.005401410162448883,0.0697210282087326,1.0381747484207153,0.0010620122775435448,0.0091552734375,5.791021347045898
2420,4956160,516,0.5035438019037247,9.05,333,-0.006335258483886719,0.07535930722951889,0.9711000919342041,0.0024319784715771675,0.01025390625,5.822949409484863
2421,4958208,516,0.512011570930481,9.05,339,-0.007263476960361004,0.07066778838634491,0.9394727945327759,0.0010207328014075756,0.0064697265625,5.893932819366455
2422,4960256,516,0.5030677682161331,9.26,328,-0.005702567286789417,0.06881748884916306,0.9810022115707397,0.0022991192527115345,0.0101318359375,5.6137542724609375
2423,4962304,516,0.48282975077629087,9.48,325,0.0005628056824207306,0.06811674684286118,1.0308377742767334,0.002550547942519188,0.00927734375,5.8516845703125
2424,4964352,516,0.4927702474594116,9.29,324,-0.006459999829530716,0.06773737818002701,0.9815611839294434,0.001227672677487135,0.0076904296875,5.739898681640625
2425,4966400,516,0.4437223136425018,8.46,316,-0.008027682080864906,0.0683007761836052,1.0334829092025757,0.0017467790748924017,0.0064697265625,6.01255989074707
2426,4968448,516,0.4535884302854538,8.61,329,-0.00498367752879858,0.07181480526924133,0.9950481057167053,0.0011397681664675474,0.010498046875,5.844113349914551
2427,4970496,516,0.46327603340148926,9.63,330,-0.00565694784745574,0.07141182571649551,1.006162405014038,0.0006389578338712454,0.0059814453125,5.660546779632568
2428,4972544,516,0.483023139834404,9.13,319,-0.0029913962353020906,0.06536229699850082,1.0477180480957031,0.0014893373008817434,0.010498046875,5.834294319152832
2429,4974592,516,0.5718479335308075,9.33,322,-0.007117889821529388,0.07031458616256714,1.0890270471572876,0.0012248221319168806,0.0087890625,5.807303428649902
2430,4976640,516,0.46357355296611785,8.86,325,-0.005752649158239365,0.06913430988788605,1.0699901580810547,0.0015372263733297586,0.0042724609375,5.847575664520264
2431,4978688,516,0.4832909095287323,10.14,307,-0.005159053020179272,0.06972596794366837,1.0543831586837769,0.001418632222339511,0.005859375,6.038647651672363
2432,4980736,516,0.4636479365825653,8.9,321,-0.002946268767118454,0.06638243794441223,1.082798957824707,0.0011465484276413918,0.007568359375,5.775583744049072
2433,4982784,516,0.5411338865756988,10.29,315,-0.006276601925492287,0.06732253730297089,1.0684075355529785,0.0013197669759392738,0.008056640625,5.747570037841797
2434,4984832,516,0.48278512358665465,10.44,307,-0.0029652565717697144,0.06590878963470459,1.0542371273040771,0.0011649983935058117,0.0106201171875,5.82006311416626
2435,4986880,516,0.4439603292942047,8.81,312,-0.00461638905107975,0.06559085100889206,1.027180552482605,0.0010960139334201813,0.0089111328125,5.781367301940918
2436,4988928,516,0.5219669425487519,9.83,322,-0.0016838070005178452,0.07095668464899063,1.1015076637268066,0.0012847750913351774,0.0091552734375,5.652971267700195
2437,4990976,516,0.5220710736513138,9.9,303,-0.009480088949203491,0.06512416154146194,1.105506420135498,0.002354784170165658,0.009521484375,6.106071949005127
2438,4993024,516,0.4237371897697449,9.08,312,-0.007439387030899525,0.0689750611782074,1.0724390745162964,0.0013435850851237774,0.006103515625,6.181916236877441
2439,4995072,516,0.6009702497720718,10.02,301,-0.0006248466670513153,0.06596814095973969,1.1173269748687744,0.0008379335049539804,0.006591796875,6.164727687835693
2440,4997120,516,0.5815206664800644,9.41,311,-0.00957011803984642,0.06686514616012573,1.124765396118164,0.002842373913154006,0.01025390625,6.115300178527832
2441,4999168,516,0.6205983483791351,10.04,314,0.001024741679430008,0.06668486446142197,1.1262993812561035,0.0008333995938301086,0.0074462890625,6.020962715148926
2442,5001216,516,0.5119223141670227,9.99,305,-0.006220664829015732,0.06773510575294495,1.1288877725601196,0.0013298981357365847,0.00732421875,6.0269775390625
2443,5003264,516,0.5523685961961746,9.05,317,-0.003207087516784668,0.07096883654594421,1.1249839067459106,0.0017554748337715864,0.0111083984375,5.994258880615234
2444,5005312,516,0.5310297518968582,10.44,312,-0.00024306774139404297,0.06783691048622131,1.135014533996582,0.0007977515924721956,0.0118408203125,6.187567710876465
2445,5007360,515,0.443305783867836,9.82,302,-0.008846582844853401,0.06083531305193901,1.141817331314087,0.0011963441502302885,0.0079345703125,6.041368007659912
2446,5009408,515,0.5423537212610244,9.33,304,-0.0034297946840524673,0.06490632891654968,1.1453560590744019,0.0017135478556156158,0.0123291015625,6.082740783691406
2447,5011456,515,0.5812975198030472,10.42,307,-0.006184061989188194,0.07023663073778152,1.1335753202438354,0.0008928792085498571,0.0035400390625,6.09067440032959
2448,5013504,515,0.49306776821613313,9.49,298,-0.0020044762641191483,0.06656774878501892,1.1044936180114746,0.0012789915781468153,0.0084228515625,6.059282302856445
2449,5015552,515,0.541565288901329,10.02,311,-0.002538435161113739,0.06854104995727539,1.1023062467575073,0.0011715868022292852,0.011962890625,6.221826076507568
2450,5017600,515,0.44312727212905884,11.09,288,-0.007796818390488625,0.06218137964606285,1.1139423847198486,0.0017589821945875883,0.0081787109375,6.135189056396484
2451,5019648,515,0.5028892564773559,9.23,318,-0.010602905414998531,0.06636402010917664,1.1077985763549805,0.00208465289324522,0.00830078125,5.998227119445801
2452,5021696,515,0.44396032989025114,9.3,320,-0.004934943281114101,0.06811536848545074,1.0782119035720825,0.0014334905426949263,0.0091552734375,5.837247848510742
2453,5023744,515,0.4343024778366089,8.78,322,-7.255375385284424e-05,0.06893344968557358,1.074344515800476,0.002270422177389264,0.0042724609375,5.855942726135254
2454,5025792,515,0.522011569738388,9.62,315,-0.0033813677728176117,0.06547696143388748,1.0592494010925293,0.0020422120578587055,0.01318359375,5.834804058074951
2455,5027840,515,0.41211569964885714,10.46,308,-0.0038358643651008606,0.06430965662002563,1.0591033697128296,0.0014703117776662111,0.0140380859375,5.8484601974487305
2456,5029888,515,0.502591735124588,9.93,318,-0.010153425857424736,0.06878449022769928,1.0954649448394775,0.002868077252060175,0.0211181640625,5.775916576385498
2457,5031936,515,0.45338016510009765,9.47,310,-0.0013743145391345024,0.07043557614088058,1.0931107997894287,0.0021177143789827824,0.0074462890625,5.860651016235352
2458,5033984,515,0.49269586861133574,9.33,315,-0.007926823571324348,0.06801600009202957,1.0848835706710815,0.0011184813920408487,0.00927734375,6.066577911376953
2459,5036032,515,0.5707917380332946,10.72,302,-0.00658385269343853,0.06450273841619492,1.1325730085372925,0.001321584451943636,0.0079345703125,5.906904697418213
2460,5038080,515,0.44303801834583284,10.99,301,-0.0054518962278962135,0.06752672791481018,1.1288137435913086,0.0017166545148938894,0.0078125,6.187964916229248
2461,5040128,515,0.3542578500509262,10.11,303,-0.0026500020176172256,0.06213890761137009,1.101668119430542,0.000720273470506072,0.0042724609375,5.980628490447998
2462,5042176,515,0.5517140501737594,9.67,317,-0.012126639485359192,0.06982694566249847,1.1122623682022095,0.002032885793596506,0.01318359375,5.822725296020508
2463,5044224,515,0.48262148797512056,9.9,311,-0.004137181676924229,0.0682019591331482,1.13200843334198,0.0016028305981308222,0.0072021484375,5.899155616760254
2464,5046272,515,0.38440661132335663,9.44,301,-0.0013742749579250813,0.05695251747965813,1.1996077299118042,0.0024107317440211773,0.0147705078125,5.943077087402344
2465,5048320,515,0.46244297504425047,10.56,295,-0.010280389338731766,0.06475213915109634,1.1729403734207153,0.0013593458570539951,0.0072021484375,6.101480960845947
2466,5050368,515,0.4523090928792953,10.51,288,-0.006769074127078056,0.0669328048825264,1.1793477535247803,0.0031152870506048203,0.01806640625,6.336348056793213
2467,5052416,515,0.5032611590623856,10.19,305,-0.010678339749574661,0.06755276024341583,1.1636229753494263,0.0012938573490828276,0.007568359375,6.066831588745117
2468,5054464,515,0.47299338817596437,10.48,300,-0.0027520516887307167,0.06515197455883026,1.1762880086898804,0.002040792955085635,0.0078125,6.0813889503479
2469,5056512,515,0.42317190051078796,11.13,298,-0.009011371061205864,0.0622154176235199,1.1417593955993652,0.0026212716475129128,0.0091552734375,5.955784320831299
2470,5058560,515,0.5229041355848313,9.64,311,-0.0038844160735607147,0.06676919758319855,1.1389647722244263,0.0008129815105348825,0.01025390625,5.854735374450684
2471,5060608,515,0.45403471291065217,9.01,312,-0.0071388427168130875,0.06744234263896942,1.0935935974121094,0.0012846668250858784,0.007080078125,6.034958839416504
2472,5062656,515,0.5125768595933914,9.57,303,-0.004791055805981159,0.06857506930828094,1.1225078105926514,0.0024415457155555487,0.0079345703125,5.985444068908691
2473,5064704,515,0.551981817483902,9.45,316,-0.006910884752869606,0.06216389685869217,1.0957412719726562,0.002544794464483857,0.011962890625,5.9011006355285645
2474,5066752,515,0.5814611566066742,9.15,321,-0.00044404156506061554,0.06918145716190338,1.0719921588897705,0.0014493945054709911,0.0050048828125,5.983943462371826
2475,5068800,515,0.5128892570734024,9.29,314,-0.002583296038210392,0.07072343677282333,1.041182041168213,0.00043845269829034805,0.0052490234375,5.8817572593688965
2476,5070848,515,0.40358842790126803,9.4,319,-0.0031651481986045837,0.07220672070980072,1.0628366470336914,0.0011302228085696697,0.004638671875,6.152813911437988
2477,5072896,515,0.6011338818073273,10.16,306,-0.009372850880026817,0.06622301042079926,1.0981342792510986,0.0015901438891887665,0.005126953125,6.003823280334473
2478,5074944,515,0.44274049401283266,10.3,299,-0.003388923592865467,0.06407319754362106,1.1275993585586548,0.0012173224240541458,0.010009765625,6.0692033767700195
2479,5076992,515,0.5818925625085831,9.34,313,-0.006759114563465118,0.06790394335985184,1.1222865581512451,0.0016973321326076984,0.013671875,5.875765800476074
2480,5079040,515,0.5420115703344345,9.47,307,-0.004642222076654434,0.06745453178882599,1.1414718627929688,0.0012383030261844397,0.005859375,6.193212509155273
2481,5081088,515,0.5715652924776077,9.47,314,-0.0038189077749848366,0.06504848599433899,1.140192985534668,0.0012704881373792887,0.006103515625,5.771580696105957
2482,5083136,515,0.5130380153656006,9.63,315,-0.0007540266960859299,0.06737534701824188,1.1332097053527832,0.0012040396686643362,0.00830078125,6.006691932678223
2483,5085184,515,0.501907439827919,10.37,297,-0.0030250968411564827,0.0633545070886612,1.1656278371810913,0.0010278229601681232,0.0057373046875,5.932309627532959
2484,5087232,515,0.5712826436758042,10.56,293,-0.00384385883808136,0.06636273115873337,1.1615456342697144,0.0011226385831832886,0.00537109375,6.218161106109619
2485,5089280,514,0.5421008265018463,9.51,298,0.0009006215259432793,0.06231677904725075,1.1633274555206299,0.0030681516509503126,0.0091552734375,6.170064926147461
2486,5091328,514,0.5224280989170075,9.25,309,-0.006899422034621239,0.06574153900146484,1.1631485223770142,0.002210298553109169,0.0115966796875,6.0492167472839355
2487,5093376,514,0.5114760333299637,10.69,304,-0.0044202059507369995,0.06867983192205429,1.173877477645874,0.0011718664318323135,0.0093994140625,6.133618354797363
2488,5095424,514,0.530791734457016,11.3,283,-0.008966065011918545,0.061847083270549774,1.1893433332443237,0.0009292657487094402,0.00341796875,6.231968402862549
2489,5097472,514,0.472904132604599,9.93,298,-0.0032814815640449524,0.06723476946353912,1.1532714366912842,0.001677083084359765,0.0113525390625,6.0751848220825195
2490,5099520,514,0.4330528944730759,10.07,296,-0.005225573666393757,0.0631270632147789,1.1844631433486938,0.001080996124073863,0.0062255859375,6.407060623168945
2491,5101568,514,0.5217438018321991,10.42,290,-0.005734092555940151,0.06733531504869461,1.157513976097107,0.0018478336278349161,0.0074462890625,6.310493469238281
2492,5103616,514,0.5011041313409805,11.16,297,-0.004205096513032913,0.06427496671676636,1.1465516090393066,0.0018370065372437239,0.008056640625,6.03770112991333
2493,5105664,514,0.5125471073389053,9.43,310,-0.0030900929123163223,0.06626583635807037,1.1601675748825073,0.0017556545790284872,0.009521484375,6.253582954406738
2494,5107712,514,0.5414909082651138,10.2,290,-0.0026472890749573708,0.06676008552312851,1.1646291017532349,0.0026072096079587936,0.0206298828125,6.329096794128418
2495,5109760,514,0.49217520773410794,10.2,300,-0.002024286426603794,0.06364461779594421,1.1714491844177246,0.0009513846598565578,0.00537109375,6.235507488250732
2496,5111808,514,0.5003752088546753,11.49,293,-0.007094908505678177,0.06386766582727432,1.1527209281921387,0.001073423307389021,0.0069580078125,6.399776458740234
2497,5113856,514,0.473052893280983,10.24,306,-0.004716012626886368,0.0677156075835228,1.1761778593063354,0.000713317422196269,0.0035400390625,6.324179172515869
2498,5115904,514,0.4044512391090393,9.44,320,-0.007093973457813263,0.07134741544723511,1.2142277956008911,0.0015458408743143082,0.0101318359375,5.976293087005615
2499,5117952,514,0.45251735508441926,10.45,304,-0.0009060632437467575,0.06689591705799103,1.1936793327331543,0.0016633146442472935,0.010986328125,6.159994125366211
2500,5120000,514,0.5406578522920609,10.87,280,-0.004369640722870827,0.06239191070199013,1.2132079601287842,0.0009484316688030958,0.007568359375,6.531357765197754
2501,5122048,514,0.5815057867765426,9.84,298,-0.0006353682838380337,0.06357241421937943,1.1657406091690063,0.001819356344640255,0.011474609375,6.2230401039123535
2502,5124096,514,0.5122198355197907,10.15,298,-0.004255969077348709,0.06510007381439209,1.1863173246383667,0.0007232413627207279,0.0057373046875,6.199926853179932
2503,5126144,514,0.5606281006336212,10.63,299,-0.004602465778589249,0.06635022163391113,1.1772797107696533,0.0015516146086156368,0.0059814453125,6.301990985870361
2504,5128192,514,0.48221983432769777,10.97,296,-0.005942905321717262,0.06488124281167984,1.1576058864593506,0.0013973996974527836,0.0069580078125,6.202460765838623
2505,5130240,514,0.5606727290153504,10.1,305,-0.0021909037604928017,0.06247418373823166,1.1763416528701782,0.0016964185051620007,0.0133056640625,5.902010917663574
2506,5132288,514,0.36413884222507475,10.59,287,-0.0063560763373970985,0.05823531001806259,1.1859468221664429,0.002105079358443618,0.0093994140625,6.419111251831055
2507,5134336,514,0.5319669425487519,9.2,317,-0.006450544111430645,0.06764928996562958,1.1658604145050049,0.0020766921807080507,0.0069580078125,6.089210510253906
2508,5136384,514,0.4824429750442505,10.3,296,-0.001248902641236782,0.06757406890392303,1.1452316045761108,0.0013837635051459074,0.006103515625,6.372815132141113
2509,5138432,514,0.4333801656961441,10.94,308,-0.008609503507614136,0.06563180685043335,1.1645739078521729,0.0014982952270656824,0.0072021484375,6.2885894775390625
2510,5140480,514,0.43404958546161654,9.39,320,-0.006253376603126526,0.06760881096124649,1.1674704551696777,0.001589101506397128,0.00634765625,6.08822774887085
2511,5142528,514,0.5231570267677307,9.74,321,-0.008581336587667465,0.07212206721305847,1.1067678928375244,0.0011315799783915281,0.0076904296875,6.134766578674316
2512,5144576,514,0.4532611566781998,9.77,307,-0.003577922936528921,0.06775391101837158,1.1373023986816406,0.002253372920677066,0.016845703125,5.985201835632324
2513,5146624,514,0.5611636376380921,9.89,304,-0.006770409643650055,0.06607005000114441,1.159641146659851,0.0017569605261087418,0.0050048828125,6.047875881195068
2514,5148672,514,0.43430247604846955,9.54,313,-0.005891317501664162,0.07148116081953049,1.1646238565444946,0.002473790431395173,0.0198974609375,6.3544535636901855
2515,5150720,514,0.5415801650285721,10.32,302,-0.0020574089139699936,0.06540928781032562,1.1547725200653076,0.0014269780367612839,0.005859375,6.220047950744629
2516,5152768,514,0.5117289263010025,10.14,302,-0.008615424856543541,0.0670473724603653,1.160278558731079,0.0011013948824256659,0.005859375,6.175388813018799
2517,5154816,514,0.43335041403770447,10.38,295,-0.006033962592482567,0.06442331522703171,1.1837795972824097,0.0021857742685824633,0.01220703125,6.411437511444092
2518,5156864,514,0.5907619845867157,11.02,290,-0.0054922448471188545,0.0640329122543335,1.1592992544174194,0.0008029383607208729,0.005859375,6.23338508605957
2519,5158912,514,0.5219520670175553,9.83,312,-0.007070514373481274,0.06865313649177551,1.172851800918579,0.0010329936631023884,0.007080078125,6.224642276763916
2520,5160960,514,0.5508958679437638,10.4,296,0.002026675269007683,0.06561591476202011,1.2143332958221436,0.003236008109524846,0.00732421875,6.328347206115723
2521,5163008,514,0.5218925637006759,10.81,292,-0.00981416180729866,0.06472942233085632,1.2111178636550903,0.0016175084747374058,0.0123291015625,6.214910507202148
2522,5165056,514,0.43390082716941836,10.13,291,-0.0004240814596414566,0.061213236302137375,1.2302932739257812,0.001862076111137867,0.0086669921875,6.327878475189209
2523,5167104,514,0.48158016443252566,11.14,287,-0.002740924246609211,0.062174756079912186,1.235921859741211,0.0009049696382135153,0.0057373046875,6.281549453735352
2524,5169152,514,0.5500925630331039,11.73,276,-0.010064895264804363,0.058712612837553024,1.267615795135498,0.003228088840842247,0.0164794921875,6.3348002433776855
2525,5171200,514,0.5894380152225495,10.86,287,-0.009033318608999252,0.06112781539559364,1.2640312910079956,0.0017664553597569466,0.009765625,6.361526012420654
2526,5173248,514,0.40351404905319216,11.47,301,-0.0007911249995231628,0.060661960393190384,1.238223910331726,0.0016895923763513565,0.0096435546875,6.262871742248535
2527,5175296,514,0.6005239683389664,10.26,299,-0.0016058655455708504,0.06298484653234482,1.2061412334442139,0.0011609233915805817,0.0054931640625,6.367086410522461
2528,5177344,514,0.5420115727186203,10.11,296,-0.00810154713690281,0.06808421015739441,1.1956040859222412,0.0014365066308528185,0.0074462890625,6.319283485412598
2529,5179392,514,0.4628297507762909,10.28,299,-0.0036808885633945465,0.06632260233163834,1.199019193649292,0.0018601168412715197,0.0074462890625,6.28021764755249
2530,5181440,514,0.3843619817495346,10.95,293,-0.0066542066633701324,0.06084340810775757,1.1786797046661377,0.0009782868437469006,0.003662109375,6.34792423248291
2531,5183488,514,0.5998842984437942,10.31,281,-0.0033976100385189056,0.06269906461238861,1.2076404094696045,0.0011552919168025255,0.01171875,6.5563554763793945
2532,5185536,514,0.5319966942071914,10.13,295,0.0007190480828285217,0.06192414462566376,1.1445459127426147,0.0004940878134220839,0.00341796875,6.285638809204102
2533,5187584,514,0.38403471171855924,9.99,306,-0.004130271263420582,0.06513924896717072,1.1733009815216064,0.0013899928890168667,0.00390625,6.206951141357422
2534,5189632,514,0.45345454692840576,10.05,312,-0.006734112277626991,0.06959041208028793,1.1276867389678955,0.0010706523898988962,0.0074462890625,6.15353536605835
2535,5191680,514,0.5323388451337814,9.7,315,-0.0009021610021591187,0.0680183544754982,1.1077661514282227,0.0016559762880206108,0.006103515625,5.986400604248047
2536,5193728,514,0.5026214873790741,9.76,308,-0.005329596810042858,0.06730438023805618,1.1302490234375,0.002188805490732193,0.0064697265625,6.275371551513672
2537,5195776,514,0.48336529076099394,9.98,313,-0.0037443586625158787,0.0641583576798439,1.1556068658828735,0.001203608699142933,0.00390625,5.97193717956543
2538,5197824,514,0.48260661363601687,9.85,308,-0.005320858210325241,0.06547592580318451,1.093296766281128,0.0021948942448943853,0.0081787109375,6.039062976837158
2539,5199872,514,0.5713867753744125,9.81,311,-0.007696923799812794,0.06552442163228989,1.0938811302185059,0.0014217402786016464,0.0081787109375,6.167391777038574
2540,5201920,514,0.5619520682096482,9.36,295,-0.0010680966079235077,0.06508207321166992,1.1248165369033813,0.0030252477154135704,0.0086669921875,6.18840217590332
2541,5203968,514,0.5123388451337815,9.75,317,-0.00466446578502655,0.06519342958927155,1.140852451324463,0.0009823136497288942,0.0078125,6.285628795623779
2542,5206016,514,0.5524727261066437,8.74,327,-0.005665554665029049,0.0685066506266594,1.1287528276443481,0.0008811180014163256,0.0045166015625,5.944614410400391
2543,5208064,514,0.48364793360233305,9.93,303,-0.006120384205132723,0.0647798478603363,1.1224265098571777,0.001018803333863616,0.0047607421875,6.319370746612549
2544,5210112,514,0.5018776881694794,10.15,301,-0.004851237870752811,0.06405728310346603,1.1228828430175781,0.0017229847144335508,0.003662109375,6.28575325012207
2545,5212160,514,0.4633355391025543,10.03,312,-0.0055909231305122375,0.07285137474536896,1.1265188455581665,0.0011248209048062563,0.0064697265625,6.135039329528809
2546,5214208,514,0.47335041403770445,10.02,307,-0.006734773516654968,0.06590098142623901,1.1174036264419556,0.0013611060567200184,0.0096435546875,6.160301208496094
2547,5216256,514,0.5621900802850723,9.12,325,-0.008699353784322739,0.07075638324022293,1.0743862390518188,0.002682641614228487,0.0069580078125,6.019925117492676
2548,5218304,514,0.513067769408226,9.04,314,-0.0076722390949726105,0.07075923681259155,1.0870752334594727,0.0016584787517786026,0.0091552734375,5.919319152832031
2549,5220352,514,0.5322644627094268,9.27,316,-0.007648555561900139,0.06504027545452118,1.097655177116394,0.0018264399841427803,0.00732421875,5.832588195800781
2550,5222400,514,0.4828148776292801,9.5,314,-0.0025693215429782867,0.06896720081567764,1.1066675186157227,0.0009231376461684704,0.0032958984375,6.30160665512085
2551,5224448,514,0.47287437915802,9.23,316,-0.007294926792383194,0.06781917065382004,1.132878065109253,0.0019773095846176147,0.00439453125,5.998990535736084
2552,5226496,514,0.422428098320961,10.91,296,0.000769302248954773,0.061962153762578964,1.153476595878601,0.002690663794055581,0.009521484375,6.402927398681641
2553,5228544,514,0.4926809936761856,9.09,322,-0.001953642815351486,0.06928159296512604,1.1434075832366943,0.0021030863281339407,0.0135498046875,6.1085405349731445
2554,5230592,514,0.5026363641023636,9.33,312,-0.003555833362042904,0.07405652105808258,1.1252830028533936,0.0003363499417901039,0.0035400390625,6.311466217041016
2555,5232640,514,0.4634099185466766,10.41,297,-0.0036429697647690773,0.06299978494644165,1.135043740272522,0.0007368142250925303,0.0018310546875,6.251751899719238
2556,5234688,514,0.501952064037323,10.29,303,0.001413632184267044,0.06490552425384521,1.1309480667114258,0.0019301397260278463,0.0057373046875,6.196675777435303
2557,5236736,514,0.4931570267677307,10.09,302,-0.006161374971270561,0.06531952321529388,1.113694667816162,0.0011727625969797373,0.0057373046875,6.345014572143555
2558,5238784,514,0.5228595042228699,9.2,325,-0.0009867874905467033,0.06981351971626282,1.101468801498413,0.0007752995006740093,0.005126953125,6.0271077156066895
2559,5240832,514,0.4636033058166504,9.46,322,-0.0019704848527908325,0.06864072382450104,1.1064742803573608,0.0010011016856878996,0.00341796875,6.026810646057129
2560,5242880,514,0.512606611251831,9.77,297,-0.002222544513642788,0.06345409899950027,1.0538110733032227,0.0008050082251429558,0.0035400390625,6.444438457489014
2561,5244928,514,0.4636033058166504,9.59,302,-0.0026962831616401672,0.06198141351342201,1.1378281116485596,0.0006871235091239214,0.0037841796875,5.9633469581604
2562,5246976,514,0.5326809906959533,9.02,318,-0.0028426330536603928,0.06871355324983597,1.0917094945907593,0.0015627546235918999,0.0076904296875,6.27713680267334
2563,5249024,514,0.4335289239883423,9.54,310,-0.007069675251841545,0.06853975355625153,1.0707213878631592,0.0010460568591952324,0.0050048828125,6.050552845001221
2564,5251072,514,0.473752064704895,9.9,315,-0.005357213318347931,0.06942004710435867,1.057477593421936,0.0012188737746328115,0.004638671875,6.011757850646973
2565,5253120,513,0.4638710743188858,9.48,316,-0.005225218366831541,0.0681157335639,1.0656944513320923,0.0007803516928106546,0.007568359375,5.77117395401001
2566,5255168,513,0.5130380183458328,9.57,310,-0.0069605503231287,0.06679356843233109,1.057421326637268,0.0008308067917823792,0.005859375,5.7656660079956055
2567,5257216,513,0.4834099197387695,9.54,319,-0.004309477284550667,0.06980589032173157,0.9904467463493347,0.001095144310966134,0.009033203125,6.024789810180664
2568,5259264,513,0.5428743821382522,9.24,320,-0.006433619186282158,0.06990335881710052,1.039893388748169,0.001627516932785511,0.0032958984375,5.933773040771484
2569,5261312,513,0.5020413225889206,10.06,316,-0.0011723879724740982,0.06921876221895218,1.0488967895507812,0.0012656203471124172,0.005615234375,5.833836555480957
2570,5263360,513,0.43421322286129,10.13,310,-0.00708544347435236,0.06461728364229202,1.0500764846801758,0.001222372753545642,0.005859375,5.88777494430542
2571,5265408,513,0.48271074414253234,9.35,322,-0.0035781171172857285,0.07170551270246506,1.0307807922363281,0.0005426595453172922,0.0050048828125,5.969708442687988
2572,5267456,513,0.5723239648342132,8.89,330,-0.00282302126288414,0.07252493500709534,1.0166963338851929,0.0005284666549414396,0.0025634765625,5.774641513824463
2573,5269504,513,0.4638115704059601,9.01,326,-0.004921022802591324,0.07059329748153687,1.0558843612670898,0.0016851767431944609,0.0084228515625,5.729081153869629
2574,5271552,513,0.5333057886362076,8.7,342,-0.005340892821550369,0.07262736558914185,1.0097910165786743,0.0011277312878519297,0.006591796875,5.879919528961182
2575,5273600,513,0.5527702498435975,8.96,326,-0.0021674856543540955,0.06953201442956924,1.0209035873413086,0.00032984232529997826,0.0064697265625,6.000519752502441
2576,5275648,513,0.5133206629753113,9.08,320,-0.002173691987991333,0.0684942752122879,1.0487489700317383,0.0005739969201385975,0.0013427734375,6.070029258728027
2577,5277696,513,0.5713123953342438,10.41,319,-0.003905529621988535,0.06860905885696411,1.0962640047073364,0.000563599169254303,0.0032958984375,6.016334056854248
2578,5279744,513,0.5224132239818573,9.17,324,-0.004460930824279785,0.0687769278883934,1.059264063835144,0.0011614805553108454,0.0035400390625,6.099164009094238
2579,5281792,513,0.43315702497959135,9.76,313,-0.0064858365803956985,0.06706211715936661,1.0744318962097168,0.0005582021549344063,0.0029296875,5.891761779785156
2580,5283840,513,0.47265124022960664,9.48,319,-0.004925652872771025,0.068656325340271,1.0725467205047607,0.0009929798543453217,0.0064697265625,6.0431671142578125
2581,5285888,513,0.45311239659786223,9.42,302,-0.0019340328872203827,0.06797898560762405,1.0957872867584229,0.0007435206789523363,0.0068359375,6.1909661293029785
2582,5287936,513,0.4828148752450943,9.46,318,-0.004940580576658249,0.06734626740217209,1.075904369354248,0.0007478855550289154,0.003662109375,6.0648040771484375
2583,5289984,513,0.50303801715374,9.64,317,-0.007079385221004486,0.07086870074272156,1.0897330045700073,0.0008844791445881128,0.0032958984375,6.019391059875488
2584,5292032,513,0.4927404952049255,10.14,303,-0.002885492518544197,0.06908669322729111,1.062298059463501,0.00152708706445992,0.004150390625,6.177218437194824
2585,5294080,513,0.5819520688056946,9.5,318,-0.005789102986454964,0.07112064212560654,1.0501432418823242,0.001326187513768673,0.0057373046875,6.161780834197998
2586,5296128,513,0.4736330562829971,9.42,320,-0.000786948949098587,0.0660499632358551,1.1002525091171265,0.0005257066804915667,0.0042724609375,5.864777088165283
2587,5298176,513,0.5615950405597687,9.16,327,-0.0035411082208156586,0.07081498205661774,1.0388703346252441,0.0015741523820906878,0.007568359375,5.8271918296813965
2588,5300224,513,0.492472727894783,10.3,305,-0.004025077447295189,0.06913889944553375,1.0522730350494385,0.001279429066926241,0.00732421875,5.9708452224731445
2589,5302272,513,0.4439900815486908,9.04,314,-0.006741700693964958,0.06438760459423065,1.091871976852417,0.0017664383631199598,0.0098876953125,5.983999729156494
2590,5304320,513,0.5529190087318421,8.44,331,-0.002404632046818733,0.0742223709821701,1.0575287342071533,0.0006292483303695917,0.0030517578125,5.8263726234436035
2591,5306368,513,0.4528892558813095,9.81,312,-0.004230394959449768,0.06747357547283173,1.0386649370193481,0.0012929141521453857,0.0064697265625,5.976334095001221
2592,5308416,513,0.44330578684806826,9.7,317,-0.0013348786160349846,0.06788099557161331,1.0405417680740356,0.0013062611687928438,0.0062255859375,5.731518745422363
2593,5310464,513,0.4628595048189163,9.68,318,-0.002192082814872265,0.06822815537452698,1.0735539197921753,0.0011127071920782328,0.0054931640625,5.977723598480225
2594,5312512,513,0.4335884290933609,10.6,311,-0.003075236454606056,0.06497488915920258,1.1071075201034546,0.0010288050398230553,0.0029296875,5.961849689483643
2595,5314560,513,0.49266611695289614,9.84,300,-0.00431450828909874,0.06511050462722778,1.1006628274917603,0.0008171792142093182,0.0072021484375,6.040548801422119
2596,5316608,513,0.49259173572063447,9.87,313,-0.00617616344243288,0.0679379403591156,1.0690584182739258,0.0008259983733296394,0.0045166015625,6.061953544616699
2597,5318656,513,0.5025024783611297,9.28,325,-0.0026735346764326096,0.07203434407711029,1.0816224813461304,0.0014326702803373337,0.0093994140625,5.776752471923828
2598,5320704,513,0.4726066118478775,9.75,317,-0.002494819462299347,0.06633634865283966,1.115495204925537,0.0005182812456041574,0.0050048828125,5.920796871185303
2599,5322752,513,0.4925471067428589,10.17,312,-0.004948965273797512,0.06875476241111755,1.1107289791107178,0.0006983913481235504,0.0069580078125,6.119811534881592
2600,5324800,513,0.5221008276939392,9.81,318,-0.007485976442694664,0.07185995578765869,1.1153959035873413,0.00200887443497777,0.0059814453125,6.024633407592773
2601,5326848,513,0.5026363629102707,9.38,316,-0.0022277329117059708,0.06647701561450958,1.1000514030456543,0.0026335332076996565,0.0064697265625,6.083494663238525
2602,5328896,513,0.4631719022989273,9.04,314,-0.007504582405090332,0.06996233016252518,1.132001519203186,0.0016105903778225183,0.005859375,6.203035354614258
2603,5330944,513,0.5221603292226792,11.17,294,-0.0041438136249780655,0.06372042745351791,1.1153597831726074,0.001606740988790989,0.008544921875,6.053250312805176
2604,5332992,513,0.42460000097751616,9.08,323,-0.007668801583349705,0.06935601681470871,1.0809425115585327,0.0011588938068598509,0.0048828125,6.106912136077881
2605,5335040,513,0.4433652919530868,10.55,304,-0.0049043381586670876,0.05990513786673546,1.1028988361358643,0.000889030983671546,0.00390625,5.998644828796387
2606,5337088,513,0.4237074375152588,10.64,308,-0.0031212358735501766,0.0635615885257721,1.1124403476715088,0.002021028194576502,0.0042724609375,6.267976760864258
2607,5339136,513,0.4540644633769989,8.9,320,-0.005278283730149269,0.07092081010341644,1.107121467590332,0.0011119928676635027,0.005126953125,5.986454486846924
2608,5341184,513,0.5821305811405182,8.9,318,-0.003355029970407486,0.06742691993713379,1.113986849784851,0.00036004302091896534,0.004150390625,5.902318954467773
2609,5343232,513,0.47223471343517304,10.6,292,-0.0026918910443782806,0.06694590300321579,1.1256563663482666,0.0004943443927913904,0.0064697265625,6.046586036682129
2610,5345280,513,0.5120859491825104,9.99,310,-0.008296210318803787,0.06586393713951111,1.1470693349838257,0.0018216990865767002,0.0064697265625,5.836720943450928
2611,5347328,512,0.5221603298187256,9.38,319,-0.0001618359237909317,0.07101663947105408,1.108280897140503,0.0017716395668685436,0.00634765625,5.977925777435303
2612,5349376,512,0.5222942155599594,10.01,308,-0.0030423058196902275,0.06899049133062363,1.09774911403656,0.0005262847989797592,0.00390625,6.085678577423096
2613,5351424,512,0.43410908997058867,9.34,301,0.00030899420380592346,0.06814184039831161,1.1268342733383179,0.0009966599754989147,0.003173828125,6.033176422119141
2614,5353472,512,0.45340991735458375,10.0,301,-0.00523269921541214,0.06587835401296616,1.1095778942108154,0.0006397564429789782,0.0018310546875,6.181495189666748
2615,5355520,512,0.4737966924905777,9.12,315,-0.0039984434843063354,0.07037213444709778,1.0513989925384521,0.0008636186830699444,0.0048828125,6.0834641456604
2616,5357568,512,0.45311239778995516,9.5,316,-0.0024095289409160614,0.07023157179355621,1.0346765518188477,0.001097134780138731,0.0084228515625,6.1329755783081055
2617,5359616,512,0.5616247928142548,9.92,313,-0.005922041833400726,0.06561887264251709,1.0820825099945068,0.0016518260817974806,0.0101318359375,5.933902740478516
2618,5361664,512,0.49326115667819975,9.27,313,-0.0018567978404462337,0.06786859780550003,1.0364059209823608,0.0004995125345885754,0.002197265625,5.998973846435547
2619,5363712,512,0.40391570448875425,9.74,317,-0.003297511488199234,0.06532949209213257,1.0580077171325684,0.0018027117475867271,0.0029296875,6.129685401916504
2620,5365760,512,0.502621488571167,9.17,321,-0.0030331574380397797,0.06919144093990326,1.008678913116455,0.000388389453291893,0.0042724609375,6.028711795806885
2621,5367808,512,0.5824280995130539,8.46,329,-0.001956559717655182,0.07046427577733994,1.0915207862854004,0.0004648363683372736,0.004638671875,5.819915294647217
2622,5369856,512,0.47346942126750946,9.69,317,-0.0011442266404628754,0.06846447288990021,1.0654255151748657,0.0003950633108615875,0.0020751953125,5.9002180099487305
2623,5371904,512,0.5125768607854844,9.7,324,-0.002772875130176544,0.07004319876432419,1.0284996032714844,0.0006569877732545137,0.00244140625,5.989701747894287
2624,5373952,512,0.44437685906887053,8.97,326,-0.008677499368786812,0.07227876037359238,1.0510417222976685,0.002377182012423873,0.010498046875,6.072179794311523
2625,5376000,512,0.4634991753101349,9.07,333,-0.003165770322084427,0.07099559158086777,0.9905713200569153,0.0005361232906579971,0.0025634765625,5.891430377960205
2626,5378048,512,0.4623983472585678,9.97,318,-0.0029166806489229202,0.06579053401947021,1.060971736907959,0.0004083225503563881,0.002685546875,5.897363662719727
2627,5380096,512,0.5128743797540665,9.07,329,-0.007516480982303619,0.0692107081413269,1.0318577289581299,0.002027790527790785,0.0042724609375,5.978580474853516
2628,5382144,512,0.5320859515666961,9.05,325,-0.003379564732313156,0.06866126507520676,1.0031448602676392,0.0007688289042562246,0.0052490234375,5.976011276245117
2629,5384192,512,0.4836925631761551,8.97,317,-0.0017173346132040024,0.07299166172742844,1.0206221342086792,0.0010310669895261526,0.004638671875,5.955181121826172
2630,5386240,512,0.5525322300195694,8.64,334,-0.0010218117386102676,0.06721699237823486,1.0348131656646729,0.0009105326607823372,0.0042724609375,5.746435642242432
2631,5388288,512,0.4934842973947525,8.78,307,-0.008497394621372223,0.0642690509557724,1.0625814199447632,0.0011068845633417368,0.0072021484375,5.961519718170166
2632,5390336,512,0.4806429731845856,11.95,286,-0.0007774010300636292,0.057681046426296234,1.1198909282684326,0.0006110572721809149,0.004150390625,6.19399881362915
2633,5392384,512,0.46143140494823454,10.67,310,-0.001958155073225498,0.06598860770463943,1.0285227298736572,0.0004888942930847406,0.0029296875,5.913352012634277
2634,5394432,512,0.49407934010028837,8.41,328,-0.0049523282796144485,0.06871314346790314,1.0139448642730713,0.0015315564814954996,0.00390625,5.959646701812744
2635,5396480,512,0.4832760357856751,9.37,316,-0.003332697320729494,0.06884713470935822,1.0022627115249634,0.0006632434669882059,0.0032958984375,6.017219066619873
2636,5398528,512,0.4540644633769989,8.73,324,-0.0030085970647633076,0.06802722066640854,1.0036547183990479,0.0004657590761780739,0.0013427734375,5.783459186553955
2637,5400576,512,0.5135586786270142,8.66,330,-0.00423407182097435,0.07266661524772644,0.9921938180923462,0.0012085477355867624,0.003662109375,5.97081995010376
2638,5402624,512,0.5723834735155106,9.05,326,-0.004487574100494385,0.0711744949221611,1.040801763534546,0.00041082478128373623,0.001220703125,5.7333664894104
2639,5404672,512,0.47367768704891206,9.61,317,-0.0020524347200989723,0.0716109573841095,0.9971509575843811,0.0008176085539162159,0.0035400390625,5.954555034637451
2640,5406720,512,0.5526958674192428,8.86,333,-0.0019577015191316605,0.07078450918197632,1.0321755409240723,0.0011214339174330235,0.0067138671875,5.942804336547852
2641,5408768,512,0.5330528938770294,8.76,338,-0.0024802042171359062,0.07237448543310165,0.972313404083252,0.0005562547594308853,0.0028076171875,5.664114475250244
2642,5410816,512,0.5135586774349212,8.47,332,-0.003954363986849785,0.06940753012895584,1.0336220264434814,0.0008890305180102587,0.002197265625,5.640153408050537
2643,5412864,512,0.4836033058166504,9.12,325,-0.006367723923176527,0.07413487881422043,1.0106265544891357,0.001251419074833393,0.00732421875,5.787991046905518
2644,5414912,512,0.4048380172252655,9.26,329,-0.008039494976401329,0.06895332038402557,0.9953632354736328,0.0007378780283033848,0.006591796875,5.710526466369629
2645,5416960,512,0.49363305747509,8.52,333,-0.003444444388151169,0.06989820301532745,0.99139004945755,0.0003301238175481558,0.00244140625,5.712261199951172
2646,5419008,512,0.49358843088150023,8.81,330,-0.0018906006589531898,0.07011869549751282,0.9955452680587769,0.0020218254067003727,0.0107421875,5.826216697692871
2647,5421056,511,0.4830975192785263,9.12,326,-0.0013986118137836456,0.07002028077840805,0.9523593187332153,0.00052084238268435,0.003662109375,6.007457733154297
2648,5423104,511,0.4741537183523178,8.06,338,-0.00544061791151762,0.07337069511413574,0.9729312062263489,0.001307114027440548,0.0093994140625,5.8500075340271
2649,5425152,511,0.4931570243835449,9.28,325,-0.0027685854583978653,0.07082406431436539,0.9437996745109558,0.0006508682854473591,0.0045166015625,5.8713297843933105
2650,5427200,511,0.5032760345935822,8.66,334,-0.007477463688701391,0.07466907799243927,0.9494107961654663,0.0011513703502714634,0.006103515625,5.797043800354004
2651,5429248,511,0.45381156980991366,8.29,340,-0.004152595065534115,0.07162114977836609,0.9948635697364807,0.0006159560289233923,0.0023193359375,5.875650405883789
2652,5431296,511,0.41482313990592956,8.56,345,-0.003117406740784645,0.07598812133073807,0.9044176340103149,0.0004520274233072996,0.0025634765625,5.8608808517456055
2653,5433344,511,0.5031570249795914,9.06,334,-0.0049195680767297745,0.0730089321732521,0.9445087909698486,0.0006665573455393314,0.0030517578125,5.868938446044922
2654,5435392,511,0.5325173574686051,8.92,326,-0.003103339346125722,0.06864403188228607,0.9651677012443542,0.00035322410985827446,0.002685546875,5.855714321136475
2655,5437440,511,0.5627553713321686,8.55,337,-0.004659068770706654,0.06984449177980423,0.9904259443283081,0.0005005283746868372,0.001953125,5.886589050292969
2656,5439488,511,0.5728743821382523,8.53,337,-0.0032024020329117775,0.07105674594640732,0.9804649353027344,0.0009253937751054764,0.006591796875,5.842134475708008
2657,5441536,511,0.5132016521692276,8.61,336,-0.0048013366758823395,0.07325038313865662,0.946899950504303,0.0009660162031650543,0.0064697265625,5.66715145111084
2658,5443584,511,0.5326066112518311,8.78,321,-0.004516260232776403,0.06803382188081741,0.9805878400802612,0.0006451373919844627,0.0028076171875,5.862634181976318
2659,5445632,511,0.48281487703323367,10.03,322,-0.0030511245131492615,0.06798014789819717,0.9526363611221313,0.0016239085234701633,0.006103515625,5.859818458557129
2660,5447680,511,0.45451074361801147,7.64,340,-0.003681998699903488,0.07334096729755402,0.9763583540916443,0.0002715850714594126,0.000244140625,5.662607669830322
2661,5449728,511,0.46364793479442595,9.06,328,-0.006365097127854824,0.07035839557647705,0.9644290208816528,0.0009044855833053589,0.0028076171875,6.0037102699279785
2662,5451776,511,0.5126512396335602,9.39,326,-0.0039245374500751495,0.06825953722000122,0.9668745994567871,0.0009649714920669794,0.0042724609375,5.688179969787598
2663,5453824,511,0.5226363652944565,9.69,335,-0.0006711510941386223,0.07460720092058182,0.9525361657142639,0.0010525381658226252,0.001953125,5.90144157409668
2664,5455872,511,0.4235735535621643,9.37,322,-0.005137436091899872,0.06934520602226257,0.9406130313873291,0.0009653076995164156,0.0067138671875,5.908599853515625
2665,5457920,511,0.44437685966491697,8.68,331,-0.0015714159235358238,0.07213786244392395,0.9432616233825684,0.00023876666091382504,0.002685546875,5.829276084899902
2666,5459968,511,0.45400495767593385,8.8,330,-0.005362308584153652,0.07096804678440094,0.97655189037323,0.0010125353001058102,0.0067138671875,5.769731044769287
2667,5462016,511,0.5924280989170074,8.64,326,-0.003516940400004387,0.07309922575950623,0.9703649878501892,0.0012613758444786072,0.0064697265625,5.974092483520508
2668,5464064,511,0.5419669449329376,9.58,315,-0.0052362773567438126,0.06819236278533936,0.9680416584014893,0.0011085390578955412,0.0040283203125,6.101877689361572
2669,5466112,511,0.513395044207573,9.06,322,-0.00113731250166893,0.07123597711324692,0.9307575225830078,0.0011804744135588408,0.0048828125,6.1708903312683105
2670,5468160,511,0.5420413219928741,9.07,321,-0.0018900912255048752,0.0739472508430481,0.9195711612701416,0.00046935281716287136,0.00732421875,6.146493911743164
2671,5470208,511,0.4043024784326553,8.74,332,-0.001669030636548996,0.07201051712036133,0.9247474670410156,0.0010675850789994001,0.003662109375,5.997158527374268
2672,5472256,511,0.5629785126447677,8.16,343,-0.004019688814878464,0.07363052666187286,0.9566671848297119,0.00038257217966020107,0.0015869140625,5.876892566680908
2673,5474304,511,0.4742876029014587,8.67,345,-0.002976777032017708,0.07457301765680313,0.9157117605209351,0.0007513293530791998,0.0050048828125,5.920971870422363
2674,5476352,511,0.4929636359214783,9.15,328,-0.0030231252312660217,0.07563535124063492,0.9414826035499573,0.00043571460992097855,0.0029296875,6.058187007904053
2675,5478400,511,0.4742578512430191,8.01,344,-0.004540184512734413,0.07483131438493729,0.982239842414856,0.0011516944505274296,0.0028076171875,5.7876105308532715
2676,5480448,511,0.4244066113233566,8.61,333,-0.0068314094096422195,0.06916853040456772,0.9218733906745911,0.001484226668253541,0.0054931640625,5.865028381347656
2677,5482496,511,0.5325917345285416,9.09,329,-0.004658662248402834,0.07192134112119675,0.9477711915969849,0.0004939183127135038,0.003173828125,6.043682098388672
2678,5484544,511,0.4737371897697449,8.27,339,-0.0026901885867118835,0.07148195803165436,0.9568897485733032,0.00037201843224465847,0.0013427734375,5.844749450683594
2679,5486592,511,0.47427272737026216,8.33,339,-0.005965028889477253,0.07276822626590729,0.9329904317855835,0.0006968509405851364,0.001220703125,5.754519462585449
2680,5488640,511,0.47394545435905455,8.32,353,-0.005952056497335434,0.07692328840494156,0.9297966957092285,0.0008670927491039038,0.007080078125,5.898374557495117
2681,5490688,511,0.4146892577409744,8.5,333,-0.002737991977483034,0.07008998095989227,0.9507272839546204,0.00025199237279593945,0.0018310546875,5.8675856590271
2682,5492736,511,0.5330826449394226,9.08,332,-0.0069637056440114975,0.07018265873193741,0.9585599303245544,0.0008288656827062368,0.0030517578125,5.915099620819092
2683,5494784,511,0.5527256196737289,8.24,346,-0.006755318492650986,0.07489466667175293,0.9829487800598145,0.0011039136443287134,0.0048828125,5.882565975189209
2684,5496832,511,0.4742132240533829,8.53,335,-0.005424258299171925,0.07133405655622482,0.9669530987739563,0.0008340664207935333,0.003662109375,5.917584419250488
2685,5498880,511,0.5231272727251053,8.92,327,-0.0020164139568805695,0.07299620658159256,0.9605011940002441,0.0001855699811130762,0.00146484375,5.965671062469482
2686,5500928,511,0.5532462805509567,8.38,333,-0.0022382456809282303,0.0717875212430954,0.9867783188819885,0.000531480647623539,0.0023193359375,5.883971691131592
2687,5502976,511,0.5623388439416885,8.66,330,-0.003704838454723358,0.0717426985502243,0.9728893637657166,0.0008603907190263271,0.0040283203125,5.756271839141846
2688,5505024,511,0.5031867772340775,8.89,333,-0.004863306879997253,0.07227899134159088,0.9836679697036743,0.00029219710268080235,0.0025634765625,5.847804546356201
2689,5507072,511,0.5722942161560058,9.2,329,-0.0016694553196430206,0.07660842686891556,1.034016489982605,0.00031391880474984646,0.002685546875,5.978273391723633
2690,5509120,511,0.5234545457363129,9.14,323,-0.004982909187674522,0.07059552520513535,0.9978640079498291,0.0007164010312408209,0.001708984375,5.9312357902526855
2691,5511168,511,0.46407933831214904,8.68,337,-0.00247146375477314,0.07121341675519943,0.9359999299049377,0.0006898520514369011,0.00390625,5.949852466583252
2692,5513216,511,0.4934396696090698,8.47,333,-0.0024251211434602737,0.07056070119142532,1.0012658834457397,0.0004897010512650013,0.0029296875,5.948025703430176
2693,5515264,511,0.4444661158323288,8.63,334,-0.005217451602220535,0.07141047716140747,1.021652102470398,0.000427422346547246,0.0018310546875,5.913422107696533
2694,5517312,511,0.5325322324037551,9.41,324,-0.002627350389957428,0.07108373939990997,1.0056838989257812,0.0015387085732072592,0.0042724609375,6.284049034118652
2695,5519360,511,0.5034247934818268,8.51,330,-0.0029136454686522484,0.07088489830493927,0.9579535722732544,0.0007188930176198483,0.0025634765625,5.905133247375488
2696,5521408,511,0.47354380071163177,8.61,340,-0.0010328590869903564,0.0734095349907875,0.9570808410644531,0.0006799919065088034,0.00146484375,5.955018520355225
2697,5523456,511,0.5037818169593811,8.45,329,-0.0062276702374219894,0.071722112596035,0.9894652366638184,0.0011004481930285692,0.0030517578125,6.063758850097656
2698,5525504,511,0.48340991854667664,8.66,320,-0.003421848639845848,0.06605605036020279,0.9857339859008789,0.00040921359322965145,0.0020751953125,6.017230987548828
2699,5527552,511,0.5524429732561111,9.12,333,-0.00018628686666488647,0.07353174686431885,0.954600989818573,0.0002287551760673523,0.002685546875,5.95680570602417
2700,5529600,511,0.44443636417388915,8.71,334,-0.0015638582408428192,0.07473605871200562,0.9533588886260986,0.0012534623965620995,0.0032958984375,5.901543617248535
2701,5531648,511,0.48297851264476777,9.31,328,-0.0027060173451900482,0.07311686873435974,0.9549998044967651,0.00038628093898296356,0.004150390625,5.805809020996094
2702,5533696,511,0.5339157009124755,8.02,343,-0.001948593184351921,0.07180014252662659,0.9200382232666016,0.000164420111104846,0.0023193359375,5.891679763793945
2703,5535744,511,0.4636776852607727,9.28,326,-0.004526417702436447,0.07152161002159119,0.8797939419746399,0.0007255340460687876,0.0035400390625,6.244992256164551
2704,5537792,511,0.3753735536336899,8.5,343,-0.004372527822852135,0.07553158700466156,0.8973225355148315,0.000552282202988863,0.002197265625,5.851856708526611
2705,5539840,511,0.48309752106666565,8.59,339,-0.00322394585236907,0.0708191767334938,0.8839235901832581,0.00020229374058544636,0.0010986328125,5.85582160949707
2706,5541888,511,0.5228595048189163,8.03,353,-0.0029401034116744995,0.07608387619256973,0.939667820930481,0.0004880873020738363,0.004638671875,5.872072219848633
2707,5543936,511,0.5135140496492386,8.24,343,-0.0012706592679023743,0.07572578638792038,0.9128124713897705,0.0001471030991524458,0.00390625,5.973482608795166
2708,5545984,511,0.4542727279663086,8.78,329,-0.0016029654070734978,0.0700400099158287,0.9439734220504761,0.0007952547166496515,0.002197265625,5.858617305755615
2709,5548032,511,0.5037223148345947,9.06,328,-0.0009611453860998154,0.07217388600111008,0.9914942979812622,0.00040696864016354084,0.00341796875,6.141443252563477
2710,5550080,511,0.4934694212675095,8.85,329,-0.0016408134251832962,0.07319726794958115,0.9463306665420532,0.0002828366123139858,0.00341796875,5.964656352996826
2711,5552128,511,0.5613719022274017,8.9,310,-0.0033484436571598053,0.06782916933298111,1.0420808792114258,0.0002550987992435694,0.0030517578125,6.079124450683594
2712,5554176,511,0.4251504135131836,8.18,326,-0.0014199912548065186,0.06502041220664978,1.03300940990448,0.0003993758000433445,0.0009765625,5.9459075927734375
2713,5556224,511,0.4535884314775467,8.64,327,-0.002337236888706684,0.06725019961595535,0.9844658374786377,0.0004348745569586754,0.0023193359375,6.010367393493652
2714,5558272,511,0.6015504151582718,9.24,324,0.0006230315193533897,0.07060888409614563,0.9735841751098633,0.00040044100023806095,0.0010986328125,6.115922927856445
2715,5560320,511,0.5130380135774613,9.03,328,-0.0026295948773622513,0.06979955732822418,0.9298415184020996,0.00024795951321721077,0.0018310546875,5.943376064300537
2716,5562368,511,0.5025322312116622,9.25,335,-0.005102171562612057,0.07094799727201462,0.9418224096298218,0.0007837004959583282,0.0018310546875,5.972616672515869
2717,5564416,510,0.3848975211381912,8.72,330,-0.0022231265902519226,0.07012458890676498,0.9269516468048096,0.0002597253769636154,0.002197265625,6.0501885414123535
2718,5566464,510,0.454376859664917,7.8,339,-0.000791291706264019,0.07067524641752243,0.9405889511108398,6.773811765015125e-05,0.001220703125,5.963253021240234
2719,5568512,510,0.5228743797540665,8.87,339,-0.003139117732644081,0.0696750208735466,0.9011872410774231,0.00065755401737988,0.002197265625,6.110864162445068
2720,5570560,510,0.44445123851299284,8.38,341,-0.0028100237250328064,0.07370564341545105,0.9148890376091003,0.00021312781609594822,0.0006103515625,5.8466386795043945
2721,5572608,510,0.5227702474594116,8.77,334,-0.004452665336430073,0.07325445115566254,0.9079491496086121,0.0007555396296083927,0.0028076171875,6.008585453033447
2722,5574656,510,0.5630231404304504,8.34,335,-0.001543186604976654,0.07623790204524994,0.9312784671783447,0.0003709911834448576,0.0015869140625,5.990367412567139
2723,5576704,510,0.5526809924840927,9.24,332,-0.0016937870532274246,0.07133139669895172,0.9503700733184814,0.00028666784055531025,0.000732421875,5.955440521240234
2724,5578752,510,0.5229933893680573,8.63,338,-0.0019168499857187271,0.07240059226751328,0.9435665607452393,0.0007036451715976,0.002197265625,5.954446792602539
2725,5580800,510,0.5132462841272354,9.2,327,-1.756753772497177e-05,0.0712902620434761,0.9671943187713623,0.00022956239990890026,0.0010986328125,6.155156135559082
2726,5582848,510,0.4634396702051163,8.63,335,-0.0007621143013238907,0.06886053085327148,0.9331541061401367,0.0008138502016663551,0.001708984375,6.246016025543213
2727,5584896,510,0.572591735124588,8.56,334,-0.002636813558638096,0.07146475464105606,0.9427098631858826,0.00047723809257149696,0.0025634765625,6.083459377288818
2728,5586944,510,0.5032611572742463,8.27,338,-0.0005844170227646828,0.07369918376207352,0.9820813536643982,0.000657899072393775,0.00146484375,5.8346099853515625
2729,5588992,510,0.47373718917369845,8.65,347,-0.0019307909533381462,0.07173191010951996,0.9268935322761536,0.00028588157147169113,0.0037841796875,5.902623176574707
2730,5591040,510,0.4937223142385483,8.55,343,-0.0008232668042182922,0.07580217719078064,0.9203237295150757,0.0005742597859352827,0.0009765625,6.036710262298584
2731,5593088,510,0.3946892583370209,8.42,343,-0.003941413015127182,0.07323656976222992,0.9399809241294861,0.00045107118785381317,0.002685546875,5.820367336273193
2732,5595136,510,0.5623090904951096,8.59,343,-0.003150470554828644,0.07337939739227295,0.9645193815231323,0.0002815865445882082,0.000732421875,5.912530422210693
2733,5597184,510,0.5326066118478775,9.22,333,-0.00228288397192955,0.07392863184213638,0.9734865427017212,0.0008971365168690681,0.0028076171875,6.042921543121338
2734,5599232,510,0.5235437995195389,8.2,339,-0.0017752349376678467,0.0726807489991188,1.000633955001831,0.0006026236806064844,0.0028076171875,5.971266269683838
2735,5601280,510,0.5436330592632294,7.99,339,-0.0008009457960724831,0.0681692361831665,0.9318503141403198,0.0003339999821037054,0.0008544921875,6.133484840393066
2736,5603328,510,0.45416859686374667,8.86,325,-0.0013478714972734451,0.06925919651985168,0.978002667427063,0.00022113556042313576,0.0018310546875,6.224939823150635
2737,5605376,510,0.5919669401645661,9.5,316,-0.00014737248420715332,0.07042594254016876,0.9782960414886475,0.0004186986479908228,0.00390625,6.2252960205078125
2738,5607424,510,0.5426512384414672,9.36,334,-0.000437361653894186,0.07369836419820786,0.9565783739089966,0.00037087895907461643,0.00244140625,6.219649314880371
2739,5609472,510,0.46412396609783174,8.33,341,-0.003070240840315819,0.07357018440961838,0.9606364965438843,0.0007542173843830824,0.003173828125,6.063516139984131
2740,5611520,510,0.5525024795532226,9.1,332,-0.003014136105775833,0.07039057463407516,0.9433975219726562,0.0004431549459695816,0.00244140625,6.004106044769287
2741,5613568,510,0.5126214873790741,9.13,321,-0.0032354816794395447,0.06621955335140228,0.9779346585273743,0.00028263009153306484,0.0023193359375,6.216274738311768
2742,5615616,510,0.4444661146402359,8.46,348,-0.004538028500974178,0.0736396461725235,0.9196033477783203,0.0004546928685158491,0.000244140625,6.101329326629639
2743,5617664,510,0.5137223142385483,8.19,331,-0.0037414999678730965,0.07138960063457489,0.9718785881996155,0.0005867586005479097,0.003662109375,6.224636077880859
2744,5619712,510,0.5437371903657913,8.37,326,-0.002970039378851652,0.06552805751562119,1.008080005645752,0.0007385320495814085,0.001953125,6.298214435577393
2745,5621760,510,0.4830082643032074,9.21,324,-0.0015292372554540634,0.07144317030906677,0.9792178273200989,0.000821331050246954,0.0069580078125,6.3526082038879395
2746,5623808,510,0.47378181755542753,8.83,334,-0.002351695206016302,0.07523442059755325,0.9742920994758606,0.00041103363037109375,0.0037841796875,6.240586757659912
2747,5625856,510,0.4446148771047592,8.8,336,-0.0021666958928108215,0.07116959989070892,0.952049970626831,0.00034877355210483074,0.0003662109375,6.403557300567627
2748,5627904,510,0.4733652877807617,8.8,329,-0.001421019434928894,0.07143153250217438,0.9718265533447266,0.0005537448450922966,0.0025634765625,6.362543106079102
2749,5629952,510,0.49404958486557005,8.58,329,-0.001415083184838295,0.07351236045360565,0.9666951894760132,0.00034307106398046017,0.0020751953125,6.225258827209473
2750,5632000,510,0.503439668416977,8.67,328,0.0014644060283899307,0.07199013233184814,0.9538448452949524,0.0012355335056781769,0.0040283203125,6.038243293762207
2751,5634048,510,0.5030528903007507,8.67,329,-0.005346088670194149,0.07256066054105759,0.9682592153549194,0.0006115534342825413,0.001220703125,6.200898170471191
2752,5636096,510,0.5718776839971542,9.2,328,-0.004370333626866341,0.07299608737230301,0.9625451564788818,0.001172761432826519,0.002197265625,6.282557010650635
2753,5638144,510,0.5236330562829972,8.37,335,-0.002525904681533575,0.06785225123167038,0.9763796925544739,0.00029985024593770504,0.00244140625,5.7633442878723145
2754,5640192,510,0.4940198349952698,8.24,333,-0.0021456778049468994,0.07437913864850998,0.975699245929718,0.0005402755923569202,0.001953125,6.098642826080322
2755,5642240,510,0.4546000009775162,8.51,333,-0.0008887732401490211,0.07554382085800171,0.9753637909889221,0.0010043489746749401,0.005859375,6.109002590179443
2756,5644288,510,0.5620859497785569,9.04,331,0.00027822889387607574,0.07030237466096878,0.9652851223945618,0.0006463073659688234,0.00341796875,6.105818271636963
2757,5646336,510,0.5230975210666656,9.35,328,-0.005600444972515106,0.07095935940742493,0.9561609625816345,0.0004477282054722309,0.001953125,6.025845527648926
2758,5648384,510,0.3950611597299576,8.28,342,-0.0037141181528568268,0.07639321684837341,0.9730918407440186,0.0009947039652615786,0.004150390625,6.060380935668945
2759,5650432,510,0.4932909095287323,8.73,328,-0.0006877761334180832,0.07358606904745102,0.9496191740036011,0.001327674137428403,0.0052490234375,6.011800765991211
2760,5652480,510,0.4930528903007507,9.33,338,-0.0016789408400654793,0.07276551425457001,1.0019917488098145,0.0008803131058812141,0.00439453125,5.8572468757629395
2761,5654528,510,0.4543768608570099,8.39,341,-0.004502745345234871,0.07134252786636353,1.0170835256576538,0.0009925593622028828,0.002197265625,5.698422431945801
2762,5656576,510,0.48364793360233305,8.88,335,-0.005878880620002747,0.06763345003128052,0.9762325286865234,0.000635411124676466,0.0018310546875,6.024893760681152
2763,5658624,509,0.4835586756467819,9.98,322,-0.002659156918525696,0.07049964368343353,0.9773856401443481,0.00044258078560233116,0.0020751953125,6.340047836303711
2764,5660672,509,0.5129785120487214,9.01,333,-0.0007414445281028748,0.0750117376446724,0.9427977204322815,0.00013678008690476418,0.0008544921875,6.060011386871338
2765,5662720,509,0.4736181837320328,8.68,331,-0.00234939344227314,0.07244178652763367,0.96769779920578,0.00031503522768616676,0.0018310546875,5.872322082519531
2766,5664768,509,0.4743917346000671,8.22,342,-0.0017368961125612259,0.07652859389781952,0.990112841129303,0.00020726467482745647,0.001220703125,5.852492332458496
2767,5666816,509,0.5328595048189163,8.99,333,-0.003041501622647047,0.07321547716856003,0.9814298748970032,0.000495934160426259,0.0013427734375,6.108642101287842
2768,5668864,509,0.49269586741924287,8.94,336,-0.005219312384724617,0.0696224793791771,0.9212725758552551,0.0005253255367279053,0.0010986328125,6.019571781158447
2769,5670912,509,0.5136181837320328,7.93,341,-0.003345973789691925,0.0739104300737381,0.9484972953796387,0.00041188066825270653,0.0020751953125,5.92419958114624
2770,5672960,509,0.5335586798191071,8.53,329,-0.0013448875397443771,0.0716056302189827,0.9494918584823608,0.00024745077826082706,0.0010986328125,6.0372748374938965
2771,5675008,509,0.3849123960733414,8.67,335,-0.0008751470595598221,0.07039814442396164,0.9579141139984131,0.001288172323256731,0.0013427734375,5.956832408905029
2772,5677056,509,0.4446446287631989,7.93,331,-0.002498728223145008,0.0743694081902504,0.9650814533233643,0.000674369977787137,0.001220703125,5.898891925811768
2773,5679104,509,0.47422809720039366,8.81,330,-0.004735881462693214,0.07169698923826218,0.9759963154792786,0.0006855491083115339,0.002197265625,5.949172019958496
2774,5681152,509,0.5321454536914826,9.35,326,-0.0023932140320539474,0.07125988602638245,1.0182538032531738,0.00039804144762456417,0.0009765625,6.069624900817871
2775,5683200,509,0.46293388545513153,9.36,321,-0.0029692575335502625,0.06784369796514511,1.0119497776031494,0.0004411269910633564,0.001708984375,6.088186740875244
2776,5685248,509,0.5424876028299331,8.92,336,-0.0040279957465827465,0.0720205307006836,0.9599120020866394,0.0004179414827376604,0.0006103515625,6.0147881507873535
2777,5687296,509,0.5424578511714935,8.71,332,-0.0016337214037775993,0.0735512524843216,0.9852313995361328,0.0003018835559487343,0.00146484375,6.022171497344971
2778,5689344,509,0.4742281001806259,7.87,338,-0.0030543599277734756,0.07546983659267426,0.9994072914123535,0.0002782486844807863,0.0015869140625,5.834518909454346
2779,5691392,509,0.4244512391090393,8.89,331,-0.0007372796535491943,0.07546669244766235,0.958991527557373,0.00027875881642103195,0.0015869140625,6.074822425842285
2780,5693440,509,0.5230826443433761,8.98,328,-0.0013367608189582825,0.07070718705654144,0.9662991166114807,0.0004270852077752352,0.0018310546875,6.016263008117676
2781,5695488,509,0.43360330641269684,9.28,332,-0.002967430278658867,0.07431376725435257,0.9791859984397888,0.00022833561524748802,0.0010986328125,6.097248077392578
2782,5697536,509,0.5614760345220566,9.55,314,-0.001278742216527462,0.06499071419239044,1.0029021501541138,0.0002420353703200817,0.0006103515625,6.1862664222717285
2783,5699584,509,0.5325619846582412,8.63,330,-0.003255316987633705,0.0699203833937645,1.0331828594207764,0.0007650351617485285,0.0020751953125,5.958254814147949
2784,5701632,509,0.5036628085374832,8.24,332,-0.00014512240886688232,0.06759608536958694,0.9871188998222351,0.00017209211364388466,0.0013427734375,6.191488742828369
2785,5703680,509,0.5726958674192428,8.53,343,-0.003112311474978924,0.07504940032958984,0.9643579721450806,0.0006920513696968555,0.0023193359375,6.085383415222168
2786,5705728,509,0.37538843154907225,8.9,332,-0.0005000405944883823,0.0730457752943039,0.996054470539093,8.108187466859818e-05,0.00048828125,6.182519435882568
2787,5707776,509,0.4633206641674042,9.16,321,-0.0023496043868362904,0.06572087109088898,0.999748945236206,0.0004039602354168892,0.0015869140625,6.158550262451172
2788,5709824,509,0.4342727279663086,9.09,328,-0.004117194563150406,0.07192469388246536,0.9825677871704102,0.00046730157919228077,0.0015869140625,6.094671249389648
2789,5711872,509,0.424376859664917,8.75,334,-0.003302430734038353,0.07031428068876266,1.0022857189178467,0.0006141355261206627,0.0023193359375,6.013679504394531
2790,5713920,509,0.39393057823181155,9.04,329,-0.0033827833831310272,0.06873809546232224,0.9628222584724426,0.00047566485591232777,0.0009765625,6.235358238220215
2791,5715968,509,0.4822198349237442,9.74,310,0.0011352971196174622,0.0694459080696106,1.0483542680740356,0.0005910431500524282,0.002197265625,6.356768608093262
2792,5718016,509,0.5525619846582412,8.74,325,-0.006052911281585693,0.06804345548152924,0.9831510782241821,0.0007459956686943769,0.002197265625,6.2315216064453125
2793,5720064,509,0.4542280995845795,8.18,333,-0.00046933069825172424,0.07603470981121063,1.0121489763259888,0.00026129954494535923,0.0009765625,6.344222545623779
2794,5722112,509,0.40400496006011966,10.19,305,-0.00242643803358078,0.06866426765918732,1.0336393117904663,0.00047228229232132435,0.0035400390625,6.027972221374512
2795,5724160,509,0.39492727279663087,9.12,325,-0.0008306475356221199,0.0737471953034401,0.998397707939148,0.00010108598507940769,0.000732421875,6.26561164855957
2796,5726208,508,0.5127107441425324,8.99,336,-0.001469634473323822,0.0712517648935318,0.99885493516922,0.0005783047527074814,0.0006103515625,6.050039291381836
2797,5728256,508,0.5720115715265274,9.11,336,9.655021131038666e-05,0.06856188923120499,0.9913400411605835,0.0002303894143551588,0.0003662109375,6.055629730224609
2798,5730304,508,0.5718479353189468,9.2,329,-0.001289614476263523,0.06773442029953003,0.9789354801177979,8.21966677904129e-05,0.0006103515625,6.074873924255371
2799,5732352,508,0.5428000020980835,8.68,340,-0.0026694349944591522,0.07540788501501083,1.034062147140503,0.0005513813812285662,0.0010986328125,6.143919467926025
2800,5734400,508,0.4935289263725281,8.93,317,-0.0007054060697555542,0.06906075775623322,1.0206018686294556,0.0004055413883179426,0.002685546875,6.0956573486328125
2801,5736448,508,0.4929190081357956,9.86,309,-0.003451685421168804,0.06828945875167847,1.0101178884506226,0.000565915135666728,0.000732421875,6.255218982696533
2802,5738496,508,0.46422810077667237,8.63,327,-0.0015685465186834335,0.07074569165706635,0.9947298765182495,0.00017059314996004105,0.0006103515625,6.306802272796631
2803,5740544,508,0.4833504146337509,8.71,340,-0.005129372701048851,0.07216443121433258,0.9977251887321472,0.0004639385733753443,0.0013427734375,6.017447471618652
2804,5742592,508,0.5328148752450943,9.32,332,-0.004865122959017754,0.0721697211265564,1.0688495635986328,0.0006334888748824596,0.0015869140625,6.239412307739258
2805,5744640,508,0.4935586804151535,8.63,328,-0.0013228938914835453,0.07709825038909912,0.9748750925064087,0.00017827097326517105,0.0003662109375,6.348398208618164
2806,5746688,508,0.4740793389081955,8.09,337,9.477231651544571e-05,0.07491521537303925,1.0098952054977417,8.732476271688938e-05,0.000732421875,6.274534702301025
2807,5748736,508,0.5126958680152893,9.34,319,-0.002737371250987053,0.06870834529399872,1.012743353843689,0.0002361054066568613,0.0009765625,6.160961151123047
2808,5750784,508,0.443662810921669,9.34,318,-0.0013884250074625015,0.06934144347906113,1.0015652179718018,0.0004969194997102022,0.000732421875,6.198733329772949
2809,5752832,508,0.48360330700874327,8.51,337,0.0006088893860578537,0.07344657182693481,0.9819413423538208,0.000426215585321188,0.00048828125,6.164041519165039
2810,5754880,508,0.44445124089717863,8.95,331,-0.0015461090952157974,0.07527299970388412,1.0200977325439453,0.00013844389468431473,0.0006103515625,6.0718536376953125
2811,5756928,508,0.46358843088150026,9.01,338,-0.0005734022706747055,0.07337193936109543,1.015363097190857,0.00011421390809118748,0.0001220703125,6.088486671447754
2812,5758976,508,0.6014760333299637,9.11,323,-0.0021974584087729454,0.07340922206640244,1.025838017463684,0.00011148536577820778,0.0001220703125,6.079864501953125
2813,5761024,508,0.35494214951992037,9.07,308,-0.003178616054356098,0.06623005121946335,1.0787750482559204,0.00026443437673151493,0.0003662109375,6.352231025695801
2814,5763072,508,0.5723685950040818,8.96,335,-0.002346613211557269,0.07572183758020401,1.0028246641159058,0.00042857229709625244,0.000732421875,6.404413223266602
2815,5765120,508,0.4438561999797821,8.93,319,-0.0006931163370609283,0.06782008707523346,1.0570580959320068,0.00022692442871630192,0.000732421875,6.2615790367126465
2816,5767168,508,0.5720413243770599,8.79,317,-0.0009402148425579071,0.07072283327579498,1.0772470235824585,0.0009285779669880867,0.0013427734375,6.185523986816406
2817,5769216,508,0.5121008259057999,9.97,310,-0.00022860709577798843,0.06467287242412567,1.058597207069397,0.00019501778297126293,0.00048828125,6.382476329803467
2818,5771264,508,0.5222198343276978,9.14,321,-0.0010813851840794086,0.07286732643842697,1.0169298648834229,0.00019429204985499382,0.0010986328125,6.4787750244140625
2819,5773312,508,0.5326214891672134,9.16,322,-0.003281261771917343,0.06848473846912384,1.0377718210220337,0.0006142393685877323,0.00048828125,6.193589210510254
2820,5775360,508,0.5029190081357956,9.37,317,-0.002164621837437153,0.06943415105342865,1.0699286460876465,0.00016813422553241253,0.0001220703125,6.386584758758545
2821,5777408,508,0.4441090905666351,8.9,318,-0.002595605794340372,0.0706464946269989,1.074558973312378,0.00023635081015527248,0.0006103515625,6.162796974182129
2822,5779456,508,0.3952247929573059,8.18,323,-0.000525912269949913,0.06666587293148041,1.0451124906539917,0.00017982395365834236,0.0008544921875,6.108375549316406
2823,5781504,508,0.5235438013076782,8.54,332,-0.001467440277338028,0.07338742166757584,1.068617820739746,0.000696603674441576,0.0018310546875,6.116304397583008
2824,5783552,508,0.4731867772340774,9.03,319,-0.004172381013631821,0.066138856112957,1.0367000102996826,0.00043321074917912483,0.001220703125,6.192809104919434
2825,5785600,508,0.4929785126447678,9.28,329,-0.00019481591880321503,0.07710909843444824,1.0091557502746582,0.0004298258572816849,0.0009765625,6.219906806945801
2826,5787648,508,0.46345454692840576,9.65,317,-0.001100439578294754,0.07147286087274551,1.0472099781036377,0.00011721882037818432,0.0001220703125,6.096508026123047
2827,5789696,508,0.5422495859861374,9.41,332,-0.0019100578501820564,0.07205464690923691,1.0543153285980225,0.0002604890614748001,0.001708984375,6.1251349449157715
2828,5791744,508,0.5323537194728851,9.19,314,-0.0037465840578079224,0.06955534219741821,1.0577418804168701,0.00043660495430231094,0.0008544921875,6.116347312927246
2829,5793792,508,0.41477851271629335,9.13,317,-0.0027038343250751495,0.06886311620473862,1.067173957824707,0.0004817082080990076,0.00146484375,6.17857551574707
2830,5795840,508,0.5133801645040512,9.15,312,-0.0032133180648088455,0.06893867999315262,1.025697112083435,0.0002800168003886938,0.001220703125,6.329166889190674
2831,5797888,508,0.5024727249145508,9.14,312,-0.0018149800598621368,0.06636334955692291,1.027836561203003,0.00039278692565858364,0.000732421875,6.183701992034912
2832,5799936,508,0.5031570237874985,8.88,323,-0.0034188367426395416,0.07097206264734268,1.0850203037261963,0.0004061970394104719,0.0003662109375,6.205934524536133
2833,5801984,508,0.4632760351896286,9.7,310,-0.0027116313576698303,0.06957767903804779,1.037650465965271,0.00014496035873889923,0.0008544921875,6.5518693923950195
2834,5804032,508,0.36394545435905457,10.34,296,-0.00226643867790699,0.05995675176382065,1.09445321559906,9.2668691650033e-05,0.0,6.471866607666016
2835,5806080,508,0.4834099173545837,8.95,319,-0.0014379825443029404,0.06970386207103729,1.031744360923767,0.00020226486958563328,0.00048828125,6.37298583984375
2836,5808128,508,0.45431735515594485,8.35,331,-0.0033550546504557133,0.0696038156747818,1.0712913274765015,0.000454312888905406,0.0015869140625,6.070321559906006
2837,5810176,508,0.5527553707361221,9.46,315,-0.0016289940103888512,0.07257289439439774,1.0650044679641724,0.000275186263024807,0.0010986328125,6.306604862213135
2838,5812224,508,0.5033057826757431,8.53,327,-0.0010542571544647217,0.06987810879945755,1.051447868347168,0.0004462448414415121,0.0006103515625,6.062715530395508
2839,5814272,508,0.45320165395736695,9.69,317,-0.0039051100611686707,0.06638140976428986,1.0450718402862549,0.0004136958159506321,0.0006103515625,6.3221869468688965
2840,5816320,508,0.42373718798160553,9.64,322,-0.0012971879914402962,0.07547169178724289,1.0650023221969604,0.00024293665774166584,0.000244140625,6.377979755401611
2841,5818368,508,0.46342479169368744,9.12,307,-0.0025099143385887146,0.06489742547273636,1.1173386573791504,0.0008834279142320156,0.0003662109375,6.458461761474609
2842,5820416,508,0.4825471067428589,9.77,326,-0.0022269748151302338,0.070196732878685,1.0807043313980103,0.00015732483007013798,0.000244140625,6.360523223876953
2843,5822464,508,0.5514462786912918,10.06,310,-0.0027072634547948837,0.06890565901994705,1.0441832542419434,0.0002532447688281536,0.00048828125,6.275671482086182
2844,5824512,508,0.38477851390838624,8.93,317,-0.0016258060932159424,0.06850680708885193,1.0625672340393066,0.00012303469702601433,0.00048828125,6.229999542236328
2845,5826560,508,0.49303801834583283,9.34,321,-0.000737273134291172,0.0683208554983139,1.0539849996566772,7.205805741250515e-05,0.0006103515625,5.934848308563232
2846,5828608,508,0.48339504122734067,9.47,319,-0.002795061096549034,0.06879258155822754,1.0484565496444702,0.00034367130137979984,0.0009765625,6.46462345123291
2847,5830656,508,0.4246148753166199,8.74,324,0.0006516836583614349,0.07406717538833618,1.0691640377044678,0.0009456602856516838,0.0037841796875,6.300280570983887
2848,5832704,508,0.5817289239168167,9.84,312,-0.0031670257449150085,0.06669764220714569,1.0595102310180664,0.0002226752694696188,0.00048828125,6.253910064697266
2849,5834752,508,0.5711785125732421,9.51,314,-0.0013861553743481636,0.07080677151679993,1.0659841299057007,0.0001813671551644802,0.0003662109375,6.2350311279296875
2850,5836800,508,0.5427702498435975,8.85,328,-0.0018993709236383438,0.07172153890132904,1.0766277313232422,0.00010317773558199406,0.0,6.136322498321533
2851,5838848,508,0.443499174118042,9.5,311,-0.0005188323557376862,0.06742706149816513,1.0656187534332275,7.946882396936417e-05,0.000244140625,6.084458827972412
2852,5840896,508,0.49351404964923856,8.89,330,-0.002017717808485031,0.07286754995584488,1.053707242012024,0.0001541529782116413,0.0,6.0579423904418945
2853,5842944,508,0.4432909101247787,9.95,310,-0.0004127882421016693,0.06961821019649506,1.0399761199951172,0.00017294124700129032,0.0006103515625,6.3740458488464355
2854,5844992,508,0.542502480149269,8.7,325,-0.0030542397871613503,0.07261134684085846,1.0541930198669434,0.000200007576495409,0.0001220703125,6.295554161071777
2855,5847040,508,0.5224727267026901,9.82,316,0.0005679558962583542,0.07211896032094955,1.048364520072937,8.633453398942947e-05,0.0001220703125,6.243344306945801
2856,5849088,508,0.5421008288860321,9.36,308,-0.000851903110742569,0.06746118515729904,1.0736838579177856,0.0001104304101318121,0.0,6.509883880615234
2857,5851136,508,0.48303801894187925,9.54,320,-0.000705912709236145,0.07027512788772583,1.0629571676254272,0.0002828186843544245,0.0009765625,6.203780174255371
2858,5853184,508,0.43391569912433625,8.93,328,-0.0020028073340654373,0.07443185150623322,1.0585057735443115,0.00034237257204949856,0.0008544921875,6.101678848266602
2859,5855232,508,0.473231406211853,8.9,325,-0.00185475405305624,0.07101018726825714,1.074849247932434,0.00012122676707804203,0.0008544921875,6.310912609100342
2860,5857280,508,0.442904132604599,10.92,298,-0.0010643694549798965,0.06690782308578491,1.0971243381500244,0.00019910931587219238,0.000244140625,6.318866729736328
2861,5859328,508,0.4439157021045685,9.16,328,-0.0019612517207860947,0.07355436682701111,1.0962668657302856,0.00011849915608763695,0.0001220703125,5.964974880218506
2862,5861376,508,0.3843619829416275,9.24,323,-0.001039094291627407,0.06860236078500748,1.0833823680877686,5.745096132159233e-05,0.0,6.089698791503906
2863,5863424,508,0.49418347120285033,8.64,330,-0.0008062794804573059,0.07390768826007843,1.0782538652420044,9.320536628365517e-05,0.0,6.166996479034424
2864,5865472,508,0.522755373120308,9.18,313,-0.0005790069699287415,0.07120230793952942,1.0322201251983643,7.818546146154404e-05,0.0001220703125,6.351927757263184
2865,5867520,508,0.47306776940822604,9.56,317,-0.0017680451273918152,0.07171705365180969,1.11417555809021,7.949909195303917e-05,0.0,6.205862522125244
2866,5869568,508,0.5526512402296067,8.69,326,-0.0021955196280032396,0.0728110820055008,1.016953945159912,0.00012200558558106422,0.0,6.285892486572266
2867,5871616,509,0.5023090916872025,9.82,317,-0.0018525458872318268,0.07066863775253296,1.0482151508331299,8.531869389116764e-05,0.0,6.2444257736206055
2868,5873664,509,0.5034545451402664,8.62,317,-0.002575185149908066,0.06854274123907089,1.077988624572754,0.0001587818842381239,0.0003662109375,6.223790645599365
2869,5875712,508,0.47399008214473726,8.19,341,0.0006048055365681648,0.07440202683210373,1.0337731838226318,7.156305946409702e-05,0.0,5.983196258544922
2870,5877760,508,0.45366281032562256,9.45,322,-0.0001073107123374939,0.07338499277830124,1.058937430381775,2.9241200536489487e-05,0.0,6.214856147766113
2871,5879808,509,0.5416991728544235,10.5,301,-0.002115834504365921,0.06639743596315384,1.0590879917144775,0.0001230202615261078,0.0006103515625,6.397425651550293
2872,5881856,509,0.5127107429504395,9.3,315,-0.001061517745256424,0.07167239487171173,1.0371556282043457,5.338108167052269e-05,0.0001220703125,6.267333030700684
2873,5883904,509,0.49314215004444123,8.9,333,-0.00046303262934088707,0.07049469649791718,1.045323371887207,3.101630136370659e-05,0.0003662109375,6.018019676208496
2874,5885952,509,0.4044363641738892,9.39,314,-0.000644586980342865,0.06689437478780746,1.0656704902648926,7.01327808201313e-05,0.0,6.030625343322754
2875,5888000,509,0.47412396788597105,9.14,328,-0.003280511125922203,0.07077822089195251,1.0361593961715698,0.00017914269119501114,0.0,6.117011547088623
2876,5890048,509,0.5318479335308075,10.13,323,-0.001728968694806099,0.07345476746559143,1.0543699264526367,0.00017039035446941853,0.0,6.324848175048828
2877,5892096,509,0.5813719016313553,9.58,324,-0.0011734282597899437,0.07276439666748047,1.0475722551345825,2.7654925361275673e-05,0.0,6.207942008972168
2878,5894144,509,0.41413884341716767,10.25,315,-0.0014202059246599674,0.06563534587621689,1.0327707529067993,0.0001689842902123928,0.0006103515625,6.202762126922607
2879,5896192,509,0.4343917363882065,9.41,315,-0.001122492365539074,0.06529415398836136,1.0723590850830078,2.9082177206873894e-05,0.0,6.238587856292725
2880,5898240,509,0.4924429750442505,9.69,324,-0.0017914753407239914,0.07235494256019592,1.074214220046997,0.0002135634422302246,0.000244140625,6.077499866485596
2881,5900288,509,0.4932462811470032,8.82,320,-9.4633549451828e-05,0.06966781616210938,1.0753620862960815,2.685515210032463e-05,0.0,6.099375247955322
2882,5902336,509,0.5421008270978928,9.43,319,-0.0005946429446339607,0.07245101779699326,1.0518245697021484,9.544077329337597e-05,0.000244140625,6.083776950836182
2883,5904384,509,0.503752064704895,9.29,307,-0.001078933011740446,0.06805604696273804,1.0664983987808228,3.437488339841366e-05,0.0,6.408446311950684
2884,5906432,509,0.5422049593925476,9.12,322,-0.0008489638566970825,0.07113004475831985,1.0507299900054932,2.0337989553809166e-05,0.0,6.088245391845703
2885,5908480,509,0.4537223130464554,9.7,318,-0.0012139370664954185,0.07131445407867432,1.062471628189087,0.00011068396270275116,0.0,6.402693748474121
2886,5910528,509,0.4730231386423111,9.8,315,-0.0013839933089911938,0.07003185153007507,1.055783987045288,8.146208710968494e-05,0.0,6.1254119873046875
2887,5912576,509,0.483618181347847,8.9,319,-0.000431891530752182,0.06801123172044754,1.1023770570755005,1.9334256649017334e-05,0.0001220703125,5.978927135467529
2888,5914624,509,0.5421900820732116,9.69,318,-0.0012091980315744877,0.06892398744821548,1.0534170866012573,3.2949959859251976e-05,0.0,6.372824192047119
2889,5916672,509,0.49357355415821075,8.75,329,-0.0016277935355901718,0.07060696184635162,1.0781641006469727,0.0001597832888364792,0.000244140625,6.018413543701172
2890,5918720,509,0.5229338836669922,9.63,322,-0.0007561566308140755,0.07238705456256866,1.0802667140960693,4.4196611270308495e-05,0.0,6.193382740020752
2891,5920768,509,0.44409421503543856,8.77,328,-0.000780884176492691,0.06635721027851105,1.0894958972930908,5.0800153985619545e-05,0.0,5.868483543395996
2892,5922816,509,0.4730082654953003,9.17,325,-0.0007431292906403542,0.07191472500562668,1.0427197217941284,1.4458317309617996e-05,0.0,6.239623069763184
2893,5924864,509,0.5028446263074875,9.91,308,-0.0016445629298686981,0.0678727999329567,1.057561993598938,0.00013007060624659061,0.0001220703125,6.209112644195557
2894,5926912,509,0.5022495871782303,10.14,306,-0.0012866752222180367,0.06788073480129242,1.0706050395965576,6.868387572467327e-05,0.0,6.375864505767822
2895,5928960,509,0.46384132325649263,9.22,325,-0.0006467900238931179,0.07362112402915955,1.0465282201766968,1.9833678379654884e-05,0.0,6.173040390014648
2896,5931008,509,0.3946297514438629,8.89,333,-0.0009026192128658295,0.07159438729286194,1.041618824005127,3.1407689675688744e-05,0.0,6.010617256164551
2897,5933056,509,0.5332314074039459,8.53,312,-0.0007574050687253475,0.06916782259941101,1.106207251548767,2.7973903343081474e-05,0.0,6.05648136138916
2898,5935104,509,0.47317190170288087,9.53,324,-0.0012231320142745972,0.06965150684118271,1.0630245208740234,4.960666410624981e-05,0.0,6.10862398147583
2899,5937152,509,0.4340942168235779,9.22,322,-0.0006998367607593536,0.0705898329615593,1.0283546447753906,1.6982201486825943e-05,0.0,6.210232734680176
2900,5939200,509,0.5326958662271499,9.4,314,-0.0005725473165512085,0.07139547169208527,1.0807479619979858,1.8458347767591476e-05,0.0,6.331608295440674
2901,5941248,509,0.572621488571167,9.12,330,-8.90921801328659e-05,0.06941473484039307,1.0570670366287231,3.762776032090187e-06,0.0,5.969471454620361
2902,5943296,509,0.4930528920888901,9.12,323,-0.0009200349450111389,0.07147248834371567,1.0337737798690796,2.1356157958507538e-05,0.0,6.086808204650879
2903,5945344,509,0.5313123971223831,9.85,312,-0.0014006532728672028,0.06900477409362793,1.0856314897537231,0.0001273583620786667,0.0001220703125,6.228080749511719
2904,5947392,509,0.4623239678144455,10.13,308,-0.0005386024713516235,0.06760811805725098,1.0652029514312744,3.4220749512314796e-05,0.0,6.327152252197266
2905,5949440,509,0.5130380165576934,9.01,324,-0.0012517310678958893,0.06773454695940018,1.0836104154586792,9.295204654335976e-05,0.0001220703125,6.0244364738464355
2906,5951488,509,0.571714049577713,8.8,327,-0.0003412831574678421,0.07148442417383194,1.0813021659851074,1.2934673577547073e-05,0.0,6.1402106285095215
2907,5953536,509,0.552234713435173,9.8,317,-0.0003035878762602806,0.07014703750610352,1.0640716552734375,3.5017728805541992e-06,0.0,6.209570407867432
2908,5955584,509,0.4430082648992538,9.88,319,-0.0003351643681526184,0.06845187395811081,1.083508014678955,2.0506558939814568e-05,0.0,6.116453170776367
2909,5957632,509,0.5621900826692581,9.49,313,-0.00021737790666520596,0.06902282685041428,1.061967134475708,7.161404937505722e-06,0.0,6.078892230987549
2910,5959680,509,0.47315702617168426,9.14,314,1.5589408576488495e-05,0.06929615885019302,1.0599026679992676,2.1698419004678726e-05,0.0,6.355966567993164
2911,5961728,509,0.5120859497785568,9.77,303,-7.821153849363327e-05,0.06566764414310455,1.082411289215088,5.281995981931686e-06,0.0,6.339120388031006
2912,5963776,509,0.49329091131687164,9.36,323,1.757289282977581e-05,0.07266296446323395,1.0692949295043945,9.41520556807518e-06,0.0,6.111244201660156
2913,5965824,509,0.48349917531013487,9.37,316,-0.0004014633595943451,0.06965573132038116,1.0849177837371826,8.63778404891491e-06,0.0,6.253525733947754
2914,5967872,509,0.4637223130464554,8.97,314,-0.00040588341653347015,0.07212921231985092,1.0698137283325195,8.569331839680672e-06,0.0,6.373173713684082
2915,5969920,509,0.45265123784542083,10.36,314,-0.0005385761614888906,0.07045440375804901,1.1181774139404297,1.0188668966293335e-05,0.0,6.210562229156494
2916,5971968,509,0.591312398314476,9.35,319,-0.0002643764019012451,0.0697161853313446,1.0484224557876587,8.045695722103119e-06,0.0,5.990272521972656
2917,5974016,509,0.46199669301509855,10.78,303,-0.0003320043906569481,0.0654434785246849,1.0879096984863281,9.475508704781532e-06,0.0,6.275931358337402
2918,5976064,509,0.4833057850599289,9.34,316,-0.00032617663964629173,0.07246442139148712,1.060593605041504,3.605382516980171e-06,0.0,6.2167582511901855
2919,5978112,509,0.44192231237888335,10.63,302,-0.00024359114468097687,0.06661739945411682,1.10313081741333,3.946712240576744e-06,0.0,6.314222812652588
2920,5980160,509,0.45418347120285035,9.4,308,-0.00020802393555641174,0.0671735480427742,1.0884369611740112,4.1709281504154205e-06,0.0,6.150580406188965
2921,5982208,509,0.3641239655017853,9.69,307,-0.00016413535922765732,0.0665348544716835,1.064860463142395,1.0561663657426834e-05,0.0,6.381524562835693
2922,5984256,509,0.4728148752450943,9.65,317,-0.00012020394206047058,0.07089830935001373,1.0993962287902832,5.430309101939201e-06,0.0,6.105993270874023
2923,5986304,509,0.473469420671463,8.85,326,-5.975831300020218e-05,0.07195995002985,1.0884124040603638,1.594657078385353e-06,0.0,6.0869879722595215
2924,5988352,509,0.5328892552852631,8.88,318,-0.00024762190878391266,0.07166340202093124,1.0917658805847168,2.2940803319215775e-06,0.0,6.500758647918701
2925,5990400,509,0.4725173550844193,9.77,304,-0.0001786083448678255,0.06834065914154053,1.0751125812530518,1.6200356185436249e-06,0.0,6.189669132232666
2926,5992448,509,0.49277024865150454,9.4,313,5.342066287994385e-06,0.06738949567079544,1.0198423862457275,2.577435225248337e-07,0.0,6.27421760559082
2927,5994496,509,0.4726214867830276,10.08,319,-0.0002168901264667511,0.07134925574064255,1.0691238641738892,1.461012288928032e-06,0.0,6.318346977233887
2928,5996544,509,0.5522942161560058,9.66,311,-7.705762982368469e-05,0.06828778982162476,1.068947196006775,2.5401823222637177e-07,0.0,6.304863929748535
2929,5998592,509,0.4229636359214783,9.9,309,-2.505723387002945e-05,0.06619492173194885,1.0987571477890015,2.60770320892334e-08,0.0,6.215797424316406
