update,frames,fps,ep_return,ep_len,n_episodes,pg_loss,v_loss,entropy,approx_kl,clipfrac,enc_activity
1,2048,507,0.3045729994773865,37.5,6,-0.0017505604773759842,0.00271585606969893,1.945816993713379,8.927518501877785e-05,0.0,0.0561971440911293
2,4096,551,0.31359879537062213,76.0909090909091,11,-4.013814032077789e-05,0.0030062966980040073,1.9456183910369873,4.3926993384957314e-05,0.0,0.08483503013849258
3,6144,578,0.332369143764178,95.58333333333333,12,-0.006769225001335144,0.0006077473517507315,1.9314723014831543,0.012681379914283752,0.045654296875,0.22110237181186676
4,8192,607,0.32499409360545023,151.0,14,-0.01688500866293907,0.00023985045845620334,1.9222207069396973,0.009658669121563435,0.0655517578125,0.22590605914592743
5,10240,632,0.2404530136673539,284.3333333333333,27,-0.00228896364569664,0.001100864028558135,1.9028478860855103,0.00563255837187171,0.06689453125,0.2643226087093353
6,12288,649,0.3144938014447689,267.8125,32,-0.005779467523097992,0.00710855470970273,1.8948887586593628,0.0096542127430439,0.06640625,0.27937185764312744
7,14336,665,0.2683016523718834,276.575,40,-0.0030201636254787445,0.0008639569859951735,1.9181493520736694,0.007501160725951195,0.0010986328125,0.2364393174648285
8,16384,670,0.2936036891715471,262.5581395348837,43,-0.0015946533530950546,0.0009896456031128764,1.928459882736206,0.002012498676776886,0.0877685546875,0.1894756257534027
9,18432,677,0.2744556224864462,272.5652173913044,46,-0.007934533059597015,0.00023998615506570786,1.921051025390625,0.0028223376721143723,0.0,0.21735918521881104
10,20480,683,0.2544923254421779,311.2142857142857,56,-0.020904581993818283,0.003084009513258934,1.8949356079101562,0.009730496443808079,0.1195068359375,0.27804890275001526
11,22528,682,0.2832851246413257,280.05555555555554,72,-0.0012744395062327385,0.006954835262149572,1.8863050937652588,0.003160228254273534,0.048583984375,0.23781108856201172
12,24576,686,0.28289876114577056,276.5875,80,-0.003544814884662628,0.0022265221923589706,1.8626999855041504,0.005203253123909235,0.016357421875,0.28099197149276733
13,26624,689,0.2961622502269416,265.7701149425287,87,0.004580134525895119,0.0019498091423884034,1.8726545572280884,0.0035516421776264906,0.00439453125,0.2804803252220154
14,28672,689,0.2824254034381164,267.5263157894737,95,0.012002860195934772,0.00046242939424701035,1.8486530780792236,0.010275177657604218,0.047119140625,0.3033995032310486
15,30720,688,0.29018181905150414,270.67,101,0.00633809482678771,0.0027315879706293344,1.8669432401657104,0.0054228221997618675,0.0299072265625,0.2770942747592926
16,32768,689,0.2852429760992527,285.05,110,-0.0015682673547416925,0.003143768524751067,1.8734447956085205,0.009705021046102047,0.0391845703125,0.22987791895866394
17,34816,686,0.28241322457790374,255.17,110,-0.01336575299501419,0.0014953213976696134,1.8107908964157104,0.005978832487016916,0.028076171875,0.29995226860046387
18,36864,687,0.3106909091770649,233.89,114,-0.024568095803260803,0.007910956628620625,1.8219057321548462,0.0043815793469548225,0.0404052734375,0.2945249080657959
19,38912,690,0.31482975199818614,198.52,120,-0.02724415436387062,0.004835215862840414,1.771714210510254,0.012060964480042458,0.03759765625,0.36200612783432007
20,40960,691,0.30201818063855174,184.23,119,-0.013847536407411098,0.004892634693533182,1.7020074129104614,0.008609275333583355,0.069091796875,0.34659895300865173
21,43008,692,0.3437404938042164,134.35,132,-0.006338741630315781,0.011094918474555016,1.7015267610549927,0.009168349206447601,0.0576171875,0.3084365725517273
22,45056,693,0.4018528933823109,74.02,142,-0.01448140013962984,0.017781078815460205,1.671584963798523,0.010755189694464207,0.045654296875,0.3115578889846802
23,47104,694,0.4498016548156738,50.22,149,-0.013696258887648582,0.024829719215631485,1.563733696937561,0.007457663770765066,0.0531005859375,0.3546263873577118
24,49152,680,0.568626445531845,39.74,172,-0.005280946381390095,0.02757435292005539,1.5953291654586792,0.004443599376827478,0.035888671875,0.3144277334213257
25,51200,675,0.4623421496152878,25.17,191,-0.01249769888818264,0.03958388417959213,1.5004271268844604,0.004891765303909779,0.0313720703125,0.3320944309234619
26,53248,677,0.5113603293895721,21.43,185,-0.01829301379621029,0.03428789973258972,1.4961141347885132,0.01172523945569992,0.0308837890625,0.348286509513855
27,55296,676,0.4978644621372223,24.23,189,-0.009158335626125336,0.03808702155947685,1.47836434841156,0.005848193075507879,0.0166015625,0.3786977529525757
28,57344,669,0.5521636348962784,20.73,195,-0.016786638647317886,0.03793345391750336,1.3942216634750366,0.0041186874732375145,0.0245361328125,0.3996219336986542
29,59392,664,0.5446479320526123,20.41,198,-0.008587963879108429,0.042453017085790634,1.4019100666046143,0.003645554883405566,0.030029296875,0.40781205892562866
30,61440,658,0.47039008140563965,18.95,220,-0.007665388286113739,0.0420839823782444,1.4311561584472656,0.004202625714242458,0.021484375,0.3785862326622009
31,63488,659,0.4176826447248459,17.23,212,-0.00446725357323885,0.03709797188639641,1.403437852859497,0.009040643461048603,0.0301513671875,0.367938369512558
32,65536,660,0.5051834708452225,18.77,210,-0.0024451222270727158,0.046311087906360626,1.3917864561080933,0.007823997177183628,0.0250244140625,0.403076708316803
33,67584,657,0.44053884387016295,16.58,219,-0.01709359511733055,0.04481822997331619,1.3745825290679932,0.004548627883195877,0.0419921875,0.4041258692741394
34,69632,659,0.5079801666736603,17.5,222,-0.0053899288177490234,0.049519822001457214,1.2805697917938232,0.006998827215284109,0.01904296875,0.4133404493331909
35,71680,659,0.5061206603050232,15.8,228,-0.017893288284540176,0.047461219131946564,1.2679754495620728,0.0035187513567507267,0.0474853515625,0.43212008476257324
36,73728,657,0.44010743975639344,15.09,225,0.005475599318742752,0.04581443592905998,1.2878669500350952,0.007688329555094242,0.0440673828125,0.44081562757492065
37,75776,654,0.4584264463186264,16.1,217,-0.01746688410639763,0.043103620409965515,1.336379051208496,0.00852570217102766,0.0401611328125,0.41785410046577454
38,77824,654,0.49359173655509947,19.3,191,-0.011638704687356949,0.03246631473302841,1.2746552228927612,0.01014794036746025,0.036376953125,0.47014158964157104
39,79872,655,0.5453173559904099,19.84,211,-0.0059268418699502945,0.04126033931970596,1.3028981685638428,0.007691277656704187,0.0794677734375,0.43433234095573425
40,81920,657,0.5655404967069626,16.23,216,-0.00707477331161499,0.04465657100081444,1.2838025093078613,0.004428239539265633,0.0279541015625,0.41876429319381714
41,83968,659,0.4803785108029842,21.34,224,-0.006370261311531067,0.04675217345356941,1.2134891748428345,0.005636712536215782,0.0128173828125,0.4276372194290161
42,86016,659,0.4693636381626129,15.12,226,-0.008932704105973244,0.047262173146009445,1.2491410970687866,0.008398905396461487,0.0567626953125,0.38156184554100037
43,88064,657,0.5001818192005157,13.55,242,-0.007041779346764088,0.048225872218608856,1.239680528640747,0.004917721264064312,0.027099609375,0.40158218145370483
44,90112,659,0.42070248067378996,15.5,221,-0.013554014265537262,0.04354334995150566,1.1929469108581543,0.005853411741554737,0.0255126953125,0.38729360699653625
45,92160,661,0.3960314038395882,16.85,243,0.0013658730313181877,0.04821304976940155,1.178497552871704,0.001808859407901764,0.014404296875,0.372771680355072
46,94208,662,0.49897686183452605,14.42,247,-0.01084226556122303,0.051428236067295074,1.1810846328735352,0.004170912317931652,0.026611328125,0.3684377670288086
47,96256,662,0.4886049568653107,14.46,225,-0.010627738200128078,0.04705732688307762,1.2025582790374756,0.005417540669441223,0.0322265625,0.40468937158584595
48,98304,660,0.4683966940641403,13.33,257,-0.007735194638371468,0.05203678831458092,1.25906503200531,0.006885710172355175,0.0452880859375,0.3568350076675415
49,100352,662,0.5584710752964019,13.95,241,-0.021983575075864792,0.04904083535075188,1.2153666019439697,0.00682389922440052,0.02978515625,0.36523592472076416
50,102400,664,0.4605537194013596,13.15,243,-0.004942524246871471,0.054101135581731796,1.2332192659378052,0.0016944471281021833,0.0224609375,0.37237948179244995
51,104448,664,0.3720115703344345,13.35,243,-0.006158378906548023,0.05531172826886177,1.233168125152588,0.0027960711158812046,0.02099609375,0.3588376045227051
52,106496,661,0.481104131937027,13.43,241,-0.0005656508728861809,0.048432618379592896,1.1535091400146484,0.005101501941680908,0.029052734375,0.3685781955718994
53,108544,660,0.51070248067379,12.56,242,-0.0193649735301733,0.05057425796985626,1.1894440650939941,0.004473146982491016,0.0367431640625,0.33632898330688477
54,110592,661,0.5404495865106582,12.2,253,-0.003491003066301346,0.050334617495536804,1.1569838523864746,0.004304804839193821,0.0196533203125,0.3638775944709778
55,112640,662,0.462190083861351,11.51,267,-0.0021858038380742073,0.05851167440414429,1.1307436227798462,0.0046903472393751144,0.0328369140625,0.3497268259525299
56,114688,662,0.5215504145622254,11.38,279,-0.00472341850399971,0.0589219368994236,0.9798952341079712,0.004252483136951923,0.040283203125,0.35277777910232544
57,116736,662,0.4600925624370575,13.14,245,-0.005539208650588989,0.05389825999736786,1.032875418663025,0.0037164208479225636,0.0499267578125,0.3576527237892151
58,118784,662,0.4424578541517258,11.34,272,-0.004169945605099201,0.06142191216349602,1.0366058349609375,0.0032589887268841267,0.03466796875,0.32946687936782837
59,120832,662,0.38152066111564636,12.63,259,-0.011997761204838753,0.05529465526342392,0.9497329592704773,0.002707545878365636,0.0184326171875,0.37339770793914795
60,122880,658,0.3900925624370575,13.31,273,0.002887643873691559,0.06084636598825455,0.9837079048156738,0.0032979529350996017,0.0262451171875,0.3653233051300049
61,124928,655,0.5407917368412017,11.24,279,-0.009512662887573242,0.0639699250459671,1.0786539316177368,0.003079659305512905,0.0224609375,0.34459659457206726
62,126976,652,0.4613123959302902,11.65,271,-0.003042895346879959,0.05952850356698036,1.079085111618042,0.003245501546189189,0.0208740234375,0.36704933643341064
63,129024,650,0.5407768607139587,12.28,252,-0.0025905538350343704,0.05621299147605896,0.9796257019042969,0.004835240542888641,0.033935546875,0.4416469931602478
64,131072,650,0.5313272726535797,13.0,260,-0.0022492259740829468,0.056346576660871506,0.9011901617050171,0.002830359386280179,0.021484375,0.43077361583709717
65,133120,650,0.5313272726535797,10.83,251,0.0022538413759320974,0.051401156932115555,0.9059466123580933,0.0020577008835971355,0.0223388671875,0.45765578746795654
66,135168,650,0.4825173568725586,16.05,242,-0.0015689656138420105,0.04729022830724716,0.7842309474945068,0.0026535377837717533,0.017578125,0.5010399222373962
67,137216,649,0.48257685840129855,10.22,271,-0.004079088568687439,0.05456724390387535,0.9587544798851013,0.002493176842108369,0.013427734375,0.43254512548446655
68,139264,649,0.5079504150152206,13.96,258,0.00027569569647312164,0.05535488575696945,0.9338213205337524,0.003127175150439143,0.0369873046875,0.44105014204978943
69,141312,650,0.46260661363601685,11.04,268,-0.008169855922460556,0.05001721531152725,1.0403685569763184,0.004258510656654835,0.0352783203125,0.4158342778682709
70,143360,649,0.5690661150217057,12.2,236,-0.008361764252185822,0.049157146364450455,0.9825026988983154,0.006244848016649485,0.025390625,0.4653928279876709
71,145408,644,0.5025322335958481,12.87,264,-0.020676735788583755,0.058013223111629486,0.8716802597045898,0.005451703444123268,0.0413818359375,0.44717252254486084
72,147456,640,0.4720115715265274,10.41,274,-0.012735694646835327,0.06152615696191788,0.8932695388793945,0.0027220381889492273,0.0198974609375,0.4272071421146393
73,149504,636,0.531996694803238,9.92,301,-0.0058187562972307205,0.07004563510417938,0.8528821468353271,0.003856891766190529,0.02099609375,0.3957878053188324
74,151552,633,0.5022942149639129,10.36,298,-0.0019107256084680557,0.06801142543554306,0.708540678024292,0.005562402307987213,0.025390625,0.42351555824279785
75,153600,631,0.4731867772340774,9.99,285,-0.0005462821573019028,0.06244073063135147,0.8200085759162903,0.0030906337779015303,0.0374755859375,0.39022690057754517
76,155648,629,0.5219520688056946,10.29,284,-0.02402060478925705,0.0629420056939125,0.7973582744598389,0.006774011999368668,0.040771484375,0.39518076181411743
77,157696,624,0.44239834904670716,10.5,294,-0.0031368806958198547,0.06998415291309357,0.8341647386550903,0.00282375724054873,0.021240234375,0.368736207485199
78,159744,621,0.5320115703344345,10.36,292,-0.0012410301715135574,0.07091869413852692,0.737513542175293,0.003365162294358015,0.0159912109375,0.38450777530670166
79,161792,620,0.40369256258010866,10.43,282,-0.0073881614953279495,0.06096303462982178,0.7837704420089722,0.0021532471291720867,0.0225830078125,0.40889519453048706
80,163840,620,0.452428098320961,10.54,262,0.005346972495317459,0.05769659951329231,0.725751519203186,0.002905430505052209,0.0303955078125,0.4952004551887512
81,165888,620,0.5313867783546448,10.46,256,-0.008662332780659199,0.05421078950166702,0.7478917837142944,0.004134741611778736,0.0286865234375,0.4825195074081421
82,167936,620,0.5699586802721024,11.81,246,-0.007210088893771172,0.044901877641677856,0.7468210458755493,0.0016932915896177292,0.0301513671875,0.5349297523498535
83,169984,620,0.4330380171537399,16.11,258,-0.01086271833628416,0.052669450640678406,0.8090746402740479,0.0055896262638270855,0.03564453125,0.5359015464782715
84,172032,621,0.5497801673412323,11.13,263,-0.0028983578085899353,0.05672335624694824,0.9051856398582458,0.004473363049328327,0.0274658203125,0.4478917419910431
85,174080,621,0.5011190086603164,11.33,267,-0.011353954672813416,0.06259693950414658,0.942253589630127,0.002922139363363385,0.0323486328125,0.4186452031135559
86,176128,621,0.48244297683238985,14.4,270,-0.0031098537147045135,0.0588667169213295,0.9611411690711975,0.0022414622362703085,0.0179443359375,0.42227113246917725
87,178176,622,0.5207173573970795,11.75,268,-0.009059499949216843,0.05905698239803314,0.9727280735969543,0.003982344642281532,0.0364990234375,0.42979347705841064
88,180224,622,0.461624795794487,11.58,268,-0.00771817471832037,0.05921317636966705,1.0584132671356201,0.003727344563230872,0.0240478515625,0.4073532223701477
89,182272,623,0.5475636357069016,13.16,247,-0.00746026448905468,0.053481634706258774,1.0453276634216309,0.006430617533624172,0.053466796875,0.43918490409851074
90,184320,623,0.46192231357097624,11.8,256,-0.007510822266340256,0.057704150676727295,0.9744989275932312,0.005569780711084604,0.05615234375,0.44134148955345154
91,186368,623,0.48262148797512056,19.27,276,-0.0028586830012500286,0.05723968893289566,0.9341592192649841,0.0034901632461696863,0.021484375,0.4264799654483795
92,188416,623,0.48083636224269866,12.41,271,-0.01280476525425911,0.05824870616197586,0.983161985874176,0.00956958532333374,0.0255126953125,0.41658130288124084
93,190464,622,0.5804049599170685,10.77,289,-0.0064620040357112885,0.06806156784296036,0.9609202742576599,0.002919221529737115,0.0111083984375,0.39827048778533936
94,192512,623,0.4327404969930649,10.88,277,-0.002781115472316742,0.061638832092285156,0.9823808073997498,0.004575248807668686,0.02783203125,0.4194430112838745
95,194560,623,0.5019520688056945,10.66,276,-0.012973902747035027,0.05554724112153053,0.9014769792556763,0.003666557837277651,0.0201416015625,0.43989959359169006
96,196608,623,0.48226446330547335,10.79,268,-0.002195371314883232,0.05541491135954857,0.9832628965377808,0.005662594921886921,0.0380859375,0.4660775661468506
97,198656,623,0.4522495877742767,10.88,260,-0.00037274882197380066,0.05440202355384827,0.9976926445960999,0.0019829757511615753,0.0191650390625,0.4561300277709961
98,200704,624,0.48143140852451327,18.17,255,-0.009592099115252495,0.05369674786925316,1.009290099143982,0.00309840333648026,0.0201416015625,0.4733103811740875
99,202752,624,0.5009851235151291,12.03,255,-0.001738053746521473,0.05495477840304375,1.0690438747406006,0.005073787644505501,0.0460205078125,0.45426231622695923
100,204800,624,0.5105834728479386,17.8,256,-0.012702928856015205,0.054110437631607056,1.0435519218444824,0.003674191888421774,0.029541015625,0.49260494112968445
101,206848,624,0.47125289380550384,11.54,263,-0.00954731646925211,0.05894136056303978,1.0017153024673462,0.0066754515282809734,0.03857421875,0.4244396388530731
102,208896,625,0.47241322457790375,11.48,268,-0.005519469268620014,0.05817319080233574,1.023044466972351,0.0044659702107310295,0.021484375,0.4362671971321106
103,210944,626,0.5499735528230667,11.81,241,-0.008127599954605103,0.05309529975056648,1.0600121021270752,0.0048073334619402885,0.024658203125,0.4570791721343994
104,212992,627,0.49089586913585664,12.96,242,-0.006562590599060059,0.0515449084341526,1.0838608741760254,0.004162130877375603,0.0384521484375,0.47250837087631226
105,215040,626,0.5115950429439544,11.82,234,-0.00908268615603447,0.05070151388645172,1.0445621013641357,0.009005389176309109,0.04345703125,0.41967079043388367
106,217088,626,0.5313570278882981,13.03,239,-0.011683899909257889,0.04974132776260376,0.9438424706459045,0.007729389704763889,0.03369140625,0.42966848611831665
107,219136,626,0.5401223158836365,23.5,260,-0.004221731331199408,0.05171247199177742,1.0016361474990845,0.003131597302854061,0.03076171875,0.3982231616973877
108,221184,626,0.46227933883666994,10.94,272,-0.012288838624954224,0.06090504676103592,1.067684531211853,0.004465336911380291,0.0245361328125,0.3806278109550476
109,223232,627,0.4128000009059906,11.76,263,0.004238098859786987,0.05981174856424332,1.0282883644104004,0.009291941300034523,0.0672607421875,0.3578657805919647
110,225280,627,0.4817140507698059,11.54,275,-0.00647621788084507,0.0622817799448967,1.0044329166412354,0.007935643196105957,0.0506591796875,0.35966119170188904
111,227328,627,0.44207107603549955,11.39,278,-0.010106774978339672,0.059595704078674316,1.050258994102478,0.005210688337683678,0.0523681640625,0.3715340495109558
112,229376,627,0.5294677716493607,12.71,273,-0.005258219316601753,0.06529434025287628,1.0839725732803345,0.004351824056357145,0.0196533203125,0.3870880603790283
113,231424,627,0.5011933887004852,12.08,278,-0.016171738505363464,0.05750215798616409,1.080182433128357,0.0031548705883324146,0.026611328125,0.38551533222198486
114,233472,628,0.43244297683238986,11.3,280,-0.013646161183714867,0.06490594148635864,1.0885262489318848,0.0033907312899827957,0.0277099609375,0.40685397386550903
115,235520,628,0.4328595060110092,11.03,287,-0.007530441042035818,0.06353655457496643,1.0365540981292725,0.008533775806427002,0.0382080078125,0.4048044681549072
116,237568,628,0.46352892577648164,10.53,288,7.526576519012451e-05,0.07033459097146988,1.0331469774246216,0.0030466686002910137,0.0186767578125,0.39000624418258667
117,239616,628,0.5218033063411712,10.06,302,0.0003277622163295746,0.06485993415117264,1.0317190885543823,0.003653614316135645,0.0235595703125,0.4023975431919098
118,241664,628,0.45177355527877805,11.11,271,-0.006756298243999481,0.060189321637153625,1.0936400890350342,0.0034128103870898485,0.0301513671875,0.4119623601436615
119,243712,628,0.5403900814056396,11.29,254,-0.007029876112937927,0.059283025562763214,1.0429962873458862,0.003533813403919339,0.0235595703125,0.42281657457351685
120,245760,629,0.5306578516960144,11.08,258,-0.009008756838738918,0.058021992444992065,0.9654366970062256,0.005358746275305748,0.0206298828125,0.40953055024147034
121,247808,629,0.6082628113031388,15.75,251,-0.0009065009653568268,0.05233220383524895,1.0085395574569702,0.0028245062567293644,0.0147705078125,0.4197534918785095
122,249856,630,0.4332909119129181,16.59,275,0.002034492790699005,0.057617321610450745,1.0776777267456055,0.004061545245349407,0.0196533203125,0.41691678762435913
123,251904,630,0.44281487584114076,11.24,268,-0.005016222596168518,0.05567312613129616,1.0488793849945068,0.004641604609787464,0.0211181640625,0.41216081380844116
124,253952,630,0.5509851253032685,10.45,268,-0.010528262704610825,0.06037437170743942,1.1275579929351807,0.003738848492503166,0.030029296875,0.39045965671539307
125,256000,630,0.5576380175352097,12.98,266,-0.00735311396420002,0.05022552236914635,0.9900975823402405,0.00625894358381629,0.04931640625,0.4178639054298401
126,258048,631,0.46251735627651214,10.37,300,-0.01542171835899353,0.06644121557474136,1.0297859907150269,0.0062919603660702705,0.0323486328125,0.39242875576019287
127,260096,631,0.502651240825653,10.21,296,-0.009529868140816689,0.06606682389974594,1.016981601715088,0.0025363073218613863,0.0152587890625,0.3971499502658844
128,262144,631,0.5317735558748246,9.96,293,-0.008612805977463722,0.06504364311695099,0.9764420986175537,0.009112765081226826,0.0364990234375,0.3875126838684082
129,264192,631,0.511743803024292,10.22,279,-0.0075050038285553455,0.05781092122197151,1.002401351928711,0.005636592395603657,0.0189208984375,0.3725520372390747
130,266240,631,0.5320115715265274,10.35,275,-0.015174465253949165,0.060272444039583206,1.0034549236297607,0.005033721216022968,0.0350341796875,0.3818468451499939
131,268288,632,0.5279834705591202,19.57,275,2.378411591053009e-05,0.06299098581075668,0.9461724758148193,0.005354190245270729,0.025146484375,0.39636141061782837
132,270336,632,0.5121603310108185,9.76,305,-0.011314203962683678,0.07008849084377289,1.0303521156311035,0.00631106598302722,0.0462646484375,0.3619000017642975
133,272384,632,0.4134694230556488,10.77,293,-0.0038846246898174286,0.06462763249874115,1.0167558193206787,0.005119531415402889,0.0169677734375,0.3894715905189514
134,274432,632,0.5516991722583771,10.36,281,0.0005832239985466003,0.06455501914024353,1.029944896697998,0.004426438361406326,0.01708984375,0.4069811701774597
135,276480,632,0.5408512407541275,10.79,277,-0.004986157640814781,0.06175454705953598,1.0658273696899414,0.004740978125482798,0.021240234375,0.40668290853500366
136,278528,633,0.47227934062480925,11.58,266,-0.011806012131273746,0.06347320228815079,1.046493649482727,0.0060156299732625484,0.0299072265625,0.39858564734458923
137,280576,633,0.6209404969215393,9.86,282,-0.0082312673330307,0.05923200026154518,1.0369160175323486,0.00236870558001101,0.02490234375,0.41440626978874207
138,282624,633,0.5316545462608337,16.07,278,-0.0043280646204948425,0.05945179983973503,1.007458209991455,0.0040125069208443165,0.0311279296875,0.41777878999710083
139,284672,633,0.45211570382118227,10.84,259,-0.015182005241513252,0.05595089867711067,0.967006504535675,0.004310603253543377,0.027587890625,0.44956305623054504
140,286720,634,0.45315702617168424,9.73,299,-0.01219005137681961,0.06512784212827682,0.8646463751792908,0.004963550250977278,0.0419921875,0.4295196533203125
141,288768,634,0.56122314453125,10.33,301,-0.003565109334886074,0.06393543630838394,0.8906996250152588,0.012562134303152561,0.0350341796875,0.39961788058280945
142,290816,634,0.43361818194389345,10.65,302,-0.01559043861925602,0.06479883939027786,0.835790753364563,0.007112514693289995,0.03369140625,0.4178243577480316
143,292864,633,0.4731719022989273,9.5,305,-0.004233712330460548,0.07002156972885132,0.8309475183486938,0.0018898153211921453,0.01708984375,0.4096965491771698
144,294912,633,0.5409404975175858,10.14,312,-0.006790304556488991,0.0706387385725975,0.8189657330513,0.0032307649962604046,0.02587890625,0.4005519151687622
145,296960,633,0.44342479467391965,9.88,312,-0.006391397677361965,0.07007978856563568,0.8445106148719788,0.002732417080551386,0.023193359375,0.3837469220161438
146,299008,633,0.42427272975444796,10.52,308,-0.011170273646712303,0.06713629513978958,0.8430212736129761,0.0032512841280549765,0.022705078125,0.36690831184387207
147,301056,633,0.4339900827407837,8.98,324,-0.007328923791646957,0.07245244830846786,0.8687006235122681,0.0020445361733436584,0.0208740234375,0.36664605140686035
148,303104,633,0.5528595066070556,8.9,319,-0.012965425848960876,0.06979948282241821,0.8255764245986938,0.003448052331805229,0.0400390625,0.3511189818382263
149,305152,633,0.6013272768259048,9.69,304,-0.01311294361948967,0.06647796928882599,0.855991542339325,0.003236419754102826,0.02880859375,0.3545233905315399
150,307200,632,0.5123537212610245,9.88,299,-0.007325723767280579,0.0664621889591217,0.8982134461402893,0.0033069616183638573,0.0472412109375,0.3511034846305847
151,309248,632,0.4926512414216995,9.64,297,0.002663319930434227,0.06858763098716736,0.8811758160591125,0.0054863216355443,0.0277099609375,0.3520631790161133
152,311296,632,0.4534099209308624,10.7,292,-0.01221903134137392,0.06444750726222992,0.9752950668334961,0.003781174309551716,0.0374755859375,0.3562217950820923
153,313344,631,0.43335041344165803,10.0,281,-0.004384979605674744,0.06351791322231293,0.8872988820075989,0.004338075406849384,0.0211181640625,0.38339948654174805
154,315392,631,0.492011570930481,10.27,283,-0.01136212982237339,0.0559406504034996,0.9351487159729004,0.008335091173648834,0.02099609375,0.3776741623878479
155,317440,632,0.46281487703323365,10.19,275,-0.006354339420795441,0.058024171739816666,0.9952523112297058,0.0059831649996340275,0.0308837890625,0.3526182770729065
156,319488,632,0.472933886051178,10.4,283,-0.004136047326028347,0.060140401124954224,0.9282379746437073,0.0038300398737192154,0.0345458984375,0.3508709669113159
157,321536,632,0.4633206611871719,10.12,280,-0.019411373883485794,0.05678391456604004,0.9071404933929443,0.003992116078734398,0.024169921875,0.369304895401001
158,323584,632,0.5715652924776077,10.06,271,-0.013217959553003311,0.06167012080550194,0.9894346594810486,0.00374014163389802,0.0174560546875,0.34424710273742676
159,325632,632,0.4623537200689316,10.92,255,-0.002998592332005501,0.054663367569446564,0.9446263313293457,0.003988368436694145,0.0318603515625,0.35545581579208374
160,327680,632,0.4726214891672134,10.81,229,-0.01247197762131691,0.04420559108257294,0.9284042119979858,0.0025523111689835787,0.0172119140625,0.3910495638847351
161,329728,632,0.45290413320064543,12.15,232,-0.0032508550211787224,0.05061619356274605,0.954787015914917,0.004179699346423149,0.035888671875,0.3967036306858063
162,331776,632,0.4807619869709015,11.83,239,-0.015287796966731548,0.049847427755594254,0.879342257976532,0.004449508152902126,0.034912109375,0.3981447219848633
163,333824,632,0.47284462690353396,16.03,271,-0.002815231680870056,0.05844322592020035,0.9372921586036682,0.004736396484076977,0.033935546875,0.38849931955337524
164,335872,632,0.531609918475151,16.36,292,-0.008797604590654373,0.06511159986257553,0.966728687286377,0.003955114632844925,0.0343017578125,0.3719164729118347
165,337920,632,0.5704644644260406,11.29,284,-0.017757203429937363,0.0614573210477829,0.9945909976959229,0.0044821444898843765,0.0291748046875,0.35213547945022583
166,339968,631,0.502770249247551,10.55,294,-0.012156746350228786,0.06823861598968506,0.9337223172187805,0.004220569506287575,0.0361328125,0.37016192078590393
167,342016,631,0.5020413237810135,10.3,288,-0.010964171029627323,0.06947936862707138,0.9411830902099609,0.002048356691375375,0.020751953125,0.36124706268310547
168,344064,631,0.5802562016248703,10.62,287,-0.007734064012765884,0.06030789017677307,1.0159766674041748,0.005019407253712416,0.0299072265625,0.37550264596939087
169,346112,631,0.5704942166805267,10.73,281,-0.014967876486480236,0.05948773771524429,1.0457099676132202,0.004133141133934259,0.0357666015625,0.3516654074192047
170,348160,631,0.4422644639015198,10.98,274,-0.0063218530267477036,0.05914101004600525,0.9671631455421448,0.002269713906571269,0.0166015625,0.382205992937088
171,350208,631,0.5314611577987671,16.59,285,-0.007822934538125992,0.06960689276456833,1.0112954378128052,0.0029318358283489943,0.015380859375,0.35061225295066833
172,352256,631,0.5414314067363739,10.5,294,-0.0021408088505268097,0.06391961872577667,0.9823835492134094,0.004480607807636261,0.020263671875,0.36592206358909607
173,354304,631,0.5023090940713882,10.46,283,-0.014843286946415901,0.06139364093542099,1.0093506574630737,0.005017505958676338,0.03076171875,0.3533048629760742
174,356352,631,0.37397520840167997,11.1,269,-0.01439411286264658,0.05477133020758629,1.0290729999542236,0.0027498851995915174,0.016357421875,0.37018877267837524
175,358400,631,0.561401653289795,10.47,246,-0.009494458325207233,0.05268891528248787,0.9401339292526245,0.0030987693462520838,0.0205078125,0.41190141439437866
176,360448,631,0.5021305787563324,10.37,245,-0.01601850613951683,0.051754459738731384,0.8872580528259277,0.007669669575989246,0.0338134765625,0.39516374468803406
177,362496,631,0.5809107458591461,10.25,249,-0.010659907944500446,0.04872627183794975,0.861894428730011,0.004433453548699617,0.0284423828125,0.39882075786590576
178,364544,631,0.47253223061561583,20.4,251,-0.005211141891777515,0.05321876332163811,0.9320257902145386,0.003639261471107602,0.0238037109375,0.3703625798225403
179,366592,631,0.4428297537565231,10.64,256,-0.008488025516271591,0.05571454390883446,0.9546184539794922,0.004585609771311283,0.0362548828125,0.3694549798965454
180,368640,631,0.4527107435464859,9.69,250,-0.012227611616253853,0.044169217348098755,0.8514820337295532,0.002959249308332801,0.02685546875,0.4039650559425354
181,370688,631,0.472175207734108,10.87,252,-0.015613582916557789,0.052336953580379486,0.9150400161743164,0.003880113363265991,0.0302734375,0.4262843132019043
182,372736,631,0.522323967218399,15.7,273,-0.005845915526151657,0.05457508936524391,0.8895094394683838,0.003575204871594906,0.022705078125,0.41413742303848267
183,374784,631,0.5226809906959534,9.67,284,-0.0007420899346470833,0.06040988489985466,0.9263901710510254,0.002203565090894699,0.0186767578125,0.39838874340057373
184,376832,632,0.44343967020511627,9.93,267,-0.011092591099441051,0.0562569685280323,0.8356205224990845,0.0021596732549369335,0.017578125,0.44712817668914795
185,378880,632,0.5217884314060212,9.94,239,-0.011128806509077549,0.03946333006024361,0.8332186937332153,0.0023097055964171886,0.0211181640625,0.46540719270706177
186,380928,632,0.5117735534906387,10.48,229,-0.0071792807430028915,0.04129179194569588,0.9105575680732727,0.002843258436769247,0.01611328125,0.46139344573020935
187,382976,631,0.5124132233858109,15.64,240,-0.012083452194929123,0.044619619846343994,0.9229311347007751,0.002965626074001193,0.0325927734375,0.4535824954509735
188,385024,631,0.4627851265668869,16.33,256,-0.013065461069345474,0.051609452813863754,0.9807552099227905,0.003940976690500975,0.0264892578125,0.43949541449546814
189,387072,631,0.49288925766944885,19.05,278,-0.015718724578619003,0.06415656208992004,1.0188902616500854,0.0035003251396119595,0.03662109375,0.39749521017074585
190,389120,631,0.44219008266925813,11.29,285,-0.010314371436834335,0.05903663858771324,1.0218337774276733,0.004447117447853088,0.019775390625,0.4031396210193634
191,391168,631,0.5508512383699418,11.04,293,-0.020167404785752296,0.0690658837556839,0.9844193458557129,0.008492572233080864,0.02978515625,0.418216347694397
192,393216,631,0.47302314162254333,9.71,299,-0.008781947195529938,0.06779342889785767,1.009255290031433,0.006050655152648687,0.0338134765625,0.36845022439956665
193,395264,632,0.5026661169528961,9.78,295,-0.008323042653501034,0.07067959010601044,0.8914759159088135,0.0028088847175240517,0.021240234375,0.3992319703102112
194,397312,632,0.5523388457298278,8.98,304,-0.007737481966614723,0.0651325136423111,0.8236439824104309,0.00296088308095932,0.0263671875,0.40749460458755493
195,399360,632,0.5321454560756683,9.52,301,-0.002857312560081482,0.06861847639083862,0.9030396938323975,0.0032308294903486967,0.0146484375,0.3908456265926361
196,401408,632,0.5218925631046295,15.61,291,-0.004747219383716583,0.06663060188293457,0.8825011253356934,0.0029222462326288223,0.023681640625,0.4085644483566284
197,403456,632,0.5322793388366699,9.8,301,-0.008913164027035236,0.0697680115699768,0.8828221559524536,0.003783245338127017,0.025634765625,0.42021870613098145
198,405504,633,0.4632016521692276,9.23,316,-0.014550669118762016,0.07299503684043884,0.945630669593811,0.004702945239841938,0.03271484375,0.39269864559173584
199,407552,633,0.5016694205999375,10.26,284,-0.007126549258828163,0.06276631355285645,0.921324610710144,0.0023347025271505117,0.0162353515625,0.4390109181404114
200,409600,633,0.5518628096580506,9.61,280,-0.001189257949590683,0.054052967578172684,0.8790497779846191,0.005695688538253307,0.045166015625,0.4523524045944214
201,411648,633,0.5124132239818573,9.88,290,-0.010140632279217243,0.0666889026761055,0.8995327949523926,0.002624294487759471,0.0341796875,0.42548996210098267
202,413696,633,0.48265123963356016,9.59,285,-0.011791117489337921,0.06394438445568085,0.9050641655921936,0.006101262755692005,0.038330078125,0.4260062575340271
203,415744,634,0.4132165312767029,16.25,292,-0.006472120992839336,0.06586470454931259,0.9118842482566833,0.004341133404523134,0.0228271484375,0.41100987792015076
204,417792,634,0.6006429755687713,9.89,311,-0.007522564847022295,0.06856052577495575,0.905643880367279,0.004916478879749775,0.025390625,0.3989854156970978
205,419840,634,0.4534842979907989,9.64,308,-0.012211262248456478,0.06756893545389175,0.950548529624939,0.005121040157973766,0.0255126953125,0.4092743396759033
206,421888,634,0.48236859738826754,10.14,296,-0.004196304827928543,0.06497851759195328,0.8809853792190552,0.0034461566247045994,0.0240478515625,0.41424641013145447
207,423936,634,0.49274049878120424,9.9,310,-0.0097325649112463,0.07000526040792465,0.8802056312561035,0.003842298872768879,0.0386962890625,0.39484158158302307
208,425984,633,0.4834545487165451,9.34,315,-0.007693629711866379,0.07127585262060165,1.0201098918914795,0.004784256685525179,0.02392578125,0.36205363273620605
209,428032,633,0.49201157212257385,10.35,302,-0.0009810077026486397,0.06209653615951538,0.9889010787010193,0.005088380537927151,0.026123046875,0.38081419467926025
210,430080,633,0.40373719155788423,10.0,304,-0.012640036642551422,0.06561949849128723,1.0218427181243896,0.0030380820389837027,0.0306396484375,0.38357293605804443
211,432128,633,0.4138710743188858,10.28,308,-0.003827504813671112,0.0678541287779808,0.95381760597229,0.003510142210870981,0.019287109375,0.38076719641685486
212,434176,633,0.41433223128318786,9.19,302,-0.006576526910066605,0.0668342262506485,0.903191089630127,0.006044636480510235,0.0450439453125,0.3850483298301697
213,436224,634,0.522666118144989,10.96,289,-0.007195924408733845,0.06466645002365112,0.9252570867538452,0.004331477917730808,0.0233154296875,0.36839044094085693
214,438272,634,0.5028148764371871,9.4,305,-0.00764184445142746,0.06635499745607376,0.8895019888877869,0.0028782528825104237,0.01806640625,0.3655436038970947
215,440320,634,0.45318677723407746,9.67,299,-0.015339983627200127,0.06943650543689728,0.9712440967559814,0.005277605261653662,0.0299072265625,0.37100160121917725
216,442368,635,0.4439752042293549,15.36,286,-0.0060216570273041725,0.06293044984340668,0.8868138194084167,0.003683337476104498,0.0308837890625,0.3698788285255432
217,444416,635,0.49320165157318113,9.37,296,-0.01619042456150055,0.0604451447725296,0.8259847164154053,0.003746782662346959,0.0408935546875,0.360694944858551
218,446464,635,0.453171900510788,10.12,271,-0.0032830853015184402,0.0566185899078846,0.8514342308044434,0.0023741298355162144,0.042236328125,0.361074835062027
219,448512,635,0.4389917379617691,12.48,290,-0.01606154255568981,0.05912010744214058,0.837299108505249,0.0024002608843147755,0.0184326171875,0.36357057094573975
220,450560,635,0.47381157338619234,11.64,324,0.001955147832632065,0.07331196218729019,0.8996633291244507,0.004336860496550798,0.0269775390625,0.3303592801094055
221,452608,635,0.5909553730487823,9.6,324,-0.011952469125390053,0.07478941977024078,0.8894299864768982,0.002346286317333579,0.0302734375,0.3294273018836975
222,454656,635,0.5235438007116318,8.83,326,-0.009382635354995728,0.07305974513292313,0.8350613117218018,0.00227442872710526,0.0234375,0.3374933898448944
223,456704,635,0.5229041349887847,9.6,316,-0.003740089014172554,0.07564828544855118,0.8695290088653564,0.004609305877238512,0.031005859375,0.36262083053588867
224,458752,635,0.4441090929508209,9.19,308,-0.015014748089015484,0.06403002887964249,0.944175660610199,0.007111458107829094,0.0426025390625,0.3409488797187805
225,460800,635,0.5519520676136017,10.11,298,-0.004953617230057716,0.06697823107242584,0.8250077962875366,0.004123229533433914,0.024169921875,0.3837142586708069
226,462848,635,0.4933950436115265,9.12,330,-0.00872732326388359,0.07674640417098999,0.8832129836082458,0.002858248073607683,0.0257568359375,0.34972986578941345
227,464896,635,0.454257852435112,8.64,334,-0.010681694373488426,0.07538264989852905,0.8747212290763855,0.00354705099016428,0.0238037109375,0.3478592038154602
228,466944,635,0.5131719022989273,8.79,333,-0.01387798972427845,0.07758473604917526,0.9054625034332275,0.0032039762008935213,0.023681640625,0.33337488770484924
229,468992,636,0.49265124201774596,9.76,310,-0.005463020876049995,0.07128934562206268,0.9843136072158813,0.004624423570930958,0.0384521484375,0.3334813117980957
230,471040,636,0.5214165306091308,10.73,292,0.006425958126783371,0.06333111226558685,0.9033472537994385,0.0033169041853398085,0.02099609375,0.3695399761199951
231,473088,636,0.42327603220939636,10.06,299,-0.007590958848595619,0.06715315580368042,0.8995532989501953,0.0031365978065878153,0.02197265625,0.36110740900039673
232,475136,636,0.5424727261066437,9.16,309,-0.002599872648715973,0.06552234292030334,0.941522479057312,0.0036755320616066456,0.025634765625,0.34131211042404175
233,477184,636,0.5030380195379257,9.27,299,-0.00968877226114273,0.06285945326089859,0.8964583277702332,0.007607137784361839,0.041748046875,0.3533862233161926
234,479232,636,0.4831719040870667,15.53,300,-0.002600565552711487,0.06667883694171906,0.9601085782051086,0.003961922600865364,0.0374755859375,0.3404708504676819
235,481280,636,0.41363305926322935,12.17,286,-0.0021796394139528275,0.0635358989238739,1.0631301403045654,0.007451649755239487,0.03759765625,0.32086485624313354
236,483328,635,0.4933652889728546,10.01,284,-0.010286251083016396,0.06043123081326485,0.9590882062911987,0.006250177044421434,0.060302734375,0.3432561457157135
237,485376,635,0.38488264739513395,9.15,309,-0.01356332004070282,0.06407211720943451,0.9403011798858643,0.007374034263193607,0.0372314453125,0.3396509885787964
238,487424,635,0.4937223172187805,9.61,297,-0.016066109761595726,0.06495176255702972,0.8483072519302368,0.004945502616465092,0.015869140625,0.34936097264289856
239,489472,635,0.4046595072746277,14.58,321,-0.009621195495128632,0.07145816087722778,0.8399765491485596,0.004355127923190594,0.0277099609375,0.3450615108013153
240,491520,635,0.5031272757053376,9.65,325,-0.014188681729137897,0.07025474309921265,0.8395805954933167,0.0028022530023008585,0.02490234375,0.36637192964553833
241,493568,635,0.46361818253993986,8.75,338,-0.0163794606924057,0.0723351463675499,0.8802275657653809,0.005318807438015938,0.0262451171875,0.35956722497940063
242,495616,635,0.49287438035011294,9.49,316,-0.0100400997325778,0.06777448952198029,0.8510262966156006,0.008401376195251942,0.0308837890625,0.3561258018016815
243,497664,635,0.48387107729911805,8.69,306,-0.00526390690356493,0.07215523719787598,0.8653566837310791,0.004740795586258173,0.0255126953125,0.3500474691390991
244,499712,635,0.4740347123146057,8.24,308,-0.002995593473315239,0.06215613707900047,0.7992713451385498,0.003517996519804001,0.0150146484375,0.3885918855667114
245,501760,634,0.5327553749084473,9.0,304,-0.0007529063150286674,0.06657284498214722,0.8814283013343811,0.004312925972044468,0.035400390625,0.37092116475105286
246,503808,634,0.4341090929508209,8.78,302,-0.004816850647330284,0.06257946789264679,0.8783794641494751,0.003839638317003846,0.0264892578125,0.39812809228897095
247,505856,634,0.5030231410264969,9.27,299,-0.003185555338859558,0.06443911790847778,0.8502432703971863,0.003995651379227638,0.0177001953125,0.38986432552337646
248,507904,634,0.5118479341268539,9.98,312,-0.008523578755557537,0.06527829170227051,0.8924760222434998,0.004132356494665146,0.038818359375,0.38480085134506226
249,509952,634,0.4836776876449585,8.94,328,-0.018313545733690262,0.07479277998209,0.8702666759490967,0.004377584904432297,0.0181884765625,0.37697944045066833
250,512000,634,0.4243024796247482,8.92,323,-0.00047684134915471077,0.069638192653656,0.8806872367858887,0.0022960836067795753,0.0220947265625,0.3569904565811157
251,514048,635,0.5421008265018463,9.69,308,-0.006542712450027466,0.0647459402680397,0.945161759853363,0.007515061646699905,0.03271484375,0.3516784608364105
252,516096,635,0.44382644414901734,8.95,327,-0.01441208180040121,0.07131519168615341,0.9243130087852478,0.0028244084678590298,0.017333984375,0.3450877368450165
253,518144,635,0.6021454536914825,9.04,312,-0.00592358224093914,0.06948893517255783,0.862817108631134,0.002745742443948984,0.0133056640625,0.36164143681526184
254,520192,634,0.46369256138801573,8.73,307,-0.012562217190861702,0.06450715661048889,0.8845691084861755,0.003819061676040292,0.0294189453125,0.3604094982147217
255,522240,633,0.503261159658432,9.16,288,-0.009740423411130905,0.06086672097444534,0.9186728596687317,0.003323267912492156,0.0169677734375,0.3637343943119049
256,524288,633,0.6012826460599899,9.55,283,-0.006248636171221733,0.06383524090051651,0.8350677490234375,0.004262316972017288,0.026611328125,0.34147077798843384
257,526336,633,0.5419074392318726,15.96,280,-0.009509975090622902,0.057629384100437164,0.8311190605163574,0.0032053678296506405,0.02490234375,0.3582437336444855
258,528384,633,0.44397520542144775,9.17,309,-0.01002517156302929,0.06843595206737518,0.8696500062942505,0.002075389726087451,0.0238037109375,0.33719927072525024
259,530432,633,0.5122793406248093,9.81,301,-0.01196256373077631,0.0678851529955864,0.903139591217041,0.009342184290289879,0.0372314453125,0.33976608514785767
260,532480,633,0.5119074374437332,9.62,307,0.0003089848905801773,0.06593696773052216,0.9720835089683533,0.008172179572284222,0.044921875,0.3291834592819214
261,534528,633,0.3945256215333939,8.71,300,-0.005514062941074371,0.06336028128862381,1.0485711097717285,0.006604133173823357,0.0611572265625,0.32829558849334717
262,536576,633,0.54187768638134,9.83,287,0.0005042888224124908,0.060262713581323624,0.9779012203216553,0.0034816002007573843,0.0223388671875,0.3625764548778534
263,538624,633,0.41385619819164277,10.03,294,-0.00703166238963604,0.06317821145057678,1.0196444988250732,0.006044387351721525,0.035400390625,0.37565118074417114
264,540672,633,0.38343967020511627,10.34,289,-0.01553516648709774,0.06000134348869324,1.0930676460266113,0.007209806237369776,0.04248046875,0.3560258150100708
265,542720,633,0.4428000020980835,10.44,286,-0.015072472393512726,0.05834826081991196,1.1275086402893066,0.0051476480439305305,0.0355224609375,0.3716583847999573
266,544768,633,0.5027553731203079,10.64,259,-0.01270129531621933,0.05525815859436989,1.1821953058242798,0.005332015920430422,0.02587890625,0.3810359835624695
267,546816,633,0.5204347103834153,12.03,249,-0.016829930245876312,0.04864903539419174,1.1120643615722656,0.005762322340160608,0.0230712890625,0.39651769399642944
268,548864,633,0.48269586861133573,11.47,249,-0.00842885673046112,0.048520658165216446,1.0485464334487915,0.008241121657192707,0.0224609375,0.3871152997016907
269,550912,633,0.4930380171537399,9.56,263,-0.018250763416290283,0.05537325143814087,1.0034191608428955,0.005428656004369259,0.0269775390625,0.3848680555820465
270,552960,633,0.4825471091270447,11.76,271,-0.011603279039263725,0.05952415242791176,1.0553505420684814,0.0036980954464524984,0.0203857421875,0.3472820520401001
271,555008,633,0.5417884308099746,10.28,279,-0.007261287420988083,0.06182115152478218,1.023993730545044,0.003508281894028187,0.0264892578125,0.35259124636650085
272,557056,633,0.46205619871616366,10.58,283,-0.003912951797246933,0.06016702204942703,1.0498754978179932,0.004843304865062237,0.0389404296875,0.3528348505496979
273,559104,633,0.4533057862520218,10.61,300,-0.014607645571231842,0.06681931763887405,1.0078643560409546,0.007461966015398502,0.040771484375,0.34688836336135864
274,561152,633,0.482904132604599,9.59,313,-0.0012509040534496307,0.06737932562828064,0.9551324844360352,0.005493025295436382,0.0340576171875,0.3629612922668457
275,563200,633,0.5126661151647568,9.52,320,-0.006295453757047653,0.07175061106681824,0.965987503528595,0.003681807778775692,0.0260009765625,0.3407951593399048
276,565248,633,0.5618479353189468,9.8,302,-0.010553324595093727,0.06763648241758347,0.9331502914428711,0.0024213790893554688,0.03173828125,0.3458763062953949
277,567296,633,0.4725768595933914,10.05,311,-0.012334614060819149,0.06929954886436462,1.0140647888183594,0.0033490126952528954,0.0233154296875,0.32977673411369324
278,569344,633,0.4735438042879105,9.43,306,-0.006215780042111874,0.06895238161087036,0.9780961275100708,0.004270089790225029,0.0380859375,0.3363482356071472
279,571392,633,0.5032165306806564,8.84,306,-0.008599958382546902,0.06979061663150787,0.9450835585594177,0.0023757184389978647,0.01513671875,0.3369657099246979
280,573440,633,0.53245785176754,9.3,299,-0.012122029438614845,0.06113998591899872,0.9526869654655457,0.0056157587096095085,0.0338134765625,0.33303213119506836
281,575488,633,0.48315702617168427,9.32,293,-0.01717284321784973,0.06200597435235977,0.9439549446105957,0.0043705059215426445,0.0423583984375,0.3387245237827301
282,577536,633,0.43271074414253236,10.8,271,-0.007796390913426876,0.056758586317300797,1.034997582435608,0.0071319094859063625,0.04833984375,0.34710198640823364
283,579584,633,0.5627404993772507,9.03,280,-0.021744724363088608,0.0655653327703476,1.0762608051300049,0.0038580873515456915,0.028076171875,0.322918176651001
284,581632,633,0.5425024825334549,9.78,265,-0.00646868534386158,0.05209333077073097,1.0540430545806885,0.004341594409197569,0.0264892578125,0.3502451181411743
285,583680,633,0.442442974448204,10.59,246,-0.00967147946357727,0.04920727759599686,1.0559899806976318,0.0033108415082097054,0.0390625,0.3652369976043701
286,585728,633,0.48152066111564634,16.87,256,-0.010942026972770691,0.05431123822927475,1.0100711584091187,0.007079875096678734,0.041015625,0.36256611347198486
287,587776,633,0.434049586057663,15.87,283,-0.012234006077051163,0.061756111681461334,1.0174177885055542,0.00478830561041832,0.026611328125,0.34755533933639526
288,589824,633,0.5218776887655259,9.99,294,-0.009151101112365723,0.06434707343578339,1.0008827447891235,0.005494194105267525,0.0296630859375,0.3420030474662781
289,591872,633,0.5020859515666962,16.51,290,-0.005476789083331823,0.06387350708246231,0.9572343826293945,0.0040848590433597565,0.031494140625,0.34877628087997437
290,593920,633,0.48330578684806824,9.34,311,-0.010492200963199139,0.06331469863653183,0.9051247835159302,0.0050061852671206,0.032470703125,0.36174923181533813
291,595968,633,0.4929636359214783,9.49,293,-0.005790680646896362,0.06566686183214188,0.9295927286148071,0.004637773614376783,0.0440673828125,0.3572838306427002
292,598016,633,0.5431570261716843,8.52,299,-0.007315835915505886,0.06089906767010689,0.8996844291687012,0.004578758031129837,0.025634765625,0.3665706515312195
293,600064,632,0.5910446310043335,10.26,279,-0.007541473954916,0.06249929964542389,0.9330056309700012,0.004501968622207642,0.018798828125,0.3635886013507843
294,602112,632,0.4533355391025543,15.42,315,0.001415511593222618,0.06615718454122543,0.884544312953949,0.0024302531965076923,0.030517578125,0.3619317412376404
295,604160,632,0.5325768601894378,9.44,303,-0.0047293975949287415,0.06626490503549576,0.8479503393173218,0.0026838744524866343,0.0224609375,0.37255430221557617
296,606208,632,0.5587090927362443,11.25,321,-0.006002213805913925,0.06817404180765152,0.8840312957763672,0.0040742624551057816,0.0242919921875,0.36593902111053467
297,608256,633,0.4828297543525696,9.46,320,-0.008774042129516602,0.06849463284015656,0.8617743253707886,0.0041114091873168945,0.0177001953125,0.35993605852127075
298,610304,633,0.5822347116470337,8.86,323,-0.018350277096033096,0.07227493077516556,0.9312126636505127,0.005504859611392021,0.0450439453125,0.3541238307952881
299,612352,633,0.4339603304862976,9.42,315,-0.002480529248714447,0.070618636906147,0.9116318225860596,0.006447894033044577,0.0474853515625,0.3521577715873718
300,614400,633,0.5129636394977569,9.36,322,-0.010603763163089752,0.07246021181344986,0.9349831342697144,0.003904340323060751,0.0445556640625,0.3665924072265625
301,616448,633,0.5428743815422058,8.79,326,0.0006880834698677063,0.07454219460487366,0.9184379577636719,0.0026993732899427414,0.0235595703125,0.38428449630737305
302,618496,633,0.4342429769039154,9.36,310,-0.009730768389999866,0.06949387490749359,0.989954948425293,0.0034705514553934336,0.01904296875,0.3787383437156677
303,620544,633,0.5126958692073822,9.91,311,-0.016483034938573837,0.06900204718112946,0.9921690225601196,0.0028422530740499496,0.02490234375,0.3973690867424011
304,622592,633,0.5309107446670532,11.13,287,-0.011145422235131264,0.060161929577589035,0.9428873062133789,0.012097766622900963,0.0333251953125,0.4002840518951416
305,624640,633,0.4436479353904724,9.47,297,-0.009900129400193691,0.06753692030906677,0.8936807513237,0.004405106417834759,0.0289306640625,0.427731990814209
306,626688,633,0.3949570256471634,12.7,299,-0.00045671314001083374,0.0621783584356308,0.9278963804244995,0.0027108166832476854,0.030517578125,0.42232030630111694
307,628736,633,0.4723834711313248,10.21,294,-0.010607605800032616,0.0637320801615715,0.9530046582221985,0.004726151470094919,0.041748046875,0.4311688542366028
308,630784,633,0.45357355356216433,9.8,299,-0.011951989494264126,0.06456266343593597,0.9840075969696045,0.00466373935341835,0.0262451171875,0.4500471353530884
309,632832,633,0.5225768595933914,9.9,293,-0.011476675048470497,0.06542966514825821,0.9718987345695496,0.003181490581482649,0.02734375,0.4591072201728821
310,634880,633,0.44278512477874754,10.04,293,0.006649859249591827,0.0647502988576889,1.0067614316940308,0.007051615975797176,0.0374755859375,0.46397075057029724
311,636928,633,0.5114909112453461,10.65,281,-0.012425947934389114,0.056551989167928696,1.0418897867202759,0.004067720379680395,0.03369140625,0.4715800881385803
312,638976,633,0.502487605214119,10.47,283,-0.006857028231024742,0.05923385173082352,1.0309845209121704,0.005178441293537617,0.013916015625,0.4650876522064209
313,641024,633,0.4232909083366394,10.62,277,-0.0070940181612968445,0.0632154792547226,1.0896167755126953,0.00220156810246408,0.020751953125,0.459695428609848
314,643072,633,0.48229421555995944,10.45,282,-0.007589086890220642,0.06245031580328941,1.0408917665481567,0.0037566060200333595,0.0269775390625,0.4638076722621918
315,645120,633,0.49280000329017637,10.08,296,-0.010707645677030087,0.07016599923372269,1.092497706413269,0.0036695338785648346,0.0206298828125,0.4371313154697418
316,647168,633,0.4234099179506302,10.25,301,-0.004830583930015564,0.06311275064945221,1.0400538444519043,0.0075238049030303955,0.0396728515625,0.4367610216140747
317,649216,633,0.5506281012296677,11.07,281,-0.009717646986246109,0.060720283538103104,1.0755114555358887,0.003966927528381348,0.026123046875,0.44281846284866333
318,651264,634,0.5216247946023941,10.34,291,-0.018034067004919052,0.06271978467702866,1.0226191282272339,0.004494526889175177,0.020263671875,0.44916847348213196
319,653312,634,0.5514909088611603,10.41,280,-0.007773067802190781,0.06332027167081833,1.059007167816162,0.004036863334476948,0.0404052734375,0.4571898877620697
320,655360,633,0.44213057935237887,11.52,274,-0.013638181611895561,0.0595485083758831,1.0663270950317383,0.004894451703876257,0.0313720703125,0.46740585565567017
321,657408,633,0.49435041382908823,16.03,271,-0.011575637385249138,0.058454789221286774,1.0802721977233887,0.009225585497915745,0.029541015625,0.4392070770263672
322,659456,633,0.5113570278882981,11.0,290,-0.009410987608134747,0.06615902483463287,1.0699673891067505,0.007003338076174259,0.0299072265625,0.4388796389102936
323,661504,633,0.5122198355197907,10.76,292,-0.013045132160186768,0.06342378258705139,0.9857750535011292,0.008371822535991669,0.0482177734375,0.44100773334503174
324,663552,633,0.3945256209373474,9.79,309,-0.00012095877900719643,0.06790457665920258,0.9901659488677979,0.0056450702250003815,0.0225830078125,0.44584351778030396
325,665600,633,0.5906876039505005,10.65,297,-0.010446678847074509,0.06623261421918869,0.9961646795272827,0.006211266852915287,0.0343017578125,0.44948458671569824
326,667648,633,0.43422810196876527,8.85,326,-0.004830462392419577,0.0711248517036438,1.0100078582763672,0.0034552093129605055,0.0364990234375,0.4372020661830902
327,669696,634,0.5120413249731064,10.65,286,-0.010983062908053398,0.06343673914670944,0.9341230392456055,0.006320597603917122,0.0218505859375,0.4862889051437378
328,671744,634,0.5710297524929047,10.57,285,-0.01795615442097187,0.061944298446178436,0.9150946736335754,0.004949604161083698,0.0423583984375,0.49736449122428894
329,673792,634,0.5022049587965012,9.86,280,-0.008118394762277603,0.057605352252721786,0.923774242401123,0.002806825330480933,0.0350341796875,0.5067853927612305
330,675840,634,0.4832909107208252,9.03,299,-0.008862679824233055,0.05965854227542877,0.88662189245224,0.002194550819694996,0.0345458984375,0.5182704329490662
331,677888,634,0.43394545555114744,15.24,290,-0.013173358514904976,0.0558646097779274,0.8631936311721802,0.0023573560174554586,0.030029296875,0.5389196872711182
332,679936,634,0.5316396701335907,10.44,292,-0.016488414257764816,0.06380068510770798,0.9076361656188965,0.006993128918111324,0.037109375,0.4976014494895935
333,681984,634,0.4532909095287323,9.89,290,-0.0021698279306292534,0.06443119794130325,0.9789878129959106,0.0030724075622856617,0.0152587890625,0.5216459035873413
334,684032,634,0.5518925625085831,9.44,305,-0.009472712874412537,0.0639655813574791,0.9335423707962036,0.0034883455373346806,0.0399169921875,0.5048002600669861
335,686080,634,0.5420859497785568,9.83,275,-0.004304993897676468,0.06306827813386917,0.834833562374115,0.004536016844213009,0.0347900390625,0.5374700427055359
336,688128,634,0.49281487584114075,9.48,278,-0.011768598109483719,0.059788789600133896,0.9618887901306152,0.0027529732324182987,0.025146484375,0.502598762512207
337,690176,634,0.5122198355197907,9.77,292,-0.008700158447027206,0.06383433938026428,0.9461881518363953,0.006095589138567448,0.029296875,0.5125396251678467
338,692224,634,0.5417140531539917,9.98,295,-0.002291666343808174,0.06521358340978622,0.9313587546348572,0.007996048778295517,0.0330810546875,0.5611457824707031
339,694272,634,0.5216545450687409,10.04,277,-0.011220771819353104,0.05682811513543129,1.008669376373291,0.0063431644812226295,0.02880859375,0.5749232769012451
340,696320,634,0.4921752095222473,10.83,280,-0.007074612192809582,0.06282777339220047,0.9834575057029724,0.0034581131767481565,0.0225830078125,0.5567125082015991
341,698368,634,0.4824429774284363,9.4,291,-0.0030650589615106583,0.0615665577352047,0.9942510724067688,0.0053236703388392925,0.0260009765625,0.5625122785568237
342,700416,634,0.4425619852542877,10.8,279,0.004646267741918564,0.06058334559202194,0.9989302158355713,0.003784802043810487,0.0205078125,0.5532878637313843
343,702464,634,0.4631272751092911,15.99,288,-0.007044235244393349,0.06114658713340759,1.0503541231155396,0.003266226500272751,0.0267333984375,0.5339227318763733
344,704512,634,0.44260661423206327,9.89,298,-0.020332135260105133,0.0659111887216568,1.0062981843948364,0.005049648694694042,0.0452880859375,0.5442589521408081
345,706560,635,0.49205619990825655,10.52,304,-0.007080428302288055,0.06974516808986664,0.9675778150558472,0.004361874423921108,0.0255126953125,0.5553537607192993
346,708608,635,0.47268099188804624,10.17,295,-0.0035547390580177307,0.0677831694483757,0.9648544192314148,0.0032812163699418306,0.0242919921875,0.5345853567123413
347,710656,635,0.47287438094615936,9.63,296,-0.0009308625012636185,0.06842679530382156,0.9565862417221069,0.0023076599463820457,0.0228271484375,0.5631259679794312
348,712704,635,0.5584115731716156,12.41,292,-0.006134537979960442,0.06408726423978806,0.9080486297607422,0.005090769845992327,0.02490234375,0.5796993374824524
349,714752,635,0.502309091091156,9.72,309,-0.014111528173089027,0.06681163609027863,0.9890483617782593,0.005393684841692448,0.03076171875,0.559771716594696
350,716800,635,0.3640942144393921,10.62,304,-0.007409293204545975,0.06998097151517868,1.011375069618225,0.0042594559490680695,0.02978515625,0.560897707939148
351,718848,635,0.4526809924840927,10.45,290,-0.014343691989779472,0.06271855533123016,1.0351836681365967,0.0021813586354255676,0.023193359375,0.5544292330741882
352,720896,635,0.45293388605117796,10.49,305,-0.0023667551577091217,0.06779035925865173,1.0681629180908203,0.007779576815664768,0.0238037109375,0.5418868064880371
353,722944,635,0.5320413261651993,9.74,298,-0.004723973572254181,0.06230943650007248,1.0232585668563843,0.0034788139164447784,0.02099609375,0.5541503429412842
354,724992,635,0.46238347351551057,11.82,288,-0.01040627621114254,0.06185619533061981,1.0430922508239746,0.003485107561573386,0.0223388671875,0.5517469644546509
355,727040,635,0.5124727267026902,10.47,294,-0.007064023986458778,0.065813809633255,1.0363948345184326,0.004365579225122929,0.0218505859375,0.582735538482666
356,729088,635,0.5212380164861679,10.69,291,-0.012491689994931221,0.06256103515625,1.055496335029602,0.007450422737747431,0.030517578125,0.5742009878158569
357,731136,635,0.5799884295463562,11.21,292,-0.006196100264787674,0.06431030482053757,1.0918793678283691,0.003193072509020567,0.025390625,0.5653078556060791
358,733184,635,0.5115355372428894,10.56,293,6.887875497341156e-05,0.062876857817173,1.0200576782226562,0.004391418769955635,0.01953125,0.5831879377365112
359,735232,635,0.4434099191427231,10.08,285,-0.009105485863983631,0.0637529268860817,0.992598831653595,0.003295828588306904,0.014892578125,0.570128321647644
360,737280,635,0.45315702438354494,9.99,285,-0.01453348994255066,0.06278561800718307,0.9484199285507202,0.004016902297735214,0.03369140625,0.5747605562210083
361,739328,635,0.5706429755687714,10.49,288,-0.0027616769075393677,0.06515505909919739,0.9537657499313354,0.001603002892807126,0.0242919921875,0.5623488426208496
362,741376,635,0.5123983484506607,10.09,292,-0.008642498403787613,0.06058519333600998,0.8824284076690674,0.0022580227814614773,0.0211181640625,0.5843019485473633
363,743424,635,0.5223239666223526,15.55,297,-0.00036443211138248444,0.06819896399974823,0.9276860356330872,0.0033216557931154966,0.021728515625,0.5337928533554077
364,745472,635,0.4732016521692276,9.36,313,-0.012377697974443436,0.07167103886604309,0.9049111008644104,0.0029744612984359264,0.02294921875,0.5440135598182678
365,747520,635,0.47265124022960664,10.24,311,-0.010145649313926697,0.06857732683420181,0.8833789229393005,0.003867601277306676,0.0303955078125,0.5594070553779602
366,749568,635,0.4235735559463501,9.8,305,-0.005480318330228329,0.06721820682287216,0.8672983646392822,0.0026446646079421043,0.0135498046875,0.5644567608833313
367,751616,635,0.5129933887720108,9.42,317,-0.009137582033872604,0.07303710281848907,0.8327444195747375,0.0037685136776417494,0.0179443359375,0.5450855493545532
368,753664,635,0.4537966954708099,9.31,316,-0.01296987198293209,0.0692233294248581,0.8706410527229309,0.0028370388317853212,0.0262451171875,0.5625814199447632
369,755712,635,0.48284462869167327,9.39,303,-0.004324100911617279,0.0711694210767746,0.9160521030426025,0.004812887869775295,0.0234375,0.5384379625320435
370,757760,635,0.4695272731781006,12.06,298,-0.0055640749633312225,0.06362186372280121,0.9447892308235168,0.005481400061398745,0.0234375,0.561368465423584
371,759808,635,0.48247272849082945,10.32,313,-0.005983276292681694,0.07039950788021088,0.8785712122917175,0.003357297508046031,0.0252685546875,0.5762577056884766
372,761856,636,0.4635586768388748,9.57,314,-0.0136598851531744,0.07000534981489182,0.9439070224761963,0.0036832240875810385,0.0296630859375,0.5512349605560303
373,763904,636,0.4633801686763763,9.6,306,-0.00620481139048934,0.06969751417636871,0.9634772539138794,0.005867962725460529,0.0257568359375,0.539374053478241
374,765952,636,0.46339504301548007,10.03,291,-0.004662320017814636,0.062432125210762024,1.0051872730255127,0.00475680734962225,0.0223388671875,0.534220814704895
375,768000,636,0.4822049605846405,10.84,276,-0.010612218640744686,0.06085466966032982,1.024600625038147,0.0037658896762877703,0.028076171875,0.5382176041603088
376,770048,636,0.520851240158081,10.88,264,0.002455906942486763,0.059023138135671616,1.0336586236953735,0.002329026348888874,0.02734375,0.5581009387969971
377,772096,636,0.49305289328098295,10.27,264,-0.015711894258856773,0.05961168184876442,0.981197714805603,0.011535940691828728,0.0369873046875,0.5590150356292725
378,774144,636,0.4926363641023636,10.61,277,-0.0030832439661026,0.06372405588626862,0.986219048500061,0.007435081992298365,0.0284423828125,0.5645990371704102
379,776192,636,0.43378181755542755,9.71,290,-0.00593282375484705,0.06527671962976456,0.9235603213310242,0.00572914257645607,0.0242919921875,0.5728733539581299
380,778240,636,0.5124132192134857,9.81,295,-0.012576463632285595,0.06667260825634003,0.9181939363479614,0.0036205456126481295,0.017822265625,0.5705180764198303
381,780288,636,0.4733652901649475,14.59,299,-0.005046281963586807,0.06667455285787582,1.0246059894561768,0.00400053383782506,0.01708984375,0.5577483177185059
382,782336,636,0.5508661162853241,10.19,303,-0.010283751413226128,0.06539042294025421,1.0482643842697144,0.004644141066819429,0.0340576171875,0.5563482046127319
383,784384,636,0.44303801596164705,10.63,299,-0.009660317562520504,0.06642143428325653,1.0700452327728271,0.003824210027232766,0.0262451171875,0.5383443832397461
384,786432,636,0.5116842979192734,10.05,296,-0.009115305729210377,0.0635007917881012,1.1030919551849365,0.005165940150618553,0.0333251953125,0.5453182458877563
385,788480,637,0.47202644765377044,10.89,282,-0.01600700058043003,0.06198427453637123,1.0495272874832153,0.005577263422310352,0.0174560546875,0.579289972782135
386,790528,637,0.4616694229841232,10.78,294,-0.008067646995186806,0.06667790561914444,1.1137174367904663,0.007021227851510048,0.0377197265625,0.5257725119590759
387,792576,637,0.5212677693367005,10.91,285,-0.01648043841123581,0.06384409964084625,1.1561427116394043,0.00874510407447815,0.02685546875,0.5459044575691223
388,794624,637,0.5312677675485611,10.98,277,-0.005405796691775322,0.06560447812080383,1.2191022634506226,0.004963293205946684,0.029052734375,0.5381935238838196
389,796672,637,0.41278512418270114,12.42,267,-0.0014644451439380646,0.060970865190029144,1.223899483680725,0.004543943330645561,0.01708984375,0.5670552253723145
390,798720,637,0.5396909093856812,12.67,262,-0.0054973457008600235,0.05947137251496315,1.2226868867874146,0.0023899709340184927,0.0135498046875,0.5320706367492676
391,800768,637,0.4909553700685501,12.02,276,-0.009804937988519669,0.06449583917856216,1.1931918859481812,0.0066313184797763824,0.0355224609375,0.5319623351097107
392,802816,637,0.5403157025575638,11.14,265,-0.015565719455480576,0.06202271953225136,1.1491961479187012,0.004629060626029968,0.029541015625,0.49762141704559326
393,804864,637,0.491996693611145,11.17,260,-0.010222755372524261,0.05264754965901375,1.1816221475601196,0.002947745146229863,0.0213623046875,0.5040076971054077
394,806912,637,0.5114016538858414,11.47,254,-0.016767796128988266,0.06007798761129379,1.1273301839828491,0.004381160251796246,0.025146484375,0.5102605819702148
395,808960,637,0.4129636359214783,11.68,258,-0.01927947625517845,0.05101067200303078,1.0959055423736572,0.004592283628880978,0.021240234375,0.5366748571395874
396,811008,637,0.457995041012764,19.03,279,-0.004448479041457176,0.061684686690568924,1.0787365436553955,0.003028047503903508,0.024169921875,0.524735689163208
397,813056,637,0.47282975375652314,10.03,303,-0.01164370309561491,0.06956727057695389,1.1007803678512573,0.005761425942182541,0.022705078125,0.5357933640480042
398,815104,637,0.4227553725242615,10.14,294,-0.01694301888346672,0.06881625205278397,1.1824623346328735,0.003815671429038048,0.0321044921875,0.507448673248291
399,817152,637,0.4916842967271805,11.73,276,-0.01178818941116333,0.05944235622882843,1.1568479537963867,0.004062222316861153,0.0272216796875,0.5193115472793579
400,819200,637,0.4728743803501129,10.11,281,-0.012744590640068054,0.06212649494409561,1.101718544960022,0.004611304961144924,0.02197265625,0.5481570959091187
401,821248,637,0.4423983472585678,10.8,279,-0.010966191068291664,0.06072375550866127,1.1939995288848877,0.0066027031280100346,0.017822265625,0.5429053902626038
402,823296,637,0.5109553724527359,11.49,259,-0.009478215128183365,0.053053345531225204,1.2017779350280762,0.0021434088703244925,0.017822265625,0.5689538717269897
403,825344,637,0.4815057855844498,12.18,255,-0.013272151350975037,0.05201190710067749,1.2615381479263306,0.008748156018555164,0.0467529296875,0.5395456552505493
404,827392,637,0.5889768594503403,18.49,247,-0.01584434136748314,0.05274796485900879,1.1810219287872314,0.030523736029863358,0.02209051724137931,0.5635870695114136
405,829440,637,0.4423388427495956,11.68,252,-0.006233459338545799,0.051972366869449615,1.1734338998794556,0.004015681333839893,0.0194091796875,0.5453659296035767
406,831488,637,0.46220495998859407,11.2,245,-0.01591404154896736,0.05081356316804886,1.1060545444488525,0.009346523322165012,0.0263671875,0.5446107387542725
407,833536,637,0.42346942245960234,10.34,273,-0.01565590500831604,0.05817051976919174,1.103395700454712,0.004695689305663109,0.0185546875,0.5469788312911987
408,835584,637,0.4533057850599289,10.32,268,-0.01885562762618065,0.0575396791100502,1.024232268333435,0.004782392177730799,0.0230712890625,0.547455906867981
409,837632,637,0.48287437975406644,10.41,261,-0.005602247081696987,0.049952179193496704,1.0194525718688965,0.004500729963183403,0.0159912109375,0.5531101226806641
410,839680,637,0.5427107459306717,9.37,282,-0.012750464491546154,0.05916399136185646,0.8912737369537354,0.004811559803783894,0.021484375,0.5664838552474976
411,841728,637,0.3742429757118225,10.46,264,-0.006134383380413055,0.05542140081524849,1.0036859512329102,0.007996190339326859,0.0411376953125,0.5427916646003723
412,843776,637,0.5117586767673492,11.0,268,-0.007243016734719276,0.05401426553726196,0.9533264636993408,0.0021842147689312696,0.02197265625,0.5534012913703918
413,845824,637,0.5809256201982498,16.11,254,-0.008163444697856903,0.05042112618684769,1.0049382448196411,0.0017629219219088554,0.0238037109375,0.5579890012741089
414,847872,637,0.5028595042228698,9.3,272,-0.0016336613334715366,0.05335123836994171,1.0073119401931763,0.0029091713950037956,0.02490234375,0.5665963888168335
415,849920,636,0.4625173556804657,16.24,270,-0.01181346271187067,0.0587068535387516,0.9988865852355957,0.002591310767456889,0.0218505859375,0.5691961646080017
416,851968,636,0.5013867777585983,10.61,268,-0.013881182298064232,0.054381709545850754,1.066562294960022,0.005315341055393219,0.0462646484375,0.5442842245101929
417,854016,636,0.46338016450405123,21.77,247,-0.007167146075516939,0.04540541395545006,1.0521581172943115,0.006116823293268681,0.0164794921875,0.568389892578125
418,856064,636,0.4538859522342682,9.37,276,-0.015069760382175446,0.056959282606840134,1.002427577972412,0.003950968384742737,0.0174560546875,0.5450582504272461
419,858112,636,0.5417735558748246,9.93,262,-0.009114453569054604,0.05231187865138054,1.058239221572876,0.0043371571227908134,0.016845703125,0.5113556385040283
420,860160,636,0.5134396719932556,10.93,261,-0.011538084596395493,0.04961540922522545,1.0370734930038452,0.003096161410212517,0.0216064453125,0.5118962526321411
421,862208,637,0.5320264458656311,16.08,262,0.0014842450618743896,0.049311645328998566,1.0564398765563965,0.004179868847131729,0.0220947265625,0.5298599004745483
422,864256,637,0.3950314062833786,10.0,265,-0.00598658062517643,0.052970562130212784,1.1067314147949219,0.00522708659991622,0.023681640625,0.49675172567367554
423,866304,637,0.5710595023632049,10.52,263,-0.01012792531400919,0.05346061289310455,1.0541006326675415,0.0029476438648998737,0.0184326171875,0.5056433081626892
424,868352,636,0.5027256208658218,10.22,259,-0.01927768625319004,0.053708359599113464,1.0148520469665527,0.007361212745308876,0.0391845703125,0.5044171810150146
425,870400,636,0.45275537252426146,16.2,246,-0.012086410075426102,0.04564030095934868,1.0814708471298218,0.005008819978684187,0.0321044921875,0.5029799938201904
426,872448,636,0.48927438259124756,14.73,280,-0.013332171365618706,0.05811401084065437,1.0100998878479004,0.002052299678325653,0.016357421875,0.5105649828910828
427,874496,636,0.5040198367834091,8.79,302,-0.004136858507990837,0.06115782633423805,1.027258276939392,0.0034398857969790697,0.0201416015625,0.4844609498977661
428,876544,636,0.49303801596164704,9.83,280,-0.00908062793314457,0.06246987730264664,1.0764234066009521,0.002919528167694807,0.023681640625,0.5006555318832397
429,878592,636,0.5703008264303208,16.42,266,0.0009621363133192062,0.054954446852207184,1.1134767532348633,0.002679609227925539,0.0223388671875,0.5145227909088135
430,880640,636,0.4819818186759949,10.84,266,-0.007026742212474346,0.05760366842150688,1.0609521865844727,0.004844268783926964,0.0311279296875,0.5010184049606323
431,882688,636,0.502517357468605,9.5,272,-0.005588073283433914,0.05341669172048569,1.1438543796539307,0.004551621153950691,0.0228271484375,0.49724602699279785
432,884736,636,0.48281487584114074,10.78,256,-0.015494070947170258,0.05009041354060173,1.1015944480895996,0.004209027625620365,0.0234375,0.48652365803718567
433,886784,636,0.49291900992393495,10.12,250,-0.0067970361560583115,0.05024874210357666,1.0338890552520752,0.003294450929388404,0.0189208984375,0.5005761384963989
434,888832,636,0.3819520658254623,11.49,260,-0.016329901292920113,0.0517534464597702,1.0369588136672974,0.006849206052720547,0.021728515625,0.4905325174331665
435,890880,636,0.49262148797512056,14.6,271,-0.012136667966842651,0.05673157796263695,0.9167260527610779,0.0032689168583601713,0.017578125,0.510877251625061
436,892928,636,0.5027553713321686,9.24,288,-0.008454803377389908,0.06251782178878784,0.9655839800834656,0.00358291482552886,0.02490234375,0.4740985333919525
437,894976,636,0.512442975640297,21.44,293,-0.019274888560175896,0.06656531989574432,0.891344428062439,0.00746680423617363,0.02587890625,0.5058319568634033
438,897024,636,0.513186776638031,9.18,321,-0.00042812619358301163,0.0739348903298378,0.8687477707862854,0.004241881892085075,0.0242919921875,0.4815084934234619
439,899072,636,0.5121157038211822,10.7,312,-0.007230188697576523,0.06836320459842682,0.8614292144775391,0.0032048081047832966,0.0335693359375,0.4971175789833069
440,901120,636,0.5525619828701019,8.41,326,0.0023948708549141884,0.07218649238348007,0.8707624673843384,0.004332881420850754,0.0284423828125,0.5036139488220215
441,903168,637,0.5021454530954361,9.78,312,-0.008145902305841446,0.07434988766908646,0.9065800309181213,0.0026529990136623383,0.013427734375,0.4630418121814728
442,905216,637,0.5130231416225434,9.57,314,-0.008953853510320187,0.06889162957668304,0.8696048855781555,0.00698213092982769,0.01904296875,0.490915983915329
443,907264,636,0.5027404952049256,9.49,303,-0.005302306264638901,0.06811589747667313,0.8466702103614807,0.0033890206832438707,0.016357421875,0.49027881026268005
444,909312,637,0.5821157044172287,9.29,315,-0.0044416338205337524,0.0706811398267746,0.8283501267433167,0.0034934200812131166,0.023681640625,0.4863497316837311
445,911360,637,0.41241322457790375,10.55,301,-0.01094158086925745,0.0642852932214737,0.8322204947471619,0.003761876840144396,0.0234375,0.49291926622390747
446,913408,637,0.46348429799079893,8.93,304,-0.006367860361933708,0.06583552807569504,0.9267266988754272,0.0043879663571715355,0.03466796875,0.475907564163208
447,915456,637,0.5126066124439239,10.82,291,-0.012711450457572937,0.0623762384057045,0.984858512878418,0.0030688438564538956,0.0274658203125,0.46957528591156006
448,917504,637,0.562472729086876,8.66,309,-0.013727291487157345,0.06640356779098511,0.8857191801071167,0.004504387266933918,0.0352783203125,0.4510304033756256
449,919552,637,0.394585126042366,10.0,296,-0.008948350325226784,0.06452753394842148,0.9286049008369446,0.0032144782599061728,0.0255126953125,0.4620461165904999
450,921600,637,0.5126958680152893,9.63,314,-0.014915324747562408,0.07104332000017166,0.8610332012176514,0.002694072900339961,0.0186767578125,0.4856940805912018
451,923648,637,0.49281487464904783,9.43,317,-0.013752859085798264,0.07179316878318787,0.8870104551315308,0.004610062576830387,0.027587890625,0.5190229415893555
452,925696,636,0.502591735124588,9.72,323,-0.015582212246954441,0.07035115361213684,0.9654322862625122,0.003055173670873046,0.026123046875,0.5004727840423584
453,927744,636,0.5124727261066436,9.72,311,-0.00993647612631321,0.07025837898254395,0.9162489175796509,0.006615731865167618,0.03271484375,0.5115435719490051
454,929792,635,0.4534396708011627,9.34,316,-0.007040821015834808,0.07596644014120102,0.938522219657898,0.0027804465498775244,0.0206298828125,0.4997115731239319
455,931840,635,0.4919223141670227,9.88,313,-0.002297932282090187,0.07488459348678589,1.0192110538482666,0.012216628529131413,0.0255126953125,0.4589853882789612
456,933888,634,0.5025322318077088,9.9,309,-0.01407255046069622,0.07073720544576645,0.9223670363426208,0.008534067310392857,0.030029296875,0.49551498889923096
457,935936,634,0.512204959988594,9.33,322,-0.008927837014198303,0.07526524364948273,0.9773982763290405,0.0064528826624155045,0.0274658203125,0.46838340163230896
458,937984,634,0.5420413237810134,9.69,309,-0.004574548453092575,0.0691969096660614,0.9472720623016357,0.0036110219080001116,0.0120849609375,0.4988090395927429
459,940032,633,0.5031123960018158,9.17,315,-0.006051519885659218,0.06958012282848358,0.9468038082122803,0.0050099859945476055,0.0223388671875,0.48026686906814575
460,942080,633,0.37448099195957185,9.53,305,-0.012193509377539158,0.0700480043888092,0.9253456592559814,0.003460884327068925,0.026611328125,0.4869336485862732
461,944128,633,0.5126512402296066,9.89,316,-0.002239847555756569,0.07239341735839844,0.9252141118049622,0.0014484880957752466,0.0155029296875,0.46018749475479126
462,946176,633,0.4924727296829224,10.03,313,-0.013599472120404243,0.07107050716876984,0.958043098449707,0.0025500564370304346,0.019287109375,0.4699878692626953
463,948224,633,0.5515801692008973,9.75,312,-0.021968260407447815,0.06970715522766113,0.9880833625793457,0.008616461418569088,0.0361328125,0.4832088351249695
464,950272,633,0.5022347104549408,10.09,304,-0.012331006117165089,0.07116389274597168,1.0031249523162842,0.003005608916282654,0.0347900390625,0.5127463936805725
465,952320,633,0.5123834723234176,9.5,305,-0.006482459604740143,0.06973280757665634,1.0394318103790283,0.0028814333491027355,0.0233154296875,0.5087014436721802
466,954368,633,0.43363305926322937,10.05,302,-0.006815560162067413,0.06709815561771393,1.0265995264053345,0.003143707290291786,0.016357421875,0.5010870099067688
467,956416,633,0.48242810130119324,10.19,295,-0.013315685093402863,0.06595566123723984,1.0027339458465576,0.00545972865074873,0.0194091796875,0.5106433629989624
468,958464,633,0.4335289263725281,10.02,305,-0.006112620234489441,0.0720519870519638,1.0296919345855713,0.005015464499592781,0.0218505859375,0.5048156976699829
469,960512,633,0.40364793479442596,9.76,304,-0.014542344957590103,0.06937172263860703,1.0704442262649536,0.00408994872123003,0.0155029296875,0.5090901851654053
470,962560,633,0.44370744049549105,9.73,302,-0.008763612248003483,0.0680055171251297,1.0534281730651855,0.004321118351072073,0.0186767578125,0.5156491994857788
471,964608,633,0.522368596792221,10.0,307,0.0010351967066526413,0.07180164754390717,0.9856978058815002,0.003657216439023614,0.0185546875,0.4791273772716522
472,966656,633,0.5808512395620347,10.29,301,-0.009338099509477615,0.06781533360481262,1.0202118158340454,0.00328269274905324,0.012451171875,0.48015037178993225
473,968704,633,0.45387107610702515,10.06,288,-0.005104014649987221,0.059908006340265274,1.0050387382507324,0.003429190255701542,0.014404296875,0.48634570837020874
474,970752,633,0.581580166220665,10.24,287,-0.004029120318591595,0.06279676407575607,0.9675387740135193,0.002195484936237335,0.010986328125,0.46859210729599
475,972800,633,0.5616991746425629,9.94,302,-0.004070378839969635,0.0634242445230484,0.9279573559761047,0.002890803152695298,0.0274658203125,0.4735572338104248
476,974848,633,0.45370743989944456,8.93,309,-0.0045656487345695496,0.06980641186237335,0.9479931592941284,0.0025560338981449604,0.0167236328125,0.4777292013168335
477,976896,633,0.4731272757053375,15.46,304,-0.0043478235602378845,0.06575483083724976,0.9757226705551147,0.005214623641222715,0.022705078125,0.47033289074897766
478,978944,633,0.512487605214119,9.82,312,-0.008883411064743996,0.07158011943101883,0.9522256255149841,0.0010085739195346832,0.0164794921875,0.4808427095413208
479,980992,633,0.43419834911823274,9.08,323,-0.0012647034600377083,0.070243239402771,0.9594188332557678,0.0032764761708676815,0.0203857421875,0.478875994682312
480,983040,634,0.4825768595933914,10.1,294,3.65525484085083e-05,0.0659383237361908,0.9725939035415649,0.0019978168420493603,0.015380859375,0.47295188903808594
481,985088,634,0.47320165395736696,9.98,301,-0.0014481674879789352,0.06578405201435089,0.976789653301239,0.002942138584330678,0.0223388671875,0.48552578687667847
482,987136,634,0.5122049593925476,9.94,292,-0.008463683538138866,0.06103771924972534,0.9456592202186584,0.0017956008668988943,0.014892578125,0.5285849571228027
483,989184,634,0.4728297519683838,9.51,300,-0.002854287624359131,0.06873337179422379,0.9946802854537964,0.002514011925086379,0.0189208984375,0.474162757396698
484,991232,634,0.5023388451337815,10.14,289,-0.004540054127573967,0.06277061253786087,1.0247876644134521,0.006864633411169052,0.0382080078125,0.4935913681983948
485,993280,634,0.36457024872303007,10.28,290,-0.00856227707117796,0.06667283922433853,1.0152370929718018,0.005865019746124744,0.0198974609375,0.4930046796798706
486,995328,634,0.4436776888370514,15.38,298,-0.010496026836335659,0.062200967222452164,0.9748333692550659,0.005805287975817919,0.017578125,0.5070501565933228
487,997376,634,0.5224132245779037,9.25,316,-0.008381019346415997,0.07288120687007904,0.8406348824501038,0.007208649069070816,0.045166015625,0.5111743807792664
488,999424,634,0.47312727630138396,9.27,292,-0.007798570208251476,0.05866891145706177,0.891089677810669,0.004768547601997852,0.0377197265625,0.49305713176727295
489,1001472,634,0.5027404963970185,9.08,317,-0.004151202738285065,0.07026838511228561,0.8840557932853699,0.004576706327497959,0.030029296875,0.49941277503967285
490,1003520,634,0.48308264791965483,9.29,320,-0.005878832191228867,0.0688013881444931,0.9339206218719482,0.0037627771962434053,0.0252685546875,0.5220948457717896
491,1005568,634,0.5029933911561966,9.38,300,-0.006566421594470739,0.06674700975418091,0.9319256544113159,0.0036060239654034376,0.02294921875,0.536115288734436
492,1007616,635,0.49284463047981264,9.23,314,-0.0024515953846275806,0.0714218020439148,0.8969815969467163,0.002294473582878709,0.0205078125,0.528937041759491
493,1009664,635,0.48370743870735167,9.35,309,-0.012499824166297913,0.06788289546966553,0.8469491004943848,0.006755911745131016,0.0223388671875,0.5516045689582825
494,1011712,635,0.4928446292877197,9.73,307,-0.0053328219801187515,0.06733524054288864,0.845571756362915,0.0034215832129120827,0.029541015625,0.5227146148681641
495,1013760,635,0.552160331606865,9.96,311,-0.008223054930567741,0.06408728659152985,0.8734592795372009,0.006389067508280277,0.0205078125,0.5095332860946655
496,1015808,635,0.49317190289497376,9.76,325,-0.004673140123486519,0.06829309463500977,0.6942020654678345,0.0057815853506326675,0.022216796875,0.5078089237213135
497,1017856,635,0.46367768704891205,8.97,329,-0.0012710755690932274,0.07361550629138947,0.6929823160171509,0.003088410245254636,0.0220947265625,0.49907830357551575
498,1019904,635,0.5428892588615417,8.54,322,-0.0040750266052782536,0.06939440965652466,0.7311318516731262,0.0014444510452449322,0.0235595703125,0.4923108220100403
499,1021952,635,0.5523685991764069,9.24,329,-0.0047598946839571,0.0703398659825325,0.7042617201805115,0.0021219835616648197,0.0167236328125,0.498839795589447
500,1024000,635,0.4541685950756073,9.09,322,-0.007535473443567753,0.07448741793632507,0.6658932566642761,0.0043751029297709465,0.016845703125,0.4905793070793152
501,1026048,635,0.4738710755109787,8.98,317,-0.006646221503615379,0.06849130243062973,0.7284713983535767,0.0031019109301269054,0.0224609375,0.494197815656662
502,1028096,635,0.4832165312767029,8.83,328,-0.0012921933084726334,0.07252354174852371,0.7364987730979919,0.005204440094530582,0.0384521484375,0.5052766799926758
503,1030144,635,0.48348429799079895,8.73,334,-0.011915672570466995,0.07058757543563843,0.7711629867553711,0.005766693502664566,0.0279541015625,0.5186018943786621
504,1032192,635,0.483261159658432,9.41,315,-0.009635619819164276,0.0667441263794899,0.7737561464309692,0.006619415245950222,0.0264892578125,0.48087796568870544
505,1034240,635,0.4836181831359863,8.92,326,-0.010437419638037682,0.0718153566122055,0.7318434119224548,0.0034823957830667496,0.0234375,0.5157701969146729
506,1036288,635,0.3946446293592453,9.01,326,-0.011959902942180634,0.07117126882076263,0.756470799446106,0.0020212300587445498,0.015380859375,0.5048559904098511
507,1038336,635,0.4442280995845795,8.79,326,-0.007702073082327843,0.07194668799638748,0.7515628337860107,0.002899104729294777,0.019287109375,0.5171152353286743
508,1040384,635,0.5130528956651688,9.07,332,-0.004812553524971008,0.07205978035926819,0.6923335194587708,0.00500126276165247,0.022216796875,0.5146656632423401
509,1042432,635,0.5621454536914825,8.85,325,-0.0062074968591332436,0.07012423872947693,0.7141560912132263,0.002524235052987933,0.018798828125,0.5074745416641235
510,1044480,635,0.49284462749958036,9.19,318,-0.010393481701612473,0.06759609282016754,0.6886686086654663,0.0018456364050507545,0.017578125,0.518291711807251
511,1046528,635,0.4932909095287323,9.9,320,-0.00423840805888176,0.06804361194372177,0.732692539691925,0.0032246944028884172,0.0208740234375,0.4997483491897583
512,1048576,635,0.4831719022989273,8.72,323,1.4640390872955322e-05,0.07179110497236252,0.7453048229217529,0.003339301561936736,0.0382080078125,0.5228227972984314
513,1050624,635,0.4729190069437027,9.32,324,-0.010165080428123474,0.07524190843105316,0.7719204425811768,0.0033518520649522543,0.0247802734375,0.5038634538650513
514,1052672,635,0.5208066135644913,10.54,305,-0.01235681027173996,0.06781312078237534,0.7740024924278259,0.0026605890598148108,0.0157470703125,0.5320706367492676
515,1054720,636,0.5026809936761856,9.84,318,-0.006467998027801514,0.07103244215250015,0.7991502285003662,0.0023791156709194183,0.02001953125,0.5055888295173645
516,1056768,636,0.4430826443433762,10.2,308,-0.012569918297231197,0.06823289394378662,0.7195305824279785,0.0022293897345662117,0.026611328125,0.516016960144043
517,1058816,635,0.5031570273637772,8.79,326,-0.005282556638121605,0.07498029619455338,0.75913006067276,0.0018577815499156713,0.018310546875,0.5075383186340332
518,1060864,636,0.5124429762363434,9.0,320,-0.01004471443593502,0.06904074549674988,0.7705292701721191,0.00285084405913949,0.0252685546875,0.528555154800415
519,1062912,636,0.49260661125183103,9.43,309,-0.0065102651715278625,0.06851912289857864,0.8513766527175903,0.0032338681630790234,0.0157470703125,0.5156523585319519
520,1064960,636,0.48274049639701844,9.72,306,-0.005977241788059473,0.06561832875013351,0.8202794194221497,0.0020714886486530304,0.01611328125,0.5087308287620544
521,1067008,636,0.4537223160266876,9.85,310,0.0007393043488264084,0.0653376653790474,0.8492340445518494,0.005700884852558374,0.0164794921875,0.528268575668335
522,1069056,636,0.5915504151582718,9.54,304,-0.012149706482887268,0.07057399302721024,0.839491069316864,0.004765558987855911,0.0189208984375,0.5265922546386719
523,1071104,636,0.5032165324687958,9.21,310,-0.0011922158300876617,0.07146129757165909,0.8057295083999634,0.0014044700656086206,0.0157470703125,0.5408264994621277
524,1073152,636,0.5919223165512085,9.32,298,-0.010572373867034912,0.06710740178823471,0.8635326623916626,0.0032616909593343735,0.032470703125,0.5380311608314514
525,1075200,636,0.48195206582546235,12.91,287,-0.009576362557709217,0.05983830243349075,0.8500642776489258,0.005411279853433371,0.0194091796875,0.5387104749679565
526,1077248,636,0.5313719034194946,11.65,292,-0.005380415357649326,0.061109673231840134,0.8257631659507751,0.003451430704444647,0.016357421875,0.5539484620094299
527,1079296,636,0.5810743820667267,9.93,298,-0.01201651617884636,0.06190565973520279,0.8677797317504883,0.0037950349505990744,0.01708984375,0.547656774520874
528,1081344,636,0.44403471231460573,9.21,313,-0.003566337749361992,0.06825518608093262,0.8305397629737854,0.001432535471394658,0.01708984375,0.5713556408882141
529,1083392,636,0.5615355360507965,9.48,309,-0.008289500139653683,0.07049582898616791,0.8800593614578247,0.00258228974416852,0.0230712890625,0.579902172088623
530,1085440,636,0.49296363711357116,9.06,301,-0.006674470379948616,0.06748850643634796,0.9347112774848938,0.007507688365876675,0.0357666015625,0.5645488500595093
531,1087488,636,0.42105950474739073,11.81,290,-0.002008523792028427,0.06173183023929596,0.9473932981491089,0.0046270452439785,0.0345458984375,0.591149091720581
532,1089536,635,0.5405090922117233,11.66,279,-0.0024746134877204895,0.06335906684398651,0.9391241669654846,0.002731617772951722,0.0181884765625,0.5968272686004639
533,1091584,636,0.5421454548835755,10.36,301,-0.007385732606053352,0.06609786301851273,0.8444796800613403,0.0036079089622944593,0.0223388671875,0.6014582514762878
534,1093632,636,0.5616991734504699,10.31,297,-0.0026199761778116226,0.06710793077945709,0.8258787393569946,0.003697906155139208,0.0194091796875,0.5540456771850586
535,1095680,636,0.4219966942071915,10.57,305,-0.0020841509103775024,0.06503621488809586,0.8465354442596436,0.003017800860106945,0.021240234375,0.5804179906845093
536,1097728,636,0.4823388439416885,10.37,304,-0.008543934673070908,0.06452498584985733,0.8499463796615601,0.004005551338195801,0.0238037109375,0.5764752626419067
537,1099776,636,0.49311239778995514,9.64,317,-0.0012144017964601517,0.07406985759735107,0.8922280073165894,0.004061690531671047,0.046142578125,0.610966682434082
538,1101824,636,0.5419074404239654,10.11,302,-0.008651281706988811,0.07013850659132004,0.9269950985908508,0.0028344267047941685,0.0179443359375,0.5998198986053467
539,1103872,636,0.4624132263660431,10.57,298,-0.013784734532237053,0.06752564758062363,0.9051793813705444,0.004310359247028828,0.019287109375,0.6085774898529053
540,1105920,636,0.44373719274997714,9.5,304,-0.010194392874836922,0.07084552198648453,0.8997442722320557,0.0032937745563685894,0.01171875,0.5900211334228516
541,1107968,636,0.5119223147630692,11.06,289,-0.015160160139203072,0.06381834298372269,0.8669822216033936,0.004812530241906643,0.0185546875,0.5905399918556213
542,1110016,636,0.38431735694408414,9.95,293,-0.013424424454569817,0.06393430382013321,0.8431082367897034,0.0027937800623476505,0.0166015625,0.5847779512405396
543,1112064,636,0.453514050245285,9.42,316,-0.007830571383237839,0.06750819087028503,0.7718332409858704,0.006748843938112259,0.025146484375,0.5538152456283569
544,1114112,636,0.5023239678144455,9.96,299,-0.0070289019495248795,0.06604485213756561,0.8152357339859009,0.003305756254121661,0.029052734375,0.5835778713226318
545,1116160,636,0.4335735505819321,9.85,302,-0.00905412994325161,0.06760159879922867,0.7898805141448975,0.0037941262125968933,0.022216796875,0.5920312404632568
546,1118208,636,0.4933950400352478,9.09,316,-0.0067663006484508514,0.06809531152248383,0.7619135975837708,0.0015552910044789314,0.015380859375,0.5696350336074829
547,1120256,636,0.4822347092628479,10.02,302,-0.0017403587698936462,0.06620726734399796,0.8026937246322632,0.0012035979889333248,0.011474609375,0.5808442234992981
548,1122304,636,0.4828000009059906,9.97,291,-0.01042364165186882,0.06715550273656845,0.8899276256561279,0.0041408236138522625,0.02490234375,0.5731486082077026
549,1124352,636,0.5517438006401062,10.78,299,-0.017194755375385284,0.06932967901229858,0.8431808352470398,0.005617307499051094,0.02490234375,0.5878229737281799
550,1126400,636,0.6006429749727249,10.11,307,-0.005912307649850845,0.06657255440950394,0.7948274612426758,0.003234487259760499,0.0196533203125,0.5761711001396179
551,1128448,636,0.5214314049482346,10.1,316,-0.01656213030219078,0.07021746039390564,0.8434908390045166,0.005891130305826664,0.0242919921875,0.587536096572876
552,1130496,636,0.5913123995065689,9.44,309,-0.00699927844107151,0.06716214120388031,0.9129979014396667,0.00387528445571661,0.0335693359375,0.5886036157608032
553,1132544,636,0.48302314162254334,9.32,310,-0.006172157824039459,0.06951513886451721,0.9125841856002808,0.0014478054363280535,0.0201416015625,0.59828782081604
554,1134592,636,0.4429338848590851,10.55,286,-0.01019526831805706,0.06042340025305748,0.9059516787528992,0.0036849072203040123,0.017822265625,0.5909438133239746
555,1136640,636,0.5117438018321991,10.53,289,-0.006441239267587662,0.06616484373807907,0.9408637285232544,0.0029765209183096886,0.02197265625,0.6119298934936523
556,1138688,636,0.4523537194728851,10.68,289,-0.0009916843846440315,0.06527348607778549,0.984394907951355,0.00716808158904314,0.0283203125,0.6412165760993958
557,1140736,636,0.4927851241827011,10.97,292,-0.005573398899286985,0.06162127107381821,0.9890667796134949,0.004839906934648752,0.029296875,0.6185036301612854
558,1142784,636,0.4624280989170074,10.67,289,-0.01023726537823677,0.06597358733415604,0.9685711860656738,0.002142795128747821,0.0264892578125,0.6199934482574463
559,1144832,636,0.4821900802850723,10.15,289,-0.006326496601104736,0.06649528443813324,1.0053331851959229,0.0032844531815499067,0.015380859375,0.5978509187698364
560,1146880,636,0.43291900753974916,10.86,294,-0.0045311544090509415,0.06329160928726196,0.9788758754730225,0.0028403159230947495,0.0223388671875,0.5757520198822021
561,1148928,636,0.49256198525428774,10.81,298,-0.013217277824878693,0.06711728125810623,1.0106521844863892,0.003964510280638933,0.0152587890625,0.59102463722229
562,1150976,636,0.4823239666223526,10.5,293,-0.010057870298624039,0.0633302554488182,1.0577991008758545,0.002830330515280366,0.022216796875,0.5742142796516418
563,1153024,636,0.4123388439416885,11.47,278,0.002716231159865856,0.061747319996356964,1.103614330291748,0.0072509534657001495,0.0208740234375,0.5848037004470825
564,1155072,636,0.5801371902227401,11.06,284,-0.0127232875674963,0.06546903401613235,1.0907597541809082,0.00583210214972496,0.021484375,0.6032974720001221
565,1157120,636,0.5602859526872634,11.0,290,-0.014757508412003517,0.0671742632985115,1.081976056098938,0.0025883514899760485,0.013427734375,0.6074168086051941
566,1159168,636,0.47147603452205655,11.33,282,-0.007264372892677784,0.05856207013130188,1.0785495042800903,0.005012064706534147,0.02587890625,0.6192408800125122
567,1161216,636,0.511773551106453,11.93,278,-0.016925878822803497,0.05850141867995262,1.0405418872833252,0.0064868563786149025,0.042236328125,0.5759449601173401
568,1163264,636,0.4225619840621948,10.75,289,-0.006079297512769699,0.057821519672870636,1.0063494443893433,0.003401103662326932,0.034423828125,0.6007080674171448
569,1165312,635,0.49190743803977965,11.12,288,-0.009680377319455147,0.0653599426150322,1.035456657409668,0.0028887693770229816,0.022216796875,0.562240719795227
570,1167360,636,0.5502859508991241,12.76,274,-0.011724239215254784,0.0639478862285614,1.041607141494751,0.0031480658799409866,0.0286865234375,0.5747298002243042
571,1169408,636,0.4912231409549713,11.79,275,-0.009579267352819443,0.06445148587226868,1.0296651124954224,0.006559223867952824,0.025146484375,0.5779536962509155
572,1171456,636,0.4813570261001587,11.51,285,-0.009302313439548016,0.06320908665657043,1.002355933189392,0.0053963931277394295,0.0264892578125,0.5806806087493896
573,1173504,636,0.4430231386423111,10.55,290,-0.01036088727414608,0.0653306171298027,0.9399899244308472,0.0047862897627055645,0.029052734375,0.5883787274360657
574,1175552,636,0.4530380129814148,10.26,296,-0.00528920441865921,0.07042849808931351,0.9275211095809937,0.006130029447376728,0.0166015625,0.6004354953765869
575,1177600,636,0.512428097128868,10.08,303,-0.006564856506884098,0.06710445135831833,0.9441554546356201,0.001585967605933547,0.02001953125,0.6325849890708923
576,1179648,636,0.5417884278297425,10.93,287,-0.0037640277296304703,0.05979950353503227,1.000516653060913,0.00484479870647192,0.0399169921875,0.6104767918586731
577,1181696,636,0.4911041313409805,11.16,289,-0.012927532196044922,0.06609532982110977,1.0499143600463867,0.00580682884901762,0.0267333984375,0.5844230055809021
578,1183744,636,0.5607322323322296,10.91,281,-0.008267812430858612,0.06366410851478577,1.0569506883621216,0.004835738800466061,0.017822265625,0.5825454592704773
579,1185792,636,0.4917140483856201,11.23,280,-0.011751503683626652,0.05759101361036301,1.1098918914794922,0.002676381031051278,0.013427734375,0.5864976644515991
580,1187840,636,0.6291404968500137,11.31,283,-0.004529564641416073,0.06706592440605164,0.9986972212791443,0.006420432589948177,0.0272216796875,0.6217735409736633
581,1189888,636,0.50129752099514,11.29,289,-0.006363854743540287,0.061483778059482574,1.0640490055084229,0.003268030472099781,0.0146484375,0.6190825700759888
582,1191936,636,0.6380694216489792,11.49,278,-0.0024441946297883987,0.05810822919011116,1.0712844133377075,0.0022032957058399916,0.021728515625,0.6011005640029907
583,1193984,636,0.441386775970459,12.57,273,-0.01249905675649643,0.06397722661495209,1.0791423320770264,0.003248603083193302,0.0322265625,0.6099035739898682
584,1196032,636,0.491074378490448,11.92,267,-0.004781763069331646,0.0631147250533104,1.068884015083313,0.005061817355453968,0.0247802734375,0.5846941471099854
585,1198080,636,0.5097801655530929,12.07,273,-0.01586468517780304,0.057911332696676254,1.02383291721344,0.004062675405293703,0.0146484375,0.5873937010765076
586,1200128,636,0.5794380158185959,11.74,284,-0.00965244509279728,0.059321921318769455,1.0190966129302979,0.0027951837982982397,0.0255126953125,0.5844933986663818
587,1202176,636,0.5316545450687409,10.16,283,-0.003529185429215431,0.06444214284420013,1.0818589925765991,0.004619864746928215,0.0321044921875,0.5803393721580505
588,1204224,636,0.5793785107135773,11.78,272,-0.0054475776851177216,0.06048062443733215,1.07160222530365,0.0028785052709281445,0.0169677734375,0.5957424640655518
589,1206272,636,0.45216033041477205,11.6,283,-0.012840177863836288,0.059500087052583694,1.1056671142578125,0.0031504814978688955,0.0159912109375,0.5814762711524963
590,1208320,636,0.5207768589258194,11.88,276,-0.022283365949988365,0.05894806236028671,1.1321525573730469,0.005386318080127239,0.031005859375,0.6090258359909058
591,1210368,636,0.5207322299480438,13.06,257,-0.005547866225242615,0.060310885310173035,1.2041934728622437,0.0033823950216174126,0.0145263671875,0.606860876083374
592,1212416,636,0.48105950236320494,13.11,263,-0.01712508127093315,0.05670057237148285,1.126023530960083,0.0047532860189676285,0.0169677734375,0.6020522117614746
593,1214464,636,0.618485951423645,12.42,265,-0.007007669657468796,0.057453230023384094,1.0878595113754272,0.003899072064086795,0.0262451171875,0.6100744009017944
594,1216512,636,0.501609918475151,11.45,274,-0.008237281814217567,0.06219789385795593,1.0089588165283203,0.0032767716329544783,0.0213623046875,0.563284158706665
595,1218560,636,0.5805090898275376,10.92,292,-0.00834709219634533,0.06827984750270844,1.0427888631820679,0.004898902960121632,0.01416015625,0.6248272657394409
596,1220608,636,0.49175867676734925,10.4,291,-0.009828682988882065,0.06804852932691574,1.0604685544967651,0.0024840596597641706,0.017333984375,0.6100679039955139
597,1222656,636,0.5113867741823196,11.49,283,-0.019051443785429,0.06327874958515167,1.0387940406799316,0.004514246713370085,0.0224609375,0.6019493937492371
598,1224704,636,0.442755371928215,11.08,283,-0.015149647369980812,0.06241510063409805,1.084267020225525,0.004722572863101959,0.016845703125,0.6006016731262207
599,1226752,636,0.46227933824062345,10.55,285,-0.003720697946846485,0.06486855447292328,1.0449461936950684,0.004157266579568386,0.0244140625,0.5622670650482178
600,1228800,636,0.5209107434749604,11.84,277,0.0011258125305175781,0.06515137851238251,1.0277239084243774,0.005420208442956209,0.022705078125,0.5999056100845337
601,1230848,636,0.44259173452854156,10.94,285,-0.0026343665085732937,0.06253533810377121,1.0473453998565674,0.0038485161494463682,0.021240234375,0.6063495874404907
602,1232896,636,0.4623983466625214,10.97,293,-0.010506130754947662,0.06797860562801361,1.0709545612335205,0.007668637670576572,0.0289306640625,0.6261595487594604
603,1234944,636,0.5218479335308075,10.35,287,-0.002733435481786728,0.065887950360775,1.0924971103668213,0.002166310092434287,0.0166015625,0.6003590226173401
604,1236992,637,0.5100776863098144,12.75,271,-0.011936381459236145,0.058866556733846664,1.05460524559021,0.0034732664935290813,0.018310546875,0.6152329444885254
605,1239040,637,0.530449583530426,11.52,273,-0.0038844402879476547,0.059796396642923355,1.0660693645477295,0.002946500200778246,0.0267333984375,0.6128377318382263
606,1241088,637,0.42297851204872133,11.45,271,-0.01368359662592411,0.06024209409952164,1.0615065097808838,0.0032192047219723463,0.0335693359375,0.6265482902526855
607,1243136,637,0.5595570254325867,11.73,284,-0.0031870324164628983,0.06645189225673676,1.0633385181427002,0.003695127787068486,0.0194091796875,0.6315417289733887
608,1245184,637,0.4614462792873383,11.64,272,-0.006425138562917709,0.059515636414289474,1.0245758295059204,0.0020703289192169905,0.015869140625,0.6448369026184082
609,1247232,637,0.5606429743766784,10.9,272,-0.00595073401927948,0.05919680371880531,1.0242499113082886,0.0023618389386683702,0.017822265625,0.6574528217315674
610,1249280,637,0.4718925625085831,11.84,283,-0.009777730330824852,0.06383645534515381,1.060741662979126,0.0034423479810357094,0.017333984375,0.6695168614387512
611,1251328,637,0.4824578469991684,11.89,282,-0.008347965776920319,0.06441573798656464,0.9952449202537537,0.003591901855543256,0.0269775390625,0.6641733646392822
612,1253376,637,0.4913718986511231,11.72,273,-0.002683814615011215,0.06268591433763504,1.0610512495040894,0.004741890821605921,0.021484375,0.6356093883514404
613,1255424,637,0.5210595011711121,12.99,261,-0.010468894615769386,0.0580734945833683,1.0693570375442505,0.012061282992362976,0.0218505859375,0.607471227645874
614,1257472,637,0.5321454548835755,10.34,280,-0.010688851587474346,0.05914086103439331,1.072106122970581,0.0022747251205146313,0.018310546875,0.6438603401184082
615,1259520,637,0.4622942125797272,11.56,274,-0.01419162005186081,0.06245124712586403,1.0715566873550415,0.004283311776816845,0.0234375,0.622416615486145
616,1261568,637,0.461669420003891,11.76,272,-0.009731415659189224,0.0637875348329544,1.0923196077346802,0.002831721445545554,0.0213623046875,0.6349810361862183
617,1263616,637,0.6299140506982803,10.93,283,-0.016830354928970337,0.059654396027326584,1.0300302505493164,0.0036426803562790155,0.0238037109375,0.6381600499153137
618,1265664,637,0.4811190092563629,11.43,275,-0.006425248458981514,0.057710014283657074,1.0483248233795166,0.0024488079361617565,0.0198974609375,0.6114343404769897
619,1267712,637,0.5015652877092361,11.25,271,-0.010798873379826546,0.05825052037835121,1.116816759109497,0.005011412315070629,0.023193359375,0.6310141086578369
620,1269760,637,0.5589917367696762,12.66,274,-0.0007770897354930639,0.058017879724502563,1.0590691566467285,0.001975378720089793,0.016845703125,0.6103737354278564
621,1271808,637,0.45172892570495604,12.1,270,-0.00923769362270832,0.06185449659824371,1.120705485343933,0.0035130924079567194,0.03173828125,0.6281287670135498
622,1273856,637,0.5597206610441208,12.09,265,-0.007989520207047462,0.056732792407274246,1.1143293380737305,0.0016972359735518694,0.0194091796875,0.628964364528656
623,1275904,638,0.49223471105098726,13.13,259,-0.006322000175714493,0.05542919412255287,1.1043293476104736,0.003134569153189659,0.016357421875,0.6085453629493713
624,1277952,638,0.44076198279857637,12.59,264,-0.0049535371363162994,0.05772588774561882,1.1057732105255127,0.004199351649731398,0.018798828125,0.6262177228927612
625,1280000,638,0.4906727260351181,11.86,267,-0.009426170028746128,0.057174231857061386,1.1163108348846436,0.0033070973586291075,0.0355224609375,0.6221803426742554
626,1282048,638,0.4232611560821533,12.92,260,-0.006403445266187191,0.05672711133956909,1.1035873889923096,0.0025996947661042213,0.012451171875,0.6336755752563477
627,1284096,638,0.48165454566478727,12.65,260,-0.008403396233916283,0.0613790787756443,1.0940845012664795,0.0020230826921761036,0.0177001953125,0.6452420353889465
628,1286144,638,0.5407173550128936,11.65,260,-0.007791044190526009,0.059865549206733704,1.0920747518539429,0.0016409831587225199,0.0140380859375,0.6294455528259277
629,1288192,638,0.38094049632549287,13.44,269,-0.0024280045181512833,0.0565534308552742,1.102055549621582,0.005336056929081678,0.027587890625,0.6423723697662354
630,1290240,637,0.540345453619957,12.53,258,-0.007706090807914734,0.05759187415242195,1.1472642421722412,0.0030658100731670856,0.0245361328125,0.6070196032524109
631,1292288,637,0.4115801650285721,13.4,242,-0.012140301056206226,0.04825218394398689,1.113158941268921,0.0053003206849098206,0.029296875,0.6130485534667969
632,1294336,637,0.48091074407100676,15.38,259,-0.008365035057067871,0.05600637570023537,1.1090620756149292,0.003251379821449518,0.0185546875,0.625160813331604
633,1296384,637,0.4314909082651138,13.15,258,-0.016910385340452194,0.05593014508485794,1.0929012298583984,0.004261961206793785,0.030029296875,0.5920919179916382
634,1298432,637,0.47201156973838804,11.6,269,-0.0018159039318561554,0.06449059396982193,1.0787969827651978,0.0021071876399219036,0.01416015625,0.6004939079284668
635,1300480,637,0.42210082709789276,11.87,265,-0.002145218662917614,0.05967233330011368,1.0950980186462402,0.005154162645339966,0.0238037109375,0.6052089929580688
636,1302528,637,0.5707917374372482,11.78,268,-0.01192469708621502,0.058742672204971313,1.0139069557189941,0.006725533865392208,0.052001953125,0.5811013579368591
637,1304576,637,0.48175867676734924,11.97,278,-0.010026946663856506,0.06473849713802338,1.0031213760375977,0.0020530123729258776,0.0113525390625,0.5972079038619995
638,1306624,637,0.5616842997074127,10.85,285,-0.009705621749162674,0.0638921931385994,1.024836778640747,0.0024617158342152834,0.0201416015625,0.6018370389938354
639,1308672,637,0.4812677699327469,11.6,266,-0.00938408449292183,0.057474710047245026,1.0580899715423584,0.003601100528612733,0.0211181640625,0.5953112840652466
640,1310720,637,0.422576858997345,11.74,275,-0.014954902231693268,0.0629577785730362,1.046571135520935,0.0020997249521315098,0.01708984375,0.6283895969390869
641,1312768,637,0.4704644620418549,12.59,272,-0.0004739426076412201,0.06293314695358276,1.0389454364776611,0.0025337403640151024,0.0184326171875,0.6067634224891663
642,1314816,638,0.4816694223880768,11.59,272,-0.00981341302394867,0.06212601065635681,1.0689228773117065,0.002942400285974145,0.0284423828125,0.6250685453414917
643,1316864,638,0.46171404898166657,11.3,278,-0.005119608715176582,0.0566752552986145,1.0622621774673462,0.0034141200594604015,0.0264892578125,0.5998081564903259
644,1318912,638,0.4111041337251663,12.21,267,-0.0102265365421772,0.057651370763778687,1.0641335248947144,0.0020243260078132153,0.017822265625,0.6317918300628662
645,1320960,638,0.4618330585956574,11.9,272,-0.0077665336430072784,0.05892307683825493,1.0245325565338135,0.003265300067141652,0.013916015625,0.6245867013931274
646,1323008,638,0.5014760339260101,10.59,281,-0.005519971251487732,0.06223144009709358,1.0286730527877808,0.003390385303646326,0.0140380859375,0.6285781860351562
647,1325056,638,0.5383669412136078,12.7,251,-0.005403613671660423,0.055249109864234924,1.0764352083206177,0.0045090969651937485,0.0220947265625,0.6236425638198853
648,1327104,638,0.5118925631046295,11.15,276,-0.014320558868348598,0.061451517045497894,0.9836493134498596,0.004962095990777016,0.0208740234375,0.6246533393859863
649,1329152,638,0.49043470978736875,12.18,281,0.0020339316688477993,0.061978720128536224,1.0478724241256714,0.003808107227087021,0.019287109375,0.6513667106628418
650,1331200,638,0.47172892570495606,11.29,276,-0.008690884336829185,0.06003288924694061,1.021851897239685,0.0032232494559139013,0.022705078125,0.6633816361427307
651,1333248,638,0.4129041320085525,11.43,275,-0.008887470699846745,0.060955632477998734,0.9938715696334839,0.001627837773412466,0.010498046875,0.6849579811096191
652,1335296,638,0.41211570143699644,12.13,273,-0.011742516420781612,0.05943852290511131,1.0290215015411377,0.004002801142632961,0.0242919921875,0.661007285118103
653,1337344,638,0.5313421475887299,10.34,288,-0.015737229958176613,0.06604412198066711,1.0015677213668823,0.004896962083876133,0.03076171875,0.655250072479248
654,1339392,638,0.481074378490448,11.46,282,-0.009490158408880234,0.057394810020923615,0.9440768361091614,0.003146001836284995,0.00927734375,0.649567723274231
655,1341440,638,0.54070248067379,10.45,296,-0.004949319642037153,0.06387756764888763,0.8878639340400696,0.0035704311449080706,0.0355224609375,0.6346408128738403
656,1343488,638,0.5018479347229003,10.71,287,-0.0002559591084718704,0.06340088695287704,0.9610264301300049,0.002621404593810439,0.0230712890625,0.6594921946525574
657,1345536,638,0.47162479400634766,11.4,282,-0.01090962067246437,0.056745998561382294,0.9870691299438477,0.004630664829164743,0.0177001953125,0.6625986695289612
658,1347584,638,0.47285950541496274,10.39,291,-0.00940729584544897,0.062289707362651825,0.9550455212593079,0.0035191953647881746,0.0150146484375,0.6666203141212463
659,1349632,638,0.4723090898990631,11.02,272,-0.004629203118383884,0.059007495641708374,0.9865332245826721,0.0020402681548148394,0.014892578125,0.6559090614318848
660,1351680,638,0.5220859497785568,10.48,293,-0.004321537911891937,0.06400503218173981,0.9972774982452393,0.0023534568026661873,0.02001953125,0.6763545870780945
661,1353728,638,0.49074710726737975,11.9,277,-0.010675966739654541,0.06417640298604965,0.9655470848083496,0.0022535831667482853,0.0135498046875,0.6558612585067749
662,1355776,638,0.41339504182338715,11.02,292,-0.004462439566850662,0.06568500399589539,0.9910317063331604,0.0030232369899749756,0.0213623046875,0.6943697333335876
663,1357824,638,0.5198099136352539,12.13,271,-0.0118753332644701,0.06170401722192764,0.912918210029602,0.004152774810791016,0.020263671875,0.6832423210144043
664,1359872,638,0.47288925528526304,9.67,303,-0.005684307776391506,0.06748893857002258,0.8709268569946289,0.0035654217936098576,0.018798828125,0.6498711705207825
665,1361920,639,0.45370743811130526,9.91,302,-0.005730331409722567,0.07057028263807297,0.9141355156898499,0.0014051399193704128,0.0130615234375,0.6604115962982178
666,1363968,639,0.48129752099514006,10.83,293,-0.004032440949231386,0.06644801795482635,0.9032293558120728,0.0021648199763149023,0.0252685546875,0.6575688123703003
667,1366016,639,0.47339504182338715,10.2,294,-0.01672978512942791,0.06548954546451569,0.8836870193481445,0.0017877083737403154,0.0125732421875,0.6561324596405029
668,1368064,639,0.571000000834465,10.93,290,-0.0033747144043445587,0.0638282522559166,0.8533522486686707,0.0046149203553795815,0.0296630859375,0.6529090404510498
669,1370112,639,0.44352892696857454,9.73,309,-0.01221485435962677,0.06344033032655716,0.9041833877563477,0.003587088081985712,0.013916015625,0.6651124954223633
670,1372160,639,0.5124429744482041,10.0,302,-0.010049872100353241,0.06929075717926025,0.8706509470939636,0.0024572606198489666,0.01171875,0.6560563445091248
671,1374208,639,0.5316842967271804,9.76,315,-0.0029364554211497307,0.06730078160762787,0.8935969471931458,0.0024126116186380386,0.0086669921875,0.6517581939697266
672,1376256,639,0.510166944861412,11.86,284,-0.0025114603340625763,0.060535043478012085,0.9232234954833984,0.005150247365236282,0.0341796875,0.6441264152526855
673,1378304,639,0.6198694205284119,10.89,295,-0.0016896780580282211,0.06371604651212692,0.86843341588974,0.0015348568558692932,0.0142822265625,0.639614999294281
674,1380352,639,0.5028892576694488,10.54,297,-0.0018103551119565964,0.06578757613897324,0.8940014839172363,0.0021134410053491592,0.0084228515625,0.6628153324127197
675,1382400,639,0.4328743809461594,9.92,308,-0.007992451079189777,0.06790663301944733,0.8693647980690002,0.0014422510284930468,0.0086669921875,0.6869227290153503
676,1384448,639,0.4623834711313248,11.54,277,-0.013063332065939903,0.061582449823617935,0.943450927734375,0.004125479608774185,0.0167236328125,0.672182559967041
677,1386496,639,0.4816842997074127,10.86,269,-0.009529408067464828,0.05689718574285507,0.971929669380188,0.0028937815222889185,0.0118408203125,0.6300586462020874
678,1388544,639,0.5021454566717147,10.18,297,-0.007580148056149483,0.06653674691915512,0.9461299180984497,0.003581190248951316,0.017822265625,0.6137198805809021
679,1390592,639,0.5025471091270447,10.71,290,-0.004093557596206665,0.06469690054655075,0.995356559753418,0.0037635979242622852,0.0169677734375,0.6531840562820435
680,1392640,639,0.5011933881044388,11.89,273,-0.004337347112596035,0.059621118009090424,0.9816917181015015,0.004910062067210674,0.0316162109375,0.6331128478050232
681,1394688,639,0.5508958679437638,10.74,293,-0.007341120857745409,0.06419262290000916,0.9626991152763367,0.002018001861870289,0.0179443359375,0.6310803294181824
682,1396736,639,0.5193190085887909,12.61,274,-0.002850998193025589,0.05804074928164482,0.9527514576911926,0.0033432208001613617,0.0137939453125,0.6413780450820923
683,1398784,639,0.49128264546394346,11.42,283,-0.008095543831586838,0.06054530292749405,0.9689117670059204,0.0015317373909056187,0.0103759765625,0.6407947540283203
684,1400832,639,0.4508214867115021,13.74,267,-0.0063122715801000595,0.05436798930168152,1.006636142730713,0.0035800624173134565,0.0230712890625,0.6177734136581421
685,1402880,639,0.47208594977855683,10.48,273,-0.0002245791256427765,0.060836903750896454,0.9773491621017456,0.001093289814889431,0.0091552734375,0.6473039388656616
686,1404928,639,0.5020561987161636,12.82,256,-0.0023265331983566284,0.05286206677556038,0.8928986191749573,0.002769612008705735,0.021484375,0.6297378540039062
687,1406976,639,0.45259173572063444,10.18,288,-0.00914580374956131,0.06053683161735535,0.95204758644104,0.002506009303033352,0.0133056640625,0.6176417469978333
688,1409024,639,0.5405537211894988,11.66,269,-0.0033452920615673065,0.057239267975091934,0.9311462640762329,0.0032167157623916864,0.021728515625,0.6345147490501404
689,1411072,639,0.5999586796760559,16.69,267,-0.003563499078154564,0.06004510074853897,0.9380322694778442,0.001630909275263548,0.008544921875,0.6325468420982361
690,1413120,639,0.45233884572982785,10.56,292,-0.011403598822653294,0.0631232038140297,1.0127601623535156,0.006145440973341465,0.0374755859375,0.6398441195487976
691,1415168,639,0.5221157038211822,11.04,275,-0.004336470738053322,0.056679971516132355,1.0218119621276855,0.0031673123594373465,0.0166015625,0.6620665788650513
692,1417216,639,0.49219008326530456,11.13,274,-0.0007771975360810757,0.060466475784778595,0.992042064666748,0.0018145821522921324,0.0084228515625,0.6578179597854614
693,1419264,639,0.44296363592147825,16.31,280,-0.003922414034605026,0.06585469096899033,1.086280345916748,0.0029715218115597963,0.0087890625,0.6733362674713135
694,1421312,640,0.4903008276224136,12.33,268,-0.0079436544328928,0.05892618000507355,1.0529828071594238,0.00199327920563519,0.0167236328125,0.6606929302215576
695,1423360,640,0.5115206617116929,11.36,277,-0.008877601474523544,0.0634075254201889,1.0404815673828125,0.005204400047659874,0.0142822265625,0.6813362836837769
696,1425408,640,0.5012528938055039,12.09,266,-0.012003685347735882,0.05814515799283981,0.9913097023963928,0.004099607467651367,0.0150146484375,0.6732046604156494
697,1427456,640,0.4616545480489731,11.18,269,-0.011096714064478874,0.059597183018922806,1.0667511224746704,0.004685424733906984,0.0162353515625,0.645361602306366
698,1429504,640,0.3938413232564926,10.83,274,0.005088655278086662,0.05880982056260109,1.1106932163238525,0.0038879001513123512,0.0174560546875,0.6576198935508728
699,1431552,640,0.5793785125017166,12.07,263,-0.009157536551356316,0.05612902715802193,1.062809705734253,0.005355768837034702,0.02099609375,0.6384565830230713
700,1433600,640,0.48250248074531554,11.05,265,-0.0074699800461530685,0.05695459991693497,1.0277965068817139,0.0019224644638597965,0.0216064453125,0.6618326306343079
701,1435648,640,0.45079173624515534,12.32,263,-0.000347774475812912,0.05893784761428833,1.1172223091125488,0.0024439156986773014,0.0125732421875,0.6603439450263977
702,1437696,640,0.5098099166154861,12.1,273,-0.005434200167655945,0.05823196843266487,1.108323335647583,0.0027768155559897423,0.0172119140625,0.6637776494026184
703,1439744,640,0.4324876040220261,11.1,266,-0.009315329603850842,0.05840111896395683,1.1153849363327026,0.0026834248565137386,0.0205078125,0.6675803661346436
704,1441792,640,0.49064297378063204,12.24,256,-0.006138579919934273,0.05189131945371628,1.2181510925292969,0.006588088348507881,0.0264892578125,0.6887326240539551
705,1443840,640,0.5405983459949494,13.59,251,-0.004856189712882042,0.056917041540145874,1.1680725812911987,0.0013662225101143122,0.0137939453125,0.6791551113128662
706,1445888,640,0.442264461517334,11.9,250,-0.007141719572246075,0.05435648187994957,1.21316659450531,0.002265815157443285,0.0311279296875,0.6786085963249207
707,1447936,640,0.5214909082651138,11.67,250,-0.011422436684370041,0.050980813801288605,1.1642950773239136,0.004271692596375942,0.0208740234375,0.6726189255714417
708,1449984,640,0.48097024857997894,12.11,263,-0.00440329872071743,0.06037548929452896,1.1491785049438477,0.0022798406425863504,0.009765625,0.6726544499397278
709,1452032,640,0.5297801661491394,12.44,262,-0.008391647599637508,0.05869920179247856,1.0954315662384033,0.0033802359830588102,0.0147705078125,0.6835486888885498
710,1454080,640,0.5510595053434372,10.56,278,-0.009600442834198475,0.06245218589901924,1.1361773014068604,0.003501986851915717,0.0145263671875,0.6889774799346924
711,1456128,640,0.5213421493768692,11.46,285,-0.012134606018662453,0.06354200839996338,1.1081331968307495,0.003623523050919175,0.0155029296875,0.6680295467376709
712,1458176,640,0.45207107543945313,12.29,269,-0.015012793242931366,0.05980046093463898,1.0569740533828735,0.006437633186578751,0.0162353515625,0.6870629787445068
713,1460224,640,0.42336528956890107,11.14,290,-0.010997038334608078,0.06442727148532867,1.0324177742004395,0.002100230660289526,0.0181884765625,0.6933072805404663
714,1462272,640,0.47201156973838804,10.74,290,-0.011870509944856167,0.06772482395172119,1.04690420627594,0.0025080449413508177,0.013671875,0.6848978400230408
715,1464320,640,0.48227933824062347,11.12,286,-0.009935948997735977,0.06414570659399033,1.0354328155517578,0.0014219458680599928,0.01123046875,0.6713007688522339
716,1466368,640,0.5318181818723678,10.77,296,-0.0050625549629330635,0.06656770408153534,1.0293941497802734,0.0033759691286832094,0.0177001953125,0.6898949146270752
717,1468416,640,0.5613867759704589,10.94,294,-0.009174000471830368,0.06774357706308365,1.0003198385238647,0.001747627044096589,0.0087890625,0.6552504301071167
718,1470464,640,0.5804644638299942,11.54,284,-0.00559346005320549,0.05716817453503609,1.0088832378387451,0.0008523114956915379,0.0142822265625,0.6905673146247864
719,1472512,640,0.472740495800972,10.89,289,-0.005268750712275505,0.06415940821170807,1.01568603515625,0.002007928444072604,0.016357421875,0.6940438747406006
720,1474560,641,0.5010892575979233,10.5,287,-0.006628511473536491,0.06155010685324669,1.0268299579620361,0.0009139671456068754,0.00439453125,0.7025835514068604
721,1476608,641,0.5314611577987671,10.06,286,-0.008686315268278122,0.06080983951687813,1.0312352180480957,0.001967695774510503,0.0079345703125,0.6825889348983765
722,1478656,641,0.5314909094572067,10.95,279,-0.009216934442520142,0.0625719279050827,1.0480625629425049,0.0038216658867895603,0.0216064453125,0.6719598770141602
723,1480704,641,0.5513719010353089,15.12,286,-0.013018741272389889,0.06488104164600372,1.0424604415893555,0.0009684048127382994,0.0048828125,0.7005815505981445
724,1482752,641,0.4822495859861374,11.52,280,-0.008882496505975723,0.06509094685316086,1.0560764074325562,0.0014197686687111855,0.016845703125,0.68767249584198
725,1484800,641,0.5019966971874237,10.8,299,-0.0067652203142642975,0.0690540075302124,1.0324618816375732,0.0008115861564874649,0.007568359375,0.7031863927841187
726,1486848,641,0.5213719022274017,10.72,293,-0.005969213321805,0.0660063773393631,1.0931683778762817,0.00306592951528728,0.0147705078125,0.6787235736846924
727,1488896,641,0.4325917375087738,11.97,282,-0.007490862160921097,0.0627831220626831,1.0884404182434082,0.00238803680986166,0.012939453125,0.6824362277984619
728,1490944,641,0.49134214997291564,12.06,270,-0.007173717021942139,0.062057849019765854,1.0379341840744019,0.0020306233782321215,0.009521484375,0.7062256336212158
729,1492992,641,0.5121157026290893,9.97,298,-0.006733294576406479,0.06576848030090332,1.1028110980987549,0.003400345565751195,0.0316162109375,0.7359493970870972
730,1495040,641,0.5205834716558456,12.07,276,-0.012040339410305023,0.05990967899560928,1.0457230806350708,0.005279256030917168,0.024169921875,0.7245522141456604
731,1497088,641,0.423067769408226,11.04,281,-0.01018315926194191,0.06589119881391525,1.0552126169204712,0.0031022599432617426,0.0157470703125,0.715788722038269
732,1499136,641,0.47248760640621185,11.29,283,-0.013009132817387581,0.06594044715166092,1.053552269935608,0.002066896064206958,0.01904296875,0.7141529321670532
733,1501184,641,0.4822942161560059,10.76,291,-0.010372750461101532,0.0660431757569313,1.0444164276123047,0.002271378180012107,0.01318359375,0.7443426847457886
734,1503232,641,0.472591735124588,10.8,281,-0.008582159876823425,0.06053635850548744,0.9803683161735535,0.002378209726884961,0.0140380859375,0.6975693702697754
735,1505280,641,0.4922495859861374,10.17,293,-0.012995826080441475,0.0656762570142746,1.0739442110061646,0.0024151254910975695,0.0155029296875,0.7253608107566833
736,1507328,641,0.44288925707340243,10.94,292,-0.004773152992129326,0.06521791964769363,1.114013671875,0.0019489198457449675,0.012451171875,0.7296218872070312
737,1509376,641,0.46181818187236784,11.45,280,-0.006378048099577427,0.06617171317338943,1.0542877912521362,0.0023218137212097645,0.0093994140625,0.7069035172462463
738,1511424,641,0.4523388433456421,11.66,282,-0.0052309175953269005,0.05839575454592705,1.0597689151763916,0.0007252253126353025,0.00634765625,0.7144066095352173
739,1513472,641,0.46152065992355346,12.52,279,-0.007408246397972107,0.05629279464483261,1.0527818202972412,0.002254675142467022,0.0107421875,0.7013409733772278
740,1515520,641,0.46169917345046996,10.74,288,-0.01327274926006794,0.06705077737569809,0.9827308654785156,0.0036247146781533957,0.0103759765625,0.6846136450767517
741,1517568,641,0.4819966965913773,10.72,299,-0.005201550200581551,0.0645526796579361,1.0808290243148804,0.003277083393186331,0.011962890625,0.7158018946647644
742,1519616,641,0.5509107458591461,10.89,294,-7.487833499908447e-06,0.06586619466543198,1.084363341331482,0.003978766966611147,0.0172119140625,0.7280137538909912
743,1521664,641,0.40338016629219053,11.2,273,-0.006184464320540428,0.061411041766405106,1.059190034866333,0.0019928142428398132,0.009033203125,0.7105448246002197
744,1523712,641,0.511728926897049,10.61,279,-0.0034799911081790924,0.062758669257164,1.1007263660430908,0.0015687963459640741,0.0052490234375,0.6989089250564575
745,1525760,642,0.4521008270978928,11.79,274,-0.011869307607412338,0.0630355253815651,1.0858581066131592,0.0015293632168322802,0.0064697265625,0.712912917137146
746,1527808,642,0.4523834717273712,11.98,272,-0.008284982293844223,0.06108047068119049,1.0895296335220337,0.002985715866088867,0.0164794921875,0.6832853555679321
747,1529856,642,0.45275537252426146,11.06,276,-0.013793816789984703,0.0669008195400238,1.06490957736969,0.002092680661007762,0.0107421875,0.694162130355835
748,1531904,642,0.4716396689414978,11.77,281,-0.018998723477125168,0.06126604601740837,1.009780764579773,0.003730057505890727,0.0284423828125,0.671371340751648
749,1533952,642,0.4619520652294159,10.61,285,-0.011253878474235535,0.06427843868732452,1.1293742656707764,0.005429442506283522,0.0206298828125,0.7039992213249207
750,1536000,642,0.42186280965805056,13.29,261,-0.005496427416801453,0.05407343804836273,1.0974260568618774,0.0020994488149881363,0.0074462890625,0.6995750665664673
751,1538048,642,0.4921157002449036,11.77,270,-0.0009532906115055084,0.06374673545360565,1.0898467302322388,0.003364638425409794,0.0150146484375,0.7322689294815063
752,1540096,642,0.43233884394168853,11.47,282,-0.000554896891117096,0.06242356821894646,1.132236123085022,0.004905203357338905,0.01611328125,0.691997230052948
753,1542144,642,0.3728297519683838,13.59,250,-0.006768699735403061,0.05211220681667328,1.1784138679504395,0.004428966902196407,0.02392578125,0.7051607370376587
754,1544192,642,0.4114165270328522,14.69,248,-0.01212078332901001,0.0538758784532547,1.081438422203064,0.002949690679088235,0.0125732421875,0.691152811050415
755,1546240,642,0.4218479323387146,11.69,259,-0.004268765449523926,0.05789310857653618,1.1248773336410522,0.004513283725827932,0.0130615234375,0.7206878662109375
756,1548288,642,0.40140165388584137,12.41,267,-0.009113810956478119,0.059892550110816956,1.0964168310165405,0.0024867956526577473,0.0130615234375,0.7242352962493896
757,1550336,642,0.4316247940063477,12.17,275,-0.0068498943001031876,0.05813005566596985,1.0708640813827515,0.0028495839796960354,0.00830078125,0.7361240386962891
758,1552384,642,0.5202264475822449,11.62,277,-0.014102358371019363,0.061170127242803574,1.0461212396621704,0.0019029828254133463,0.0093994140625,0.7030296325683594
759,1554432,642,0.4326661151647568,11.55,281,-0.008426476269960403,0.06130962446331978,1.035501480102539,0.002478621667250991,0.0150146484375,0.7078287601470947
760,1556480,642,0.4616099148988724,11.37,282,-0.006928235292434692,0.06396451592445374,1.0541380643844604,0.0034187445417046547,0.015625,0.7383444309234619
761,1558528,642,0.5413867771625519,10.47,290,-0.008381659165024757,0.06335113197565079,1.0782309770584106,0.0012211224529892206,0.0123291015625,0.7627465724945068
762,1560576,642,0.4911636346578598,10.52,286,-0.001574292778968811,0.06178386136889458,1.0407507419586182,0.0010007887613028288,0.0177001953125,0.7570589780807495
763,1562624,642,0.4820413237810135,10.75,289,-0.006951512768864632,0.06615559756755829,1.0521827936172485,0.0008603001479059458,0.0081787109375,0.7513411045074463
764,1564672,642,0.5415801668167114,10.53,287,-0.009338807314634323,0.06683993339538574,1.0352903604507446,0.003042354015633464,0.0091552734375,0.7651405930519104
765,1566720,642,0.4432165277004242,10.19,285,-0.0036997180432081223,0.06255676597356796,1.041813850402832,0.0015018396079540253,0.0101318359375,0.7267122268676758
766,1568768,642,0.47254710614681245,10.71,281,-0.0025876350700855255,0.06143715977668762,0.9956209659576416,0.0023749074898660183,0.00634765625,0.7751902341842651
767,1570816,642,0.5016694205999375,10.72,297,-0.004037672653794289,0.06883720308542252,1.0097328424453735,0.0024899232666939497,0.0150146484375,0.7875815629959106
768,1572864,643,0.5710297530889511,10.12,297,-0.00830511562526226,0.06515520066022873,1.0128194093704224,0.0031302927527576685,0.005126953125,0.7773929834365845
769,1574912,643,0.5707471066713333,11.77,280,-0.00547432154417038,0.06431268900632858,1.050199270248413,0.003908847458660603,0.0111083984375,0.7396950721740723
770,1576960,643,0.5508958685398102,10.47,294,-0.0052293213084340096,0.06670815497636795,1.0071817636489868,0.002899510320276022,0.0101318359375,0.755810558795929
771,1579008,643,0.4822347104549408,11.18,285,-0.01613154634833336,0.06328288465738297,0.9752301573753357,0.0029090160969644785,0.009033203125,0.7673671245574951
772,1581056,642,0.5902115708589554,10.38,301,-0.012551488354802132,0.06776811182498932,0.9638096690177917,0.006560368463397026,0.015625,0.7683306932449341
773,1583104,643,0.5124727255105972,9.36,319,-0.004048891365528107,0.06529597193002701,0.9486299157142639,0.001535956747829914,0.0089111328125,0.7780954837799072
774,1585152,643,0.5811933881044388,10.23,299,-0.0075506605207920074,0.06896968930959702,0.9743741750717163,0.0024710590951144695,0.013916015625,0.7590243816375732
775,1587200,643,0.5708066123723984,10.76,288,-0.001875266432762146,0.06207522749900818,1.0005252361297607,0.002021793508902192,0.0106201171875,0.7647557854652405
776,1589248,643,0.47221983432769776,10.56,300,-0.001870613545179367,0.06779907643795013,0.9968822598457336,0.0012814693618565798,0.0111083984375,0.7726567387580872
777,1591296,643,0.5021900826692581,9.8,302,-0.010128980502486229,0.06568150222301483,0.9527603387832642,0.0014492992777377367,0.0108642578125,0.7829159498214722
778,1593344,643,0.49312727332115175,9.95,300,-0.007889442145824432,0.06779101490974426,0.9833853840827942,0.0034457924775779247,0.009521484375,0.7759368419647217
779,1595392,643,0.49311239838600157,9.47,315,-0.006248193792998791,0.06699695438146591,1.0030635595321655,0.0023254461120814085,0.0101318359375,0.7562899589538574
780,1597440,643,0.48224958539009094,10.06,301,-0.01299898698925972,0.06652102619409561,1.0636059045791626,0.0030231422279030085,0.023193359375,0.7551550269126892
781,1599488,643,0.43327603340148924,10.63,297,-0.011591410264372826,0.06822127848863602,1.0301843881607056,0.0026750091928988695,0.0186767578125,0.769631028175354
782,1601536,643,0.5228148776292801,9.76,302,-0.001847914420068264,0.06849516183137894,1.0189669132232666,0.0017101606354117393,0.004638671875,0.7598754167556763
783,1603584,643,0.4932909083366394,9.7,304,-0.006288501434028149,0.06919997930526733,0.9686101078987122,0.004881109111011028,0.0128173828125,0.7497117519378662
784,1605632,643,0.4920710760354996,9.87,297,-0.005554809235036373,0.06690599024295807,0.9660195112228394,0.0007607217412441969,0.0069580078125,0.7616406083106995
785,1607680,643,0.4627256202697754,9.67,303,-0.006919389590620995,0.06804107129573822,1.0170031785964966,0.003821138758212328,0.0118408203125,0.7923290133476257
786,1609728,643,0.5516545468568802,9.86,297,-0.011240324005484581,0.063873291015625,0.9804379940032959,0.0018934616819024086,0.007080078125,0.7828042507171631
787,1611776,643,0.5032611578702927,9.71,311,-0.010767308995127678,0.06567028164863586,0.9540347456932068,0.0018060975708067417,0.00732421875,0.7493504881858826
788,1613824,643,0.49285950303077697,9.83,301,-0.008122915402054787,0.06439858675003052,0.9502231478691101,0.0021913994569331408,0.0064697265625,0.7847982048988342
789,1615872,643,0.5217586797475815,9.93,314,0.0010580308735370636,0.06807997822761536,0.9754627346992493,0.0008220388554036617,0.011474609375,0.775425910949707
790,1617920,643,0.5317586773633957,10.17,305,-0.007584996521472931,0.07023902237415314,0.9971242547035217,0.001536330208182335,0.0096435546875,0.7892778515815735
791,1619968,643,0.4336479353904724,9.82,311,-0.0016212128102779388,0.06686613708734512,0.9916226267814636,0.0018762222025543451,0.0123291015625,0.7685697078704834
792,1622016,643,0.4929190093278885,9.73,320,-0.004981738515198231,0.07077039033174515,0.9390032291412354,0.001993917627260089,0.007568359375,0.7486469745635986
793,1624064,643,0.6004942148923874,10.03,308,-0.0013027861714363098,0.07263435423374176,0.9651942253112793,0.0012221131473779678,0.009521484375,0.7680644989013672
794,1626112,643,0.4921157020330429,10.43,295,-0.008174652233719826,0.06677635759115219,1.0032610893249512,0.0012237487826496363,0.004638671875,0.7644126415252686
795,1628160,643,0.4632016521692276,9.73,317,-0.006238328292965889,0.0723424181342125,0.9552327394485474,0.0009884503670036793,0.0079345703125,0.7708094120025635
796,1630208,643,0.5615801668167114,9.95,306,-0.005959872156381607,0.06967794895172119,0.9080207347869873,0.0016514817252755165,0.008056640625,0.7815155982971191
797,1632256,643,0.512532234787941,9.41,307,-0.0027384143322706223,0.06563763320446014,0.914609968662262,0.0012279110960662365,0.009521484375,0.7414894104003906
798,1634304,643,0.5028297519683838,9.3,307,-0.001839933916926384,0.0660109743475914,0.9185080528259277,0.0005459298845380545,0.0040283203125,0.7738898992538452
799,1636352,643,0.5029041332006454,9.53,298,-0.00252557173371315,0.06724770367145538,0.916214108467102,0.001444478053599596,0.0030517578125,0.7685653567314148
800,1638400,644,0.47333553731441497,9.05,303,-0.010239725932478905,0.06632546335458755,0.9196403622627258,0.0024025472812354565,0.017333984375,0.7380428314208984
801,1640448,644,0.5218330597877503,10.28,285,-0.003924459218978882,0.06423880159854889,0.9312877655029297,0.002149909734725952,0.0155029296875,0.7443300485610962
802,1642496,644,0.4734396708011627,9.23,313,-0.006016851868480444,0.06893597543239594,0.9386440515518188,0.0010682886932045221,0.0023193359375,0.7370448112487793
803,1644544,644,0.46305289447307585,9.68,306,-0.007508514449000359,0.06715069711208344,0.8732384443283081,0.0027910061180591583,0.0206298828125,0.743144154548645
804,1646592,644,0.5127553725242615,9.37,312,-0.00836501270532608,0.07077100872993469,0.8958244323730469,0.0015975793357938528,0.007568359375,0.7445849180221558
805,1648640,644,0.4532314044237137,9.83,319,-0.009861021302640438,0.07202638685703278,0.8951979875564575,0.0016406818758696318,0.0123291015625,0.7637746930122375
806,1650688,644,0.5425173556804657,9.38,319,0.00047733914107084274,0.07140091806650162,0.871913731098175,0.0028983578085899353,0.009765625,0.7610722780227661
807,1652736,644,0.4928595060110092,9.3,321,-0.006228923797607422,0.06875108927488327,0.8468132615089417,0.0009489464573562145,0.0035400390625,0.7564332485198975
808,1654784,644,0.44259173452854156,9.95,316,-0.003327886573970318,0.06834795325994492,0.8843632936477661,0.003747393609955907,0.00732421875,0.7527589797973633
809,1656832,644,0.5029041308164597,9.34,327,-0.006933456286787987,0.07230985164642334,0.8738215565681458,0.001724569359794259,0.0084228515625,0.7634749412536621
810,1658880,644,0.5911041313409805,9.38,318,-0.00360831618309021,0.0723041221499443,0.904028594493866,0.0005981838330626488,0.005859375,0.7341363430023193
811,1660928,644,0.6014165306091308,9.47,314,-0.004848673939704895,0.06834988296031952,0.9091452956199646,0.0015769230667501688,0.0067138671875,0.7902565002441406
812,1662976,644,0.4932314056158066,9.08,332,-0.0055229682475328445,0.07391807436943054,0.8731383085250854,0.00108816334977746,0.0054931640625,0.7662914991378784
813,1665024,644,0.6112975215911866,9.36,317,-0.0036398284137248993,0.07009561359882355,0.9386112689971924,0.0012488029897212982,0.0030517578125,0.7887107729911804
814,1667072,644,0.5910892581939697,10.5,304,-0.005711175501346588,0.07047446072101593,0.8925288915634155,0.0016089803539216518,0.0079345703125,0.7705568075180054
815,1669120,644,0.532502481341362,9.25,325,-0.0013761818408966064,0.0677952989935875,0.9694152474403381,0.0020025356207042933,0.0103759765625,0.7811906337738037
816,1671168,644,0.5027702498435974,9.84,315,-0.007967080920934677,0.0719350278377533,0.975247323513031,0.002378547564148903,0.006591796875,0.7648001909255981
817,1673216,644,0.4929933887720108,9.48,306,-0.0037498045712709427,0.07079468667507172,0.9705491662025452,0.001638653688132763,0.007568359375,0.7727535963058472
818,1675264,644,0.4040644633769989,9.7,309,-0.007136605679988861,0.06879010796546936,0.9532293081283569,0.0008218425791710615,0.009033203125,0.7699673771858215
819,1677312,644,0.44431735515594484,9.5,307,-0.015380293130874634,0.06812406331300735,0.922049343585968,0.0025246853474527597,0.0091552734375,0.7541347742080688
820,1679360,644,0.48393057942390444,9.07,312,-0.009205542504787445,0.07015961408615112,0.9247463941574097,0.003146720351651311,0.015380859375,0.732582688331604
821,1681408,644,0.4335438013076782,10.29,298,-0.006328858435153961,0.06695178151130676,0.891142725944519,0.0011391681618988514,0.0064697265625,0.7201790809631348
822,1683456,644,0.4634247952699661,9.2,315,-0.006309960037469864,0.06989504396915436,0.9178149104118347,0.0024296529591083527,0.009765625,0.7743127346038818
823,1685504,644,0.5127553719282151,9.75,308,-0.004342019557952881,0.06916369497776031,0.9678354859352112,0.0008225829806178808,0.010986328125,0.7641161680221558
824,1687552,644,0.562353720664978,9.18,323,-0.004240986425429583,0.06984962522983551,0.923363983631134,0.0010053624864667654,0.00634765625,0.7596485018730164
825,1689600,644,0.5033206605911255,9.48,311,-0.007302687503397465,0.07125002890825272,0.8644822835922241,0.0023669437505304813,0.0098876953125,0.7659484148025513
826,1691648,644,0.5313421458005905,9.58,317,-0.00194469653069973,0.06604226678609848,0.9034527540206909,0.001373790204524994,0.0059814453125,0.7485646605491638
827,1693696,644,0.501684297323227,10.28,302,-0.007034756243228912,0.06502757221460342,0.9160020351409912,0.0015599492471665144,0.005859375,0.7412948608398438
828,1695744,644,0.48272561967372896,9.25,318,-0.006373599171638489,0.06658536940813065,0.9036880731582642,0.000937069533392787,0.0069580078125,0.7701776623725891
829,1697792,644,0.5419074380397797,9.51,318,-0.001842861995100975,0.06966497749090195,0.9138320684432983,0.0015607837121933699,0.0054931640625,0.7598719596862793
830,1699840,644,0.5025768584012985,9.65,314,5.876924842596054e-05,0.06676226109266281,0.9225475788116455,0.0022229088936001062,0.005126953125,0.7680727243423462
831,1701888,644,0.49271074414253235,9.5,318,-0.009773049503564835,0.07515627145767212,0.9129972457885742,0.0011603154707700014,0.0048828125,0.7886655926704407
832,1703936,644,0.48287438094615937,9.42,310,-0.004164900630712509,0.07075968384742737,0.9450865983963013,0.0025159793440252542,0.0126953125,0.7708907127380371
833,1705984,644,0.5320859503746033,9.98,302,-0.006154773756861687,0.06595729291439056,0.9090396761894226,0.0020182945299893618,0.0042724609375,0.7773475646972656
834,1708032,644,0.5521008270978928,9.98,305,-0.0043266755528748035,0.06619570404291153,0.9190000295639038,0.0007266693282872438,0.009765625,0.801133394241333
835,1710080,644,0.5910446286201477,9.24,321,0.0005058352835476398,0.07126254588365555,0.9051705598831177,0.0009163606446236372,0.003662109375,0.775864839553833
836,1712128,644,0.424867770075798,8.82,316,0.0007590092718601227,0.06689614057540894,0.9562450647354126,0.0009052034001797438,0.0067138671875,0.7545743584632874
837,1714176,644,0.4926214849948883,9.49,310,-0.0025348644703626633,0.06681495904922485,1.0062451362609863,0.002684292383491993,0.0155029296875,0.7534000277519226
838,1716224,644,0.49233884394168853,13.74,302,-0.0012067724019289017,0.06139326095581055,0.9994962811470032,0.0008026103023439646,0.001953125,0.766625165939331
839,1718272,644,0.5517289239168167,9.91,315,-0.002313721925020218,0.07236464321613312,0.9916300177574158,0.00024384772405028343,0.00439453125,0.7778208255767822
840,1720320,644,0.5416396707296371,9.96,307,-0.0018052197992801666,0.0692301094532013,0.9911127686500549,0.0009655524045228958,0.0126953125,0.801985502243042
841,1722368,644,0.45318677723407746,9.5,313,-0.002835804596543312,0.06687185168266296,0.9769973158836365,0.0013424004428088665,0.0048828125,0.8124567270278931
842,1724416,644,0.4737223130464554,8.95,326,-0.007706278935074806,0.07065077126026154,0.8996081352233887,0.0018869922496378422,0.0025634765625,0.7578845024108887
843,1726464,644,0.5025619846582413,9.34,320,-0.001971285790205002,0.07352674007415771,0.9006203413009644,0.0010201928671449423,0.0037841796875,0.7622791528701782
844,1728512,644,0.4437669414281845,9.42,316,-0.0033123879693448544,0.06840392202138901,0.9016749262809753,0.0004097316414117813,0.006591796875,0.7682650685310364
845,1730560,644,0.5623685938119888,9.26,315,-0.004039219580590725,0.069322369992733,0.9184263944625854,0.001012557651847601,0.00634765625,0.7791504859924316
846,1732608,644,0.5524727272987365,9.04,322,-0.004108797758817673,0.06861773133277893,0.9467445611953735,0.001087510958313942,0.0045166015625,0.7538618445396423
847,1734656,644,0.4535586774349213,8.76,329,-0.004317294806241989,0.07205759733915329,0.9867991209030151,0.0007229505572468042,0.0009765625,0.78822922706604
848,1736704,644,0.4736479336023331,9.43,320,-0.004586656112223864,0.07130515575408936,0.9676579236984253,0.0006121003534644842,0.001708984375,0.7901784777641296
849,1738752,644,0.4335735529661179,9.79,312,0.00015428289771080017,0.0695243552327156,0.9215652346611023,0.0012317171785980463,0.005859375,0.7739893794059753
850,1740800,644,0.5023685938119888,9.71,310,-0.005791556090116501,0.06643518060445786,1.0059220790863037,0.0013706921599805355,0.00537109375,0.7810966372489929
851,1742848,644,0.45241322338581086,10.02,315,1.1630356311798096e-05,0.07066240906715393,1.018660545349121,0.0012421351857483387,0.003173828125,0.7668166160583496
852,1744896,644,0.5322644633054733,9.41,310,-0.006198674440383911,0.06719920784235,1.0382652282714844,0.0006542447954416275,0.0052490234375,0.7671164274215698
853,1746944,644,0.4239157050848007,9.24,289,-6.746314465999603e-05,0.06451889872550964,1.091196894645691,0.000952461501583457,0.00439453125,0.7953343987464905
854,1748992,644,0.488872726559639,12.25,301,-0.005633248016238213,0.062428154051303864,1.0792020559310913,0.003004402155056596,0.0067138671875,0.7493726015090942
855,1751040,644,0.47190743684768677,11.16,290,-0.00452486053109169,0.06728862971067429,1.0799767971038818,0.0008147696498781443,0.0052490234375,0.7676832675933838
856,1753088,644,0.4727256214618683,11.07,293,0.00314183346927166,0.06170007959008217,1.0353672504425049,0.0038852423895150423,0.0093994140625,0.7851880788803101
857,1755136,644,0.4436181801557541,9.63,305,-0.001930389553308487,0.06480755656957626,1.009664535522461,0.000696822302415967,0.0015869140625,0.7696176767349243
858,1757184,644,0.48291900992393494,10.09,305,-0.005641774274408817,0.0731307864189148,1.015573501586914,0.0010564737021923065,0.001953125,0.7875677943229675
859,1759232,644,0.5122942149639129,9.46,318,-0.006126299500465393,0.07386184483766556,1.0057216882705688,0.001238012919202447,0.005859375,0.7611123323440552
860,1761280,645,0.5518479335308075,10.34,313,-0.0039042625576257706,0.07081039994955063,1.000157117843628,0.0010281519498676062,0.0057373046875,0.7783011198043823
861,1763328,645,0.5029338836669922,9.33,310,-0.001407131552696228,0.07013198733329773,1.0603537559509277,0.0009744493290781975,0.0025634765625,0.7869126796722412
862,1765376,645,0.4820561957359314,10.09,304,-0.004585843533277512,0.06631086766719818,1.0244532823562622,0.000402593519538641,0.0045166015625,0.7871558666229248
863,1767424,645,0.5516099178791046,9.95,312,-0.0017548156902194023,0.07031423598527908,1.030341386795044,0.0011863061226904392,0.003173828125,0.7852553129196167
864,1769472,644,0.5417289263010026,10.01,307,-0.0026896558701992035,0.06944447010755539,1.0499955415725708,0.0007613848429173231,0.00244140625,0.7742977142333984
865,1771520,644,0.6300925606489182,10.21,297,-0.0039994120597839355,0.06750579178333282,1.0500258207321167,0.001072537386789918,0.002197265625,0.749822199344635
866,1773568,644,0.541684297323227,10.06,295,-9.077787399291992e-05,0.06253485381603241,1.0585973262786865,0.000462585361674428,0.0029296875,0.7908955216407776
867,1775616,644,0.5021752083301544,9.65,297,0.00014632893726229668,0.062354668974876404,1.1057395935058594,0.0008365788962692022,0.0054931640625,0.7855968475341797
868,1777664,645,0.571312398314476,10.13,291,-0.001611114013940096,0.06188815459609032,1.1074520349502563,0.001824335427954793,0.0123291015625,0.787924587726593
869,1779712,645,0.4917884308099747,16.47,285,-0.009470971301198006,0.06070232018828392,1.1391410827636719,0.0015439752023667097,0.014404296875,0.8053755164146423
870,1781760,645,0.5713123959302903,9.93,307,-0.003464324399828911,0.06953167170286179,1.1146949529647827,0.000612128060311079,0.0029296875,0.7955019474029541
871,1783808,645,0.5518330574035645,9.7,310,-0.004482356831431389,0.07197127491235733,1.0618600845336914,0.0010345757473260164,0.005126953125,0.7561380863189697
872,1785856,645,0.3937966954708099,10.49,294,-0.0045738499611616135,0.06329076737165451,1.0866138935089111,0.0005555350799113512,0.0054931640625,0.777419924736023
873,1787904,645,0.45336529076099397,10.21,280,-0.005136501509696245,0.0596986748278141,1.1028754711151123,0.0008975521195679903,0.0028076171875,0.7696517705917358
874,1789952,645,0.47183305978775025,11.0,266,-0.00352668110281229,0.05739900469779968,1.1340904235839844,0.0010105278342962265,0.0040283203125,0.7860281467437744
875,1792000,645,0.462740495800972,10.14,280,-0.0007176101207733154,0.05811222270131111,1.1501740217208862,0.00023587513715028763,0.0023193359375,0.8015071153640747
876,1794048,645,0.4830528926849365,9.63,283,-0.0029291128739714622,0.06129331886768341,1.1532268524169922,0.0004662743303924799,0.0030517578125,0.7578023672103882
877,1796096,645,0.5016545462608337,16.35,274,-0.005281258374452591,0.058203548192977905,1.1218719482421875,0.001645185286179185,0.0076904296875,0.7680131196975708
878,1798144,645,0.492309091091156,10.17,302,-0.007510405965149403,0.06427083164453506,1.0957300662994385,0.0025473081041127443,0.0089111328125,0.7597335577011108
879,1800192,645,0.5027702498435974,10.06,301,-0.007675746455788612,0.0669301226735115,1.1290042400360107,0.0012488975189626217,0.0020751953125,0.8094661235809326
880,1802240,645,0.45320165395736695,9.94,307,0.000790352001786232,0.06868945062160492,1.0330772399902344,0.001374047715216875,0.010498046875,0.7603323459625244
881,1804288,645,0.5705983477830887,10.66,297,-0.003889966756105423,0.06587359309196472,1.0490715503692627,0.0010119020007550716,0.0045166015625,0.7687642574310303
882,1806336,645,0.541238015294075,10.24,295,-0.005451202392578125,0.06723186373710632,1.1054601669311523,0.0009859849233180285,0.003662109375,0.7938014268875122
883,1808384,645,0.48277024865150453,10.37,302,-0.001719464547932148,0.06887995451688766,1.0577853918075562,0.00022789719514548779,0.0010986328125,0.801835834980011
884,1810432,645,0.4433206617832184,9.7,311,-0.006481844931840897,0.06854453682899475,1.078870177268982,0.0010869617108255625,0.00341796875,0.7939184904098511
885,1812480,645,0.5515355390310287,9.82,303,-0.006140556186437607,0.06895340234041214,1.034874677658081,0.0006354223005473614,0.001220703125,0.8006778955459595
886,1814528,645,0.5019818204641342,10.74,290,-0.005546698346734047,0.06381072103977203,1.0550081729888916,0.0005573022644966841,0.001220703125,0.7749648094177246
887,1816576,645,0.5613272738456726,9.87,311,-0.0032359715551137924,0.0665750652551651,1.0534570217132568,0.0005597516428679228,0.003173828125,0.7856464982032776
888,1818624,645,0.4526958692073822,10.21,298,-0.007906915619969368,0.06354515254497528,1.0687241554260254,0.000762715470045805,0.0006103515625,0.8140875101089478
889,1820672,645,0.5709851264953614,10.16,312,-0.0025969501584768295,0.06819233298301697,1.052426815032959,0.00029085902497172356,0.0048828125,0.7954100370407104
890,1822720,645,0.45311239659786223,10.26,297,-0.002448141574859619,0.06664899736642838,1.0797474384307861,0.0006229616701602936,0.002197265625,0.8036935329437256
891,1824768,645,0.5902561998367309,10.31,301,-0.0017688404768705368,0.06787672638893127,1.0811660289764404,0.001767725683748722,0.0067138671875,0.7977883815765381
892,1826816,645,0.5314760321378708,10.88,289,-0.00485975481569767,0.06777454167604446,1.0831775665283203,0.0005589588545262814,0.000732421875,0.8015362024307251
893,1828864,645,0.46338016390800474,10.26,301,-0.0035090758465230465,0.06644479930400848,1.0734782218933105,0.0005482560954988003,0.0020751953125,0.8040469884872437
894,1830912,645,0.5024132263660431,10.19,293,-0.0037397267296910286,0.06541162729263306,1.0812368392944336,0.0009329821914434433,0.0023193359375,0.7907265424728394
895,1832960,645,0.5521454566717148,9.81,297,-0.0022479481995105743,0.06482633948326111,1.0966829061508179,0.00089653255417943,0.006103515625,0.7854128479957581
896,1835008,645,0.4632909089326859,10.06,303,-0.003214141819626093,0.07025542110204697,1.0373200178146362,0.00043644639663398266,0.0018310546875,0.7949298620223999
897,1837056,645,0.4924132227897644,10.06,299,-0.001681249588727951,0.06918101012706757,1.072454571723938,0.00037419749423861504,0.00244140625,0.7805284261703491
898,1839104,645,0.44399008572101595,9.35,320,-0.004451110027730465,0.06856046617031097,1.0527994632720947,0.0014418039936572313,0.00537109375,0.7839523553848267
899,1841152,645,0.4818925619125366,10.85,292,-0.00013329088687896729,0.06147017702460289,1.0476500988006592,0.000632577808573842,0.004150390625,0.7995473742485046
900,1843200,645,0.4235884302854538,10.0,308,-0.0017907880246639252,0.0715138241648674,1.0640006065368652,0.0001392147969454527,0.0013427734375,0.8087854981422424
901,1845248,645,0.4531570255756378,10.25,294,-0.000836273655295372,0.06773507595062256,1.0735931396484375,0.0005071298219263554,0.0047607421875,0.7918890714645386
902,1847296,645,0.4237371897697449,10.04,298,-0.00231296569108963,0.06552749127149582,1.0866676568984985,0.0004880151245743036,0.0015869140625,0.8215835690498352
903,1849344,645,0.3444066119194031,10.3,304,-0.0074075013399124146,0.06329542398452759,1.0526424646377563,0.0008437610231339931,0.0029296875,0.781629204750061
904,1851392,645,0.512472727894783,10.8,291,-0.004061650484800339,0.06759579479694366,1.0742475986480713,0.0005323577206581831,0.006103515625,0.8061462640762329
905,1853440,645,0.5020264476537705,10.28,301,-0.003383232280611992,0.06957423686981201,1.049324631690979,0.0007718778215348721,0.0028076171875,0.8100419044494629
906,1855488,645,0.5125768595933914,9.65,303,-0.003930401057004929,0.06397657096385956,1.091801643371582,0.0017508072778582573,0.004638671875,0.8146123886108398
907,1857536,645,0.5218628120422363,11.0,288,-0.0037939101457595825,0.06369388848543167,1.0645544528961182,0.0006431180518120527,0.0037841796875,0.7963160276412964
908,1859584,645,0.3941388446092606,10.12,313,-0.007625396363437176,0.0713825449347496,1.0414990186691284,0.0014382379595190287,0.005859375,0.7700160145759583
909,1861632,645,0.5711190110445022,10.12,302,-0.0030888598412275314,0.06801742315292358,1.0349830389022827,0.0006034653633832932,0.0052490234375,0.7782546281814575
910,1863680,645,0.37486777126789095,9.51,318,-0.0014361478388309479,0.07287921756505966,1.0397837162017822,0.0004902735818177462,0.001953125,0.7648786306381226
911,1865728,645,0.4926066130399704,9.5,315,-0.004412373527884483,0.07144919782876968,1.0695676803588867,0.0006309612654149532,0.00537109375,0.7901192903518677
912,1867776,645,0.49268099188804626,10.51,298,-0.004184979014098644,0.06240977346897125,1.0651366710662842,0.000670518958941102,0.0023193359375,0.780419111251831
913,1869824,645,0.5710743802785874,10.2,308,-0.0008363875094801188,0.07275068014860153,1.0306706428527832,0.00025354837998747826,0.0030517578125,0.7661752700805664
914,1871872,645,0.5516545468568802,10.27,304,-0.002721235156059265,0.06979234516620636,1.0115119218826294,0.0006721564568579197,0.0078125,0.766535758972168
915,1873920,645,0.5124727272987366,10.3,284,-0.004395032301545143,0.06230801343917847,1.0616323947906494,0.0006555039435625076,0.003173828125,0.7598833441734314
916,1875968,645,0.511654548048973,10.52,275,-0.002094079740345478,0.06100693345069885,1.097472906112671,0.0006030783988535404,0.0028076171875,0.7314145565032959
917,1878016,645,0.5516396725177765,10.08,269,-0.004118211567401886,0.05658958479762077,1.0517306327819824,0.00038219778798520565,0.002197265625,0.7618157267570496
918,1880064,645,0.5620264476537704,9.3,294,-0.003403952345252037,0.06198180094361305,1.0641353130340576,0.0004452490247786045,0.0015869140625,0.7527557611465454
919,1882112,645,0.4538859522342682,15.38,294,-0.003735403995960951,0.06503450870513916,1.0389491319656372,0.001062032300978899,0.0030517578125,0.7429453730583191
920,1884160,645,0.4834842997789383,9.55,315,0.0020236223936080933,0.06807347387075424,0.9782857298851013,0.0005203892942517996,0.0054931640625,0.7760363817214966
921,1886208,645,0.4722198361158371,10.56,306,-0.004153072834014893,0.06802680343389511,0.981378436088562,0.0005975321400910616,0.00146484375,0.7681815028190613
922,1888256,645,0.5127702498435974,9.46,301,-0.002329118549823761,0.06744085997343063,0.9771633148193359,0.00022216467186808586,0.0010986328125,0.7444427609443665
923,1890304,645,0.4141537189483643,9.24,301,-0.0037328521721065044,0.06542640179395676,0.978219747543335,0.002140677534043789,0.004150390625,0.7648411393165588
924,1892352,645,0.49213058173656465,10.22,296,-0.0013761930167675018,0.06711916625499725,1.0583549737930298,0.0002901561092585325,0.00048828125,0.7662829160690308
925,1894400,645,0.47306777000427247,9.95,285,-0.0017994418740272522,0.06413228809833527,1.0411107540130615,0.00021611223928630352,0.00048828125,0.7575603723526001
926,1896448,645,0.5613719028234482,10.05,289,-0.0025378894060850143,0.06067875027656555,1.040910243988037,0.0001932044979184866,0.002685546875,0.7597448229789734
927,1898496,645,0.4637074410915375,9.45,296,-0.004324302077293396,0.06422126293182373,1.0544873476028442,0.0009179816115647554,0.0048828125,0.7567915916442871
928,1900544,645,0.45329091131687166,9.94,298,-0.0028190091252326965,0.06473015248775482,0.9946593642234802,0.001338939880952239,0.0037841796875,0.7627477049827576
929,1902592,645,0.5221454560756683,9.89,294,-0.00011976482346653938,0.06176544725894928,1.029684066772461,0.00027784821577370167,0.000732421875,0.7658566832542419
930,1904640,645,0.5033355391025544,9.41,304,-0.0018479544669389725,0.07078321278095245,0.9750089645385742,0.0003196250181645155,0.0001220703125,0.7738768458366394
931,1906688,645,0.5414462822675705,10.29,301,-0.002690490335226059,0.06793192028999329,1.0237901210784912,0.00010775704868137836,0.0003662109375,0.7937705516815186
932,1908736,645,0.5230528944730759,9.04,313,-0.000284319743514061,0.06843485683202744,0.9948021173477173,0.0001647300086915493,0.00048828125,0.8154782056808472
933,1910784,645,0.5224727284908295,9.37,310,-0.003358006477355957,0.06773984432220459,1.0081716775894165,0.0007306872867047787,0.001708984375,0.8019598722457886
934,1912832,645,0.532338844537735,9.35,312,-0.0008064024150371552,0.07154069095849991,1.0168163776397705,0.00016752909868955612,0.0018310546875,0.8097858428955078
935,1914880,645,0.5127107453346252,10.13,303,-0.0018301783129572868,0.0664345920085907,1.004185676574707,6.518326699733734e-05,0.000244140625,0.7922753095626831
936,1916928,645,0.5219966953992844,9.9,307,-0.003870811313390732,0.07121015340089798,0.998424232006073,0.0005624648183584213,0.00244140625,0.7921142578125
937,1918976,645,0.512413222193718,10.0,308,-0.0017075352370738983,0.06912727653980255,1.025186538696289,0.0008438087534159422,0.000732421875,0.8001313805580139
938,1921024,645,0.4541834723949432,9.25,314,-0.002417215146124363,0.06986002624034882,1.0054090023040771,0.00033142254687845707,0.000732421875,0.7915219068527222
939,1923072,645,0.47296363830566407,9.8,314,-0.0022827768698334694,0.07302910089492798,1.0118579864501953,0.0002998574636876583,0.0030517578125,0.803937554359436
940,1925120,645,0.45342479467391966,9.78,308,-0.002286076545715332,0.07405036687850952,0.9964618682861328,0.00019745738245546818,0.0,0.7987332940101624
941,1927168,645,0.5019371920824051,10.28,299,-0.0014094002544879913,0.06547203660011292,1.0534805059432983,0.00012947898358106613,0.0015869140625,0.8130426406860352
942,1929216,645,0.4639752060174942,9.41,314,-0.001604326069355011,0.06886880099773407,1.0512855052947998,0.00030502211302518845,0.00048828125,0.7933191657066345
943,1931264,645,0.43333553671836855,10.49,287,-0.0007007643580436707,0.061276309192180634,1.001990795135498,0.000718994066119194,0.0009765625,0.7840850353240967
944,1933312,645,0.46280000030994417,9.91,308,-0.0013224706053733826,0.06748005002737045,1.0539659261703491,0.00039367261342704296,0.001953125,0.8137630224227905
945,1935360,645,0.433647934794426,9.6,310,0.0004378426820039749,0.07102042436599731,1.0348109006881714,5.833851173520088e-05,0.0,0.7873482704162598
946,1937408,645,0.44321652710437776,10.25,296,-0.002939082682132721,0.06970636546611786,1.0520424842834473,0.000452280743047595,0.0006103515625,0.8181262016296387
947,1939456,645,0.5807322299480439,10.58,289,-0.0013999082148075104,0.060367126017808914,1.0747309923171997,0.00037416955456137657,0.0008544921875,0.8117033243179321
948,1941504,645,0.5216099190711975,10.59,298,6.648711860179901e-05,0.06822101026773453,1.0316554307937622,4.392932169139385e-05,0.000244140625,0.8164546489715576
949,1943552,645,0.521416529417038,9.92,302,-0.0009734742343425751,0.0682736486196518,1.0595108270645142,4.095258191227913e-05,0.0,0.8331326246261597
950,1945600,645,0.5414611572027206,10.64,290,-0.0018961168825626373,0.06683670729398727,1.070741057395935,0.00020673288963735104,0.0001220703125,0.8166244626045227
951,1947648,645,0.5022793400287628,10.65,291,-0.0010013189166784286,0.06908447295427322,1.0618526935577393,0.0004144003614783287,0.0010986328125,0.8037662506103516
952,1949696,645,0.4328595042228699,10.79,296,-0.000905502587556839,0.06508594006299973,1.078514575958252,0.00018065748736262321,0.0,0.7972395420074463
953,1951744,645,0.5616694247722626,9.98,305,-0.0021037254482507706,0.06934217363595963,1.0571141242980957,0.00013681245036423206,0.000244140625,0.8149152994155884
954,1953792,645,0.47357355535030365,9.7,300,0.0010262317955493927,0.06802080571651459,1.075380802154541,0.00022635329514741898,0.0018310546875,0.8081697225570679
955,1955840,644,0.5215504133701324,10.53,296,-0.0020223520696163177,0.06286343187093735,1.0962194204330444,0.0001894654706120491,0.0,0.78244948387146
956,1957888,644,0.4626066130399704,10.62,284,-0.004090518690645695,0.06749733537435532,1.0866554975509644,0.0002770349383354187,0.0006103515625,0.8014419674873352
957,1959936,644,0.5021305787563324,10.03,289,-0.0006643682718276978,0.06687568128108978,1.093353509902954,3.906222991645336e-05,0.0,0.7938774824142456
958,1961984,644,0.4925471091270447,14.79,291,-0.002032872289419174,0.06347095221281052,1.0966160297393799,0.0003926332574337721,0.000732421875,0.7858642935752869
959,1964032,644,0.54146115899086,10.6,294,-0.0016048513352870941,0.06637305021286011,1.0736116170883179,7.42634292691946e-05,0.0001220703125,0.8039070963859558
960,1966080,644,0.4925917363166809,9.96,290,-0.001941625028848648,0.06256598234176636,1.0884383916854858,0.00020123925060033798,0.0001220703125,0.7927366495132446
961,1968128,644,0.4829338842630386,10.32,285,-0.00025950372219085693,0.06132955476641655,1.1271899938583374,2.2023217752575874e-05,0.0,0.7841757535934448
962,1970176,644,0.5218628108501434,10.27,291,-0.00010289251804351807,0.06158926337957382,1.1206374168395996,4.662899300456047e-06,0.0,0.8184671998023987
963,1972224,644,0.4328892582654953,10.46,287,0.0012421747669577599,0.05829097703099251,1.097395420074463,9.607896208763123e-05,0.0,0.7935980558395386
964,1974272,644,0.5217289257049561,10.23,299,-0.0017036199569702148,0.06687463074922562,1.090559720993042,6.094411946833134e-05,0.0,0.820478618144989
965,1976320,644,0.5418628108501434,10.15,293,-0.0028109000995755196,0.0672466903924942,1.0734282732009888,0.00010557356290519238,0.0,0.7764541506767273
966,1978368,644,0.5707619851827621,10.31,296,-0.0011503137648105621,0.06771501153707504,1.0591864585876465,2.747843973338604e-05,0.0,0.8393566608428955
967,1980416,644,0.5421305811405182,10.32,299,-0.0006278790533542633,0.06785831600427628,1.0613244771957397,2.1361978724598885e-05,0.0,0.7957525253295898
968,1982464,644,0.5312380170822144,10.79,294,-0.0004356987774372101,0.06663774698972702,1.096617579460144,7.0212408900260925e-06,0.0,0.7971314191818237
969,1984512,644,0.5592000007629394,11.61,294,-0.0011529559269547462,0.0676506981253624,1.1028844118118286,8.134287782013416e-05,0.0,0.785223662853241
970,1986560,644,0.4533801639080048,9.87,300,2.7445144951343536e-05,0.07089290767908096,1.0974148511886597,5.143927410244942e-06,0.0,0.8253375291824341
971,1988608,644,0.5408809930086136,10.55,295,0.0002653682604432106,0.06721512973308563,1.0836102962493896,5.523208528757095e-06,0.0,0.7948275804519653
972,1990656,644,0.4727256202697754,9.82,302,-0.00029659317806363106,0.06683748215436935,1.07371187210083,6.833113729953766e-06,0.0,0.7961339354515076
973,1992704,644,0.4631867778301239,10.33,297,6.123259663581848e-05,0.06402111053466797,1.0997830629348755,3.346474841237068e-06,0.0,0.7928249835968018
974,1994752,644,0.45321652889251707,10.27,287,-0.00018123909831047058,0.06302092224359512,1.1235517263412476,1.7944257706403732e-06,0.0,0.7953289747238159
975,1996800,644,0.5314016538858414,10.14,307,-9.991973638534546e-05,0.0688256248831749,1.0717389583587646,9.976793080568314e-07,0.0,0.8076205849647522
976,1998848,644,0.5418033057451248,10.04,302,-1.3343989849090576e-05,0.06848344206809998,1.087368130683899,1.1781230568885803e-07,0.0,0.8289919495582581
