update,frames,fps,ep_return,ep_len,n_episodes,pg_loss,v_loss,entropy,approx_kl,clipfrac,enc_activity
1,2048,1861,0.0,32.0,1,-0.0015505114570260048,7.343024662986863e-06,1.945778489112854,0.0001326694618910551,0.0,0.04548751562833786
2,4096,1804,0.15447933673858644,171.6,5,-0.007759954780340195,0.00041913543827831745,1.9255726337432861,0.016896860674023628,0.1414794921875,0.08559880405664444
3,6144,1900,0.311688312462398,179.28571428571428,7,-0.00255654938519001,0.0013202413683757186,1.9393528699874878,0.006539093796163797,0.0,0.06464843451976776
4,8192,1887,0.311688312462398,179.28571428571428,7,-0.01157708466053009,2.5696452212287113e-05,1.9152342081069946,0.009261013939976692,0.0404052734375,0.08699893951416016
5,10240,1933,0.1432757323438471,369.09090909090907,22,-0.013254214078187943,0.0013011133996769786,1.877970576286316,0.008697190321981907,0.1109619140625,0.10705309361219406
6,12288,1946,0.22655096252759296,305.53333333333336,30,0.006554121151566505,0.004824445117264986,1.871025800704956,0.0074434541165828705,0.004638671875,0.1062542200088501
7,14336,1973,0.23488521575927734,295.77777777777777,36,-8.543767035007477e-05,0.001941861235536635,1.8547166585922241,0.007031853310763836,0.003662109375,0.11145871877670288
8,16384,1986,0.24360008065293476,299.780487804878,41,0.002438455354422331,0.001037966227158904,1.8432531356811523,0.008407379500567913,0.011962890625,0.11736021935939789
9,18432,1994,0.25696969741866704,295.76190476190476,42,-0.007954435423016548,0.0019395763520151377,1.8042289018630981,0.010803011246025562,0.08251953125,0.13532385230064392
10,20480,2003,0.23403967022895814,318.28,50,0.0010081790387630463,0.002061746083199978,1.753187656402588,0.009869544766843319,0.0665283203125,0.15968066453933716
11,22528,2031,0.22610389654125487,320.0357142857143,56,-0.006278366781771183,0.0024409128818660975,1.7740683555603027,0.011578939855098724,0.090576171875,0.14786456525325775
12,24576,2029,0.23758006189018488,323.15625,64,0.0011262297630310059,0.0039436547085642815,1.7453625202178955,0.009713707491755486,0.04150390625,0.15639376640319824
13,26624,2029,0.23566358755616582,327.8529411764706,68,-0.012917261570692062,0.0018011529464274645,1.6793112754821777,0.008550414815545082,0.0472412109375,0.18805859982967377
14,28672,2021,0.22570597118055316,335.67605633802816,71,-0.006482599303126335,6.967692752368748e-05,1.6608504056930542,0.006678469479084015,0.002685546875,0.195671945810318
15,30720,2011,0.2155816906537765,342.78205128205127,78,-0.0062107667326927185,0.0005456362850964069,1.5864310264587402,0.00861438736319542,0.02734375,0.2312609851360321
16,32768,2005,0.22981429170159734,340.74117647058824,85,-0.005123324226588011,0.0042743682861328125,1.532895803451538,0.006260799244046211,0.0,0.2466210424900055
17,34816,2015,0.23024793280349984,337.02197802197804,91,0.001685306429862976,0.0018418976105749607,1.5500551462173462,0.0027988599613308907,0.0,0.23902733623981476
18,36864,2022,0.22529636435611275,342.78494623655916,93,-0.0011729057878255844,4.9692494940245524e-05,1.6003315448760986,0.006120035424828529,0.0146484375,0.21360555291175842
19,38912,2031,0.2205532830012472,348.30526315789473,95,-0.012130179442465305,3.6928402550984174e-05,1.5283139944076538,0.01485725399106741,0.06494140625,0.2434501349925995
20,40960,2039,0.23123966880142688,356.97,104,0.001886884681880474,0.007011302746832371,1.556070327758789,0.01321170199662447,0.0418701171875,0.23609372973442078
21,43008,2042,0.22833884231746196,350.04,109,-0.006282283924520016,0.0018761235987767577,1.5754342079162598,0.00947362557053566,0.058349609375,0.2199626863002777
22,45056,2040,0.22833884231746196,343.71,105,-0.004891622811555862,0.00012857925321441144,1.5951485633850098,0.001404798123985529,0.0,0.20506899058818817
23,47104,2045,0.22676198296248912,347.64,103,-0.01293391827493906,0.0008285305229946971,1.5538923740386963,0.013745373114943504,0.1309814453125,0.2189147025346756
24,49152,2049,0.21596198312938214,361.08,108,-0.011176852509379387,0.004669768735766411,1.6219621896743774,0.01601768471300602,0.034912109375,0.18481393158435822
25,51200,2053,0.22817520551383497,357.67,113,-0.011230104602873325,0.007548181805759668,1.573451042175293,0.007964483462274075,0.01513671875,0.2146637737751007
26,53248,2053,0.22817520551383497,350.99,104,-0.019268568605184555,0.00017263472545892,1.553417444229126,0.012483906000852585,0.0093994140625,0.22377042472362518
27,55296,2054,0.2394876020401716,345.45,107,-0.0030097011476755142,0.0011718537425622344,1.5169470310211182,0.014989293180406094,0.13818359375,0.22456318140029907
28,57344,2054,0.22032396607100962,332.75,111,0.0007121975068002939,0.0013749715872108936,1.507952094078064,0.0008988091722130775,0.0,0.23163646459579468
29,59392,2055,0.23928594999015332,310.87,109,0.006310692057013512,0.00431029312312603,1.3853310346603394,0.017923349514603615,0.0428466796875,0.2639952301979065
30,61440,2059,0.2599107437580824,286.39,111,0.00326567143201828,0.004805460572242737,1.420535683631897,0.007732367143034935,0.0145263671875,0.2544279098510742
31,63488,2058,0.24062479369342327,283.04,107,-0.0011581610888242722,0.0008508058963343501,1.444644570350647,0.00481223501265049,0.00390625,0.2333938032388687
32,65536,2061,0.25670909121632574,261.78,111,0.0031180791556835175,0.002250402234494686,1.4704668521881104,0.0031699046958237886,0.0206298828125,0.2210579216480255
33,67584,2057,0.2579735538363457,245.86,112,0.0036477399989962578,0.002491319552063942,1.3783390522003174,0.010483420453965664,0.0400390625,0.24747291207313538
34,69632,2059,0.268568594455719,229.27,112,-0.009680093266069889,0.006301689427345991,1.479114294052124,0.012478554621338844,0.03515625,0.2193956971168518
35,71680,2060,0.26484628051519393,226.12,101,-0.00019473955035209656,0.00019069168774876744,1.4137784242630005,0.009410426020622253,0.062255859375,0.25562620162963867
36,73728,2057,0.26672066062688826,228.25,106,-0.003778858110308647,0.00032433500746265054,1.3638195991516113,0.009344423189759254,0.084228515625,0.2766333222389221
37,75776,2052,0.23862479239702225,224.29,115,0.007965740747749805,0.003938841167837381,1.3983936309814453,0.005222843959927559,0.010498046875,0.2683268189430237
38,77824,2047,0.23113223105669023,226.44,114,-0.006600663065910339,0.004379247780889273,1.35075044631958,0.008253362029790878,0.10791015625,0.2731506824493408
39,79872,2052,0.21181322306394576,201.93,115,-0.004393249750137329,0.004920113366097212,1.3255201578140259,0.005659137852489948,0.0,0.2723172903060913
40,81920,2050,0.25650247901678086,191.41,117,-0.006473511457443237,0.007920767180621624,1.2024093866348267,0.012322471477091312,0.0975341796875,0.280606746673584
41,83968,2046,0.2652826437354088,180.05,110,0.0064785536378622055,0.007057989481836557,1.095405101776123,0.009058492258191109,0.010498046875,0.27271395921707153
42,86016,2048,0.25768099099397657,182.41,108,-0.020189575850963593,0.0007073187734931707,1.040627121925354,0.0041649360209703445,0.0137939453125,0.28520843386650085
43,88064,2053,0.2778776863217354,167.77,122,-0.0006401778664439917,0.007747034542262554,1.0297119617462158,0.0009316038340330124,0.0,0.27782586216926575
44,90112,2055,0.35547107487916946,121.19,127,-0.01119975745677948,0.014154074713587761,0.9319966435432434,0.0055769747123122215,0.0023193359375,0.2711178660392761
45,92160,2053,0.3570033058524132,126.83,119,0.0008297506719827652,0.005263091996312141,0.8305903673171997,0.006045202724635601,0.0,0.2787332832813263
46,94208,2042,0.3630909100174904,121.53,118,-0.0034477654844522476,0.008805548772215843,0.8563908338546753,0.0008918624371290207,0.0,0.25688767433166504
47,96256,2035,0.43767272748053077,99.58,128,-0.0005286000669002533,0.0092368358746171,0.8258687853813171,0.0013153485488146544,0.0,0.2517640292644501
48,98304,2032,0.42640495873987677,82.31,130,0.00680948793888092,0.011605868116021156,0.9075601100921631,0.004236210137605667,0.010498046875,0.21240612864494324
49,100352,2029,0.47472727335989473,83.14,136,-0.0010563870891928673,0.014899786561727524,0.8646433353424072,0.003180902684107423,0.0,0.20602935552597046
50,102400,2026,0.5177702489495277,61.56,132,-0.0008409623987972736,0.014065955765545368,0.8471108675003052,0.002159935189411044,0.012939453125,0.1932535320520401
51,104448,2023,0.4993206623196602,70.35,119,0.0050706882029771805,0.00797428097575903,0.8938233852386475,0.0010476370807737112,0.0086669921875,0.16966283321380615
52,106496,2024,0.523199999332428,69.44,134,-0.004004460759460926,0.017333051189780235,0.8622276186943054,0.0005162530578672886,0.03857421875,0.17282253503799438
53,108544,2020,0.5081983461976052,70.84,120,-0.0031850584782660007,0.00931919738650322,0.9808909296989441,0.005467844195663929,0.0404052734375,0.1519278585910797
54,110592,2016,0.45106942266225813,73.75,138,-0.005046159029006958,0.01243937574326992,0.9761413931846619,0.0018630358390510082,0.0079345703125,0.16911444067955017
55,112640,2012,0.48789256408810616,75.36,133,-0.0038210824131965637,0.01262211799621582,1.0018662214279175,0.0047090984880924225,0.04736328125,0.17912830412387848
56,114688,2011,0.5815256206691265,55.71,150,-0.00832072552293539,0.023169128224253654,0.9442299604415894,0.002900308696553111,0.027099609375,0.20208293199539185
57,116736,2010,0.45651735663414,41.89,158,-0.00886925682425499,0.019932042807340622,0.9633740782737732,0.0013013461139053106,0.001708984375,0.20115531980991364
58,118784,2008,0.41036694288253783,36.84,155,-0.002717498689889908,0.017284106463193893,0.9253599643707275,0.0030943541787564754,0.0235595703125,0.19358870387077332
59,120832,2007,0.4347553688287735,33.68,167,-0.013138162903487682,0.024788962677121162,0.8972486853599548,0.003983864560723305,0.0245361328125,0.2120160162448883
60,122880,2008,0.46108925819396973,26.16,177,-0.003436623141169548,0.02283520996570587,0.9527698755264282,0.007119379006326199,0.03857421875,0.2281789779663086
61,124928,2007,0.4491702502965927,21.87,199,-0.003564770333468914,0.03248077630996704,0.8715357780456543,0.0025355422403663397,0.011474609375,0.24386757612228394
62,126976,1998,0.46866446256637573,14.98,243,-0.004173532128334045,0.04914533346891403,0.8948134183883667,0.011864743195474148,0.03076171875,0.2668415307998657
63,129024,2001,0.508069422841072,16.74,232,-0.010738876648247242,0.046389587223529816,0.8706529140472412,0.008298876695334911,0.041015625,0.2970239520072937
64,131072,2000,0.526522313952446,14.17,255,-0.008175887167453766,0.05152997747063637,0.8320492506027222,0.007496493868529797,0.0382080078125,0.31471961736679077
65,133120,1996,0.4535586774349213,9.74,316,-0.002687663771212101,0.06527039408683777,0.7405523061752319,0.003498101606965065,0.026611328125,0.3247353732585907
66,135168,1998,0.5318181824684143,11.29,306,-0.009480409324169159,0.06951026618480682,0.6819061040878296,0.0032755222637206316,0.0108642578125,0.3519214987754822
67,137216,1998,0.4146743804216385,8.28,323,0.0012685456313192844,0.06682941317558289,0.548764705657959,0.0017172053921967745,0.0029296875,0.41067227721214294
68,139264,1998,0.46384132266044614,8.84,323,0.0003551458939909935,0.06978297978639603,0.6063592433929443,0.001965395174920559,0.013916015625,0.41170546412467957
69,141312,2000,0.53363305747509,8.78,325,-0.0029770871624350548,0.07321926951408386,0.5059979557991028,0.0009630003478378057,0.0028076171875,0.444646418094635
70,143360,2000,0.4541983461380005,8.82,339,-0.001623204443603754,0.07362828403711319,0.5835011005401611,0.0009368981700390577,0.0001220703125,0.41530412435531616
71,145408,1996,0.40518016397953033,7.79,363,-0.004086123779416084,0.07585147768259048,0.5373330116271973,0.0006999541074037552,0.000244140625,0.41664671897888184
72,147456,1995,0.44399008572101595,8.54,352,-0.002754170447587967,0.07428871840238571,0.5181410312652588,0.0005768821574747562,0.0050048828125,0.4355746805667877
73,149504,1980,0.46428760409355163,8.61,344,-0.0026804618537425995,0.07107053697109222,0.49953314661979675,0.0016859832685440779,0.0062255859375,0.4585225582122803
74,151552,1966,0.41421322286129,8.38,357,-0.0017016604542732239,0.07400605082511902,0.4751548767089844,0.0006855682004243135,0.0050048828125,0.446828156709671
75,153600,1963,0.42513553619384764,7.62,354,-0.00121222622692585,0.07383138686418533,0.5093646049499512,0.0003843214362859726,0.002197265625,0.4508136510848999
76,155648,1967,0.4440942162275314,9.05,329,0.028047841042280197,0.07099795341491699,0.5706740021705627,0.032200783491134644,0.008854166666666666,0.4453260898590088
77,157696,1964,0.5041388434171676,7.52,369,-5.647679790854454e-05,0.07954294979572296,0.5017263889312744,0.0010004101786762476,0.003662109375,0.45560991764068604
78,159744,1965,0.48360330522060396,8.04,342,-0.008679088205099106,0.06885330379009247,0.5002260804176331,0.003754023928195238,0.0087890625,0.4606762230396271
79,161792,1965,0.42498677790164946,7.88,349,-0.006035987287759781,0.07112832367420197,0.45377811789512634,0.0024359289091080427,0.005126953125,0.4575873017311096
80,163840,1964,0.43495702505111694,7.65,363,-0.007484852336347103,0.07701388001441956,0.5611296892166138,0.0017542527057230473,0.00244140625,0.4338480830192566
81,165888,1961,0.41345454633235934,9.58,332,-0.003609130159020424,0.06967493891716003,0.4884600341320038,0.0012805305887013674,0.0037841796875,0.4405064582824707
82,167936,1961,0.48391570150852203,8.18,350,-0.004429301247000694,0.07455861568450928,0.5811379551887512,0.002002571476623416,0.011474609375,0.43562525510787964
83,169984,1956,0.5637818187475204,7.36,342,-0.0042504966259002686,0.06978315860033035,0.5577641725540161,0.0023304522037506104,0.006591796875,0.453408420085907
84,172032,1950,0.42488264441490176,8.5,345,0.0019168509170413017,0.0709456130862236,0.48344671726226807,0.0005572705995291471,0.0025634765625,0.46439194679260254
85,174080,1944,0.5039008265733719,7.87,349,-0.0025328686460852623,0.07265952229499817,0.5066898465156555,0.0011046163272112608,0.0133056640625,0.4510931074619293
86,176128,1937,0.4449570244550705,7.49,359,0.001554371789097786,0.07491253316402435,0.46671977639198303,0.0012853662483394146,0.0086669921875,0.4604889452457428
87,178176,1932,0.5628595066070556,7.97,362,-0.0025015994906425476,0.0750436931848526,0.47277137637138367,0.001230437308549881,0.0069580078125,0.4473362863063812
88,180224,1926,0.46254710853099823,8.93,344,-0.0027154728304594755,0.07303670048713684,0.5747391581535339,0.0009728637523949146,0.0032958984375,0.43814733624458313
89,182272,1924,0.4740793401002884,8.32,354,-0.0015025986358523369,0.08046108484268188,0.501471757888794,0.0010961417574435472,0.0115966796875,0.4507220983505249
90,184320,1920,0.5334545463323593,8.03,356,-0.008899372071027756,0.07445020228624344,0.5201913714408875,0.003263968974351883,0.028076171875,0.43731462955474854
91,186368,1915,0.5138115692138672,7.72,357,-0.007702430710196495,0.07530758529901505,0.6016937494277954,0.0011424950789660215,0.0006103515625,0.4154539704322815
92,188416,1907,0.5040198361873627,7.75,370,-0.001917639747262001,0.08108745515346527,0.6083678007125854,0.0005967621691524982,0.0009765625,0.41011911630630493
93,190464,1907,0.4944214868545532,7.98,355,-0.0022618588991463184,0.07828722149133682,0.5115370750427246,0.00015906337648630142,0.000244140625,0.4219855070114136
94,192512,1908,0.5330528950691223,8.16,342,-0.006340267136693001,0.07580197602510452,0.576647162437439,0.002566733630374074,0.0074462890625,0.40879860520362854
95,194560,1909,0.50404958486557,7.58,350,0.00048740580677986145,0.07139545679092407,0.6590630412101746,0.0038956336211413145,0.016845703125,0.407470703125
96,196608,1910,0.4935438013076782,8.72,348,-0.0036058854311704636,0.06835372745990753,0.5953738689422607,0.00574340857565403,0.03857421875,0.4142763614654541
97,198656,1911,0.5040198349952698,8.92,339,-0.000795586034655571,0.07569798082113266,0.609204113483429,0.0032145294826477766,0.0225830078125,0.41997867822647095
98,200704,1906,0.45485289216041563,8.08,344,0.0035899286158382893,0.07314006984233856,0.7065868973731995,0.0024462291039526463,0.0030517578125,0.3967105448246002
99,202752,1899,0.5531718987226486,8.38,348,-0.012615162879228592,0.07551848888397217,0.553840696811676,0.002274693688377738,0.0155029296875,0.41438040137290955
100,204800,1899,0.5838115704059601,7.67,355,-0.003773920238018036,0.07306123524904251,0.671561062335968,0.003079191781580448,0.00244140625,0.40293002128601074
101,206848,1898,0.45439173400402066,8.96,340,-0.005011431872844696,0.07037334889173508,0.5838050246238708,0.002069034380838275,0.003662109375,0.4153081774711609
102,208896,1897,0.44532892525196077,7.81,363,-0.009042643010616302,0.07677976042032242,0.4714970290660858,0.003562087193131447,0.0072021484375,0.451572060585022
103,210944,1897,0.4547636389732361,7.86,360,-0.0006788736209273338,0.07501941919326782,0.4470023512840271,0.0011281466577202082,0.0040283203125,0.4437498450279236
104,212992,1896,0.524198345541954,7.71,368,-0.009460296481847763,0.07736599445343018,0.5186657309532166,0.003472456941381097,0.03076171875,0.43451833724975586
105,215040,1895,0.4942727279663086,7.75,374,-0.0002447059378027916,0.0808299332857132,0.4413105249404907,0.0018408512696623802,0.003662109375,0.4647519290447235
106,217088,1891,0.4847190088033676,7.64,378,-0.004170272499322891,0.08246032893657684,0.44093918800354004,0.004031681455671787,0.0013427734375,0.4650937616825104
107,219136,1887,0.4150462794303894,7.26,370,-0.0056985109113156796,0.07734208554029465,0.39260005950927734,0.0023923905100673437,0.0137939453125,0.49075955152511597
108,221184,1885,0.5246148753166199,7.15,388,0.001543419435620308,0.0838356763124466,0.4073978066444397,0.0015489482320845127,0.00048828125,0.4810183644294739
109,223232,1881,0.4850611585378647,7.38,376,-0.006582291796803474,0.07942058145999908,0.4329538345336914,0.002098426455631852,0.0146484375,0.4710197448730469
110,225280,1877,0.5241388410329819,7.7,368,-6.15045428276062e-05,0.07985199987888336,0.400285542011261,0.002055288990959525,0.00634765625,0.4769861400127411
111,227328,1876,0.5337520653009414,7.77,359,0.0005891686305403709,0.07554759085178375,0.5209502577781677,0.004028763622045517,0.0146484375,0.44510048627853394
112,229376,1877,0.4050462818145752,7.89,358,-0.0008806916885077953,0.07335619628429413,0.5072951316833496,0.002149946754798293,0.002197265625,0.4529302418231964
113,231424,1877,0.5340198361873627,7.57,366,-0.005884386599063873,0.07626168429851532,0.456926167011261,0.0018156254664063454,0.009765625,0.47484469413757324
114,233472,1877,0.5039157050848008,7.82,361,-0.0076399073004722595,0.07597120851278305,0.543266773223877,0.0016280501149594784,0.0048828125,0.45263907313346863
115,235520,1877,0.4950314074754715,7.03,369,-0.003620816394686699,0.07727565616369247,0.46626710891723633,0.0019799505826085806,0.0057373046875,0.46877145767211914
116,237568,1878,0.593320661187172,7.59,368,0.0005972180515527725,0.07817696779966354,0.6294355392456055,0.02096191607415676,0.0159912109375,0.478093683719635
117,239616,1879,0.5127702480554581,9.43,333,-0.001401243731379509,0.06583406031131744,0.6355062127113342,0.001993752783164382,0.025390625,0.47598373889923096
118,241664,1880,0.5030082654953003,8.69,318,0.0026342645287513733,0.07147610187530518,0.6420771479606628,0.007670923136174679,0.030517578125,0.4579426646232605
119,243712,1882,0.47336528956890106,9.05,341,-0.008427141234278679,0.07042016088962555,0.6064316034317017,0.004833712242543697,0.01416015625,0.4676711857318878
120,245760,1883,0.48412396728992463,7.83,343,-0.004155481234192848,0.0712430328130722,0.5796325206756592,0.000834096921607852,0.0093994140625,0.4643694758415222
121,247808,1884,0.5045999991893768,7.77,360,-0.005396516993641853,0.07642243802547455,0.5422321557998657,0.0026538940146565437,0.0115966796875,0.4624577760696411
122,249856,1885,0.5033057844638824,8.81,333,-0.003411511890590191,0.07068338990211487,0.616692841053009,0.003541687037795782,0.02734375,0.4223862290382385
123,251904,1884,0.5639603316783905,7.29,365,-0.0005639307200908661,0.07775094360113144,0.4937729239463806,0.0015012051444500685,0.009033203125,0.46145400404930115
124,253952,1883,0.5240198332071304,7.94,356,-0.005368097685277462,0.07393044233322144,0.5418786406517029,0.0028131750877946615,0.0123291015625,0.45921003818511963
125,256000,1878,0.5138264483213425,7.86,357,-0.004655944183468819,0.0744287520647049,0.5010490417480469,0.0007684812881052494,0.010009765625,0.44927728176116943
126,258048,1874,0.5035289281606674,8.11,344,-0.006284650415182114,0.07235542684793472,0.49750590324401855,0.002825381699949503,0.0274658203125,0.45794981718063354
127,260096,1875,0.4641983473300934,8.27,352,-1.3589393347501755e-05,0.07594875991344452,0.5803311467170715,0.002821392612531781,0.01953125,0.4430907964706421
128,262144,1876,0.4943471074104309,8.19,359,-0.002703111618757248,0.0800982192158699,0.4811721742153168,0.0015507242642343044,0.0057373046875,0.4515533745288849
129,264192,1878,0.514466114640236,7.29,358,-0.0009887246415019035,0.07470538467168808,0.4887174069881439,0.00043613254092633724,0.00439453125,0.4543150067329407
130,266240,1878,0.5031570261716842,8.47,351,-0.0028699003159999847,0.07366056740283966,0.46930745244026184,0.002511404687538743,0.01611328125,0.4603663384914398
131,268288,1880,0.5241388422250748,7.02,373,0.0012074969708919525,0.08137467503547668,0.49440884590148926,0.0002928690519183874,0.0020751953125,0.45196300745010376
132,270336,1882,0.48418347001075746,7.52,360,-0.008238020353019238,0.07540547847747803,0.5054660439491272,0.0020438877400010824,0.0184326171875,0.45459115505218506
133,272384,1884,0.5139752048254013,8.01,358,0.0002605784684419632,0.07593808323144913,0.4732971489429474,0.0019515734165906906,0.013671875,0.4442603588104248
134,274432,1884,0.5838561969995498,7.52,362,-0.004035962745547295,0.07607729732990265,0.4341011941432953,0.0014604292809963226,0.0103759765625,0.4392625689506531
135,276480,1885,0.5136181825399398,7.85,357,-0.004681898280978203,0.07371846586465836,0.5273025631904602,0.002757337177172303,0.0052490234375,0.42367222905158997
136,278528,1885,0.4643619853258133,7.57,363,-0.003595968708395958,0.07354766130447388,0.4059799909591675,0.003611617721617222,0.0111083984375,0.45664483308792114
137,280576,1885,0.49467437982559204,7.31,371,0.004504062235355377,0.08097733557224274,0.381567120552063,0.0010604613926261663,0.0068359375,0.4550461769104004
138,282624,1886,0.5533801651000977,7.96,367,-0.0017044998239725828,0.07649099826812744,0.4646684527397156,0.002059681573882699,0.0069580078125,0.42896339297294617
139,284672,1884,0.46442148625850677,7.73,360,-0.003692842088639736,0.07452191412448883,0.4153445363044739,0.001867192331701517,0.027587890625,0.43540191650390625
140,286720,1880,0.5231123965978622,7.88,367,0.01068893726915121,0.07708684355020523,0.49989834427833557,0.0027905127499252558,0.015380859375,0.42681676149368286
141,288768,1879,0.4840198373794556,8.18,335,-0.002965504303574562,0.07657139748334885,0.5209068059921265,0.0025674416683614254,0.0050048828125,0.436438649892807
142,290816,1881,0.5529487633705139,8.42,351,-0.0031199343502521515,0.0780239999294281,0.5514242649078369,0.00045337271876633167,0.0010986328125,0.42857715487480164
143,292864,1882,0.5436330580711365,7.65,355,0.0009471578523516655,0.07853713631629944,0.5035991072654724,0.0011076414957642555,0.00146484375,0.4189666211605072
144,294912,1884,0.47446611762046814,8.06,353,0.0003822566941380501,0.07638394087553024,0.4713400900363922,0.004897833801805973,0.03271484375,0.41341114044189453
145,296960,1885,0.41576033174991606,7.13,371,0.0015769265592098236,0.07761488854885101,0.5127446055412292,0.0013171036262065172,0.0059814453125,0.43519866466522217
146,299008,1885,0.5141090905666351,7.86,357,-0.005030435509979725,0.07759339362382889,0.4873287081718445,0.0029732566326856613,0.008544921875,0.4589231014251709
147,301056,1886,0.46388594806194305,8.39,349,-0.003234159667044878,0.07337625324726105,0.5264845490455627,0.001413002610206604,0.009033203125,0.4551068842411041
148,303104,1885,0.5045404970645905,8.65,336,0.0012336280196905136,0.07356900721788406,0.6013174653053284,0.0018627746030688286,0.0052490234375,0.41491883993148804
149,305152,1885,0.4644809937477112,8.37,341,-0.012202790006995201,0.07241468876600266,0.5232873558998108,0.00389497191645205,0.009521484375,0.4091009497642517
150,307200,1886,0.5040793406963349,7.99,344,-0.0042769648134708405,0.07768368721008301,0.5188711881637573,0.0010934819001704454,0.00390625,0.4002488851547241
151,309248,1882,0.523647934794426,8.32,335,0.0009204745292663574,0.06964612752199173,0.5387914776802063,0.001352295745164156,0.0107421875,0.4034251272678375
152,311296,1878,0.45280000150203703,9.08,339,0.0038185762241482735,0.07279885560274124,0.5525267720222473,0.0052480013109743595,0.02490234375,0.4236452281475067
153,313344,1874,0.45446611523628233,7.94,348,0.0012180861085653305,0.06870308518409729,0.460432767868042,0.0021815509535372257,0.009521484375,0.44537022709846497
154,315392,1873,0.5926661133766175,8.18,350,-0.0057913134805858135,0.07483354210853577,0.6119281053543091,0.003870668588206172,0.0230712890625,0.40904203057289124
155,317440,1874,0.48413884222507475,7.99,342,-0.007001941092312336,0.0752037987112999,0.5599721670150757,0.003403094131499529,0.0045166015625,0.4059697985649109
156,319488,1875,0.4544512391090393,7.4,364,-0.004549907520413399,0.07458789646625519,0.418101042509079,0.001421497669070959,0.00390625,0.4331309497356415
157,321536,1876,0.4746148771047592,8.77,342,-0.0020272843539714813,0.07295295596122742,0.5523275136947632,0.002872791374102235,0.0233154296875,0.417737752199173
158,323584,1876,0.5430082660913468,8.44,326,-0.00034107640385627747,0.07113716006278992,0.589563250541687,0.0018699446227401495,0.0009765625,0.40695229172706604
159,325632,1876,0.4317586773633957,10.17,330,-0.00263149943202734,0.066858671605587,0.5455423593521118,0.002598721068352461,0.0128173828125,0.40630465745925903
160,327680,1877,0.5331272715330124,8.43,350,0.0011420752853155136,0.07492627203464508,0.5107576251029968,0.0010779453441500664,0.00634765625,0.4066484570503235
161,329728,1877,0.5428595048189163,8.21,359,0.003066910430788994,0.07406328618526459,0.40975233912467957,0.0015279874205589294,0.003173828125,0.4195152223110199
162,331776,1877,0.5045851242542266,7.15,359,-0.002727505750954151,0.07806798815727234,0.45629197359085083,0.0017595675308257341,0.0126953125,0.40901967883110046
163,333824,1876,0.47451074242591856,7.98,356,-0.002971963956952095,0.07656389474868774,0.5002776384353638,0.0010692989453673363,0.0029296875,0.41682249307632446
164,335872,1876,0.5732165300846099,8.02,366,0.002674506977200508,0.07661938667297363,0.4453839361667633,0.004278185311704874,0.0074462890625,0.4349305033683777
165,337920,1875,0.5532314050197601,8.34,346,0.0003059506416320801,0.07786630094051361,0.4499270021915436,0.0025951252318918705,0.01611328125,0.43201085925102234
166,339968,1876,0.41486776769161227,8.36,365,-0.00021689757704734802,0.07476357370615005,0.3844003677368164,0.00023439736105501652,0.0069580078125,0.43841540813446045
167,342016,1876,0.4355669438838959,7.07,353,-0.001030387356877327,0.07335767149925232,0.4637296497821808,0.0015769838355481625,0.0047607421875,0.39798104763031006
168,344064,1877,0.5125768601894378,8.4,360,-0.006131254136562347,0.07322391867637634,0.4745355546474457,0.0017740987241268158,0.0225830078125,0.3869197368621826
169,346112,1877,0.484168593287468,7.92,356,0.00031096115708351135,0.0742262750864029,0.4159657657146454,0.0027584792114794254,0.0333251953125,0.4105614423751831
170,348160,1878,0.5134099179506302,8.44,362,-0.005794199649244547,0.07447159290313721,0.3746790289878845,0.0014358325861394405,0.015625,0.412362277507782
171,350208,1878,0.4648231393098831,7.11,367,0.002936113625764847,0.07505735754966736,0.40963491797447205,0.00109582650475204,0.0098876953125,0.4122347831726074
172,352256,1877,0.5534991747140885,7.65,354,-0.0034342408180236816,0.07287086546421051,0.48304879665374756,0.0013781487941741943,0.00927734375,0.3944056034088135
173,354304,1874,0.4840793389081955,7.86,369,0.0031581278890371323,0.07993490993976593,0.417874813079834,0.0018845372833311558,0.0108642578125,0.39853018522262573
174,356352,1872,0.5535437989234925,7.75,379,-0.0077795665711164474,0.08080118894577026,0.43790555000305176,0.003632195759564638,0.0108642578125,0.36897537112236023
175,358400,1869,0.5240049594640732,7.55,360,-0.005270900204777718,0.07594902068376541,0.4907134473323822,0.001227633561939001,0.0,0.3593854308128357
176,360448,1865,0.5236925625801087,7.83,366,-0.0042060017585754395,0.07456350326538086,0.5161865949630737,0.0014044938143342733,0.00634765625,0.355396568775177
177,362496,1863,0.48419834733009337,8.34,357,-0.005559173412621021,0.07224313169717789,0.48918667435646057,0.001964101567864418,0.002685546875,0.3982795178890228
178,364544,1862,0.5042727279663086,7.93,350,-0.004903513938188553,0.0660538300871849,0.6736443042755127,0.003064523683860898,0.0166015625,0.35780948400497437
179,366592,1860,0.4344066107273102,8.96,336,-0.0028708651661872864,0.07019898295402527,0.5634990930557251,0.0027758856303989887,0.014404296875,0.38549894094467163
180,368640,1859,0.5334099167585373,8.01,353,-0.0006040185689926147,0.0769796371459961,0.49977248907089233,0.0014257272705435753,0.0009765625,0.3880985975265503
181,370688,1857,0.5537520641088486,8.61,356,-0.009922337718307972,0.07446490228176117,0.5034564733505249,0.00374445877969265,0.011474609375,0.3681057095527649
182,372736,1855,0.45439173400402066,7.95,363,-0.005007972940802574,0.07591161131858826,0.3963872790336609,0.0022827473003417253,0.0142822265625,0.3836522102355957
183,374784,1852,0.4944661146402359,8.0,359,-0.0016413256525993347,0.07809051871299744,0.39879289269447327,0.0011568719055503607,0.0010986328125,0.401311457157135
184,376832,1851,0.4949272722005844,7.34,366,-0.009522482752799988,0.07648321986198425,0.39668503403663635,0.0042632874101400375,0.0140380859375,0.4142201542854309
185,378880,1851,0.4258644640445709,7.14,379,-0.003030136227607727,0.079493448138237,0.31243327260017395,0.0014010833110660315,0.0093994140625,0.43895989656448364
186,380928,1851,0.4553884297609329,7.02,384,0.0011682398617267609,0.07973819971084595,0.3033636212348938,0.0004895078018307686,0.0015869140625,0.4486426115036011
187,382976,1851,0.4553586769104004,6.59,399,-0.0033759293146431446,0.0852140337228775,0.3028545677661896,0.00044496706686913967,0.0045166015625,0.44989633560180664
188,385024,1852,0.4645107460021973,7.78,384,0.002477206289768219,0.07837649434804916,0.2904541790485382,0.0011471626348793507,0.010009765625,0.465274453163147
189,387072,1852,0.45477851092815397,7.68,375,-0.0064786989241838455,0.07922805100679398,0.3367224931716919,0.002435010392218828,0.01123046875,0.4377555251121521
190,389120,1852,0.3956115686893463,7.62,365,-0.0018250606954097748,0.07712115347385406,0.38913998007774353,0.0008437372744083405,0.001708984375,0.413260281085968
191,391168,1852,0.5741388404369354,6.76,392,0.0038935448974370956,0.08087499439716339,0.34180912375450134,0.0012131710536777973,0.0111083984375,0.4143420159816742
192,393216,1852,0.5141090911626816,7.74,367,-0.0003683175891637802,0.0791395977139473,0.44214338064193726,0.0013621111866086721,0.0093994140625,0.3914565443992615
193,395264,1853,0.4646446281671524,7.54,367,0.001881157048046589,0.07938852906227112,0.3736514449119568,0.0010895091108977795,0.0042724609375,0.4130716323852539
194,397312,1855,0.5244512397050858,7.2,376,-0.004494970664381981,0.07948052883148193,0.4077111780643463,0.0014031326863914728,0.00927734375,0.4282080829143524
195,399360,1855,0.39519504010677337,7.48,366,0.0002746228128671646,0.07631605863571167,0.4078615605831146,0.0012610175181180239,0.00830078125,0.42256540060043335
196,401408,1855,0.46477851271629333,8.07,358,0.00046949461102485657,0.07357657700777054,0.41547927260398865,0.0007186527363955975,0.014892578125,0.4085808992385864
197,403456,1855,0.44403470993041994,7.88,376,-0.00026292167603969574,0.07862741500139236,0.4132097363471985,0.0010309482458978891,0.0159912109375,0.3953564465045929
198,405504,1854,0.49293388485908507,9.13,338,-0.004079919308423996,0.07155643403530121,0.4665541648864746,0.0009253134485334158,0.002685546875,0.360382080078125
199,407552,1854,0.4727256208658218,8.8,357,-0.006202902644872665,0.07209791243076324,0.5496987700462341,0.002857371000573039,0.010009765625,0.3295448124408722
200,409600,1852,0.5036628091335297,7.95,356,-0.013719132170081139,0.0759216696023941,0.5076298713684082,0.0025584979448467493,0.0162353515625,0.3272069990634918
201,411648,1853,0.5236776858568192,8.17,355,0.0035827774554491043,0.07125487923622131,0.4187071919441223,0.002229211153462529,0.0074462890625,0.35484617948532104
202,413696,1853,0.49361818134784696,8.44,369,0.0026977472007274628,0.07484850287437439,0.5091299414634705,0.0011447085998952389,0.0028076171875,0.3455294966697693
203,415744,1851,0.5631867760419845,7.98,353,0.0005047488957643509,0.07423003017902374,0.4888240396976471,0.0020271074026823044,0.0167236328125,0.3280169665813446
204,417792,1850,0.4549272733926773,7.57,369,-0.0028738700784742832,0.07692084461450577,0.5172297954559326,0.0010734146926552057,0.0120849609375,0.33395978808403015
205,419840,1843,0.4940198349952698,7.78,363,-0.0038012294098734856,0.07600083947181702,0.4990279972553253,0.0012095645070075989,0.0047607421875,0.3408831059932709
206,421888,1840,0.4938413232564926,8.52,352,-0.000522226095199585,0.07514795660972595,0.5395232439041138,0.0045566437765955925,0.014404296875,0.33599942922592163
207,423936,1837,0.5433057862520217,8.3,344,0.0026756636798381805,0.07167820632457733,0.5435022115707397,0.0035229213535785675,0.019287109375,0.3413963317871094
208,425984,1835,0.4547785121202469,8.18,360,0.0005462942644953728,0.0726100355386734,0.4731563329696655,0.0019435945432633162,0.0115966796875,0.36115503311157227
209,428032,1833,0.5539157021045685,7.49,365,0.0010720295831561089,0.07524465769529343,0.5062352418899536,0.0028040441684424877,0.0101318359375,0.3633767366409302
210,430080,1833,0.48452561974525454,7.66,354,-0.0007004383951425552,0.07346849143505096,0.6343581080436707,0.00123773911036551,0.017578125,0.35182300209999084
211,432128,1831,0.49340991616249086,9.39,327,-0.002081107348203659,0.06966764479875565,0.5750806331634521,0.0005973619408905506,0.00341796875,0.36683303117752075
212,434176,1828,0.5429041314125062,8.94,339,-0.0026643136516213417,0.06892731785774231,0.4982907474040985,0.0014853610191494226,0.013427734375,0.3672603368759155
213,436224,1825,0.5340793395042419,7.26,360,0.0031277062371373177,0.07559926807880402,0.5590752363204956,0.0018790115136653185,0.011474609375,0.3351758122444153
214,438272,1822,0.5236330598592758,7.84,357,-0.0009183157235383987,0.07349060475826263,0.5189366340637207,0.0018309899605810642,0.0130615234375,0.3388034403324127
215,440320,1818,0.45468925416469574,8.0,352,-0.00921668205410242,0.07748446613550186,0.5516542196273804,0.0018633855506777763,0.024658203125,0.3364526033401489
216,442368,1818,0.3859685951471329,7.7,357,0.0005599563010036945,0.07231063395738602,0.45457324385643005,0.0031366972252726555,0.01220703125,0.3390863537788391
217,444416,1816,0.5025322324037552,8.68,344,-0.004438726231455803,0.07397858798503876,0.554129958152771,0.0014703054912388325,0.0108642578125,0.3292597830295563
218,446464,1815,0.5138710743188858,7.68,357,-0.004902924410998821,0.07159576565027237,0.4901553988456726,0.0027486500330269337,0.0198974609375,0.3220463991165161
219,448512,1813,0.43523967146873477,7.8,373,-0.0007775919511914253,0.07503245770931244,0.48754483461380005,0.001483506290242076,0.0008544921875,0.3125333786010742
220,450560,1812,0.46461487412452696,7.61,379,-0.000799272209405899,0.07952511310577393,0.4061861038208008,0.0029252388048917055,0.027099609375,0.3312056064605713
221,452608,1810,0.4743024808168411,8.0,361,-0.005363618955016136,0.07425533980131149,0.4837048053741455,0.0037353779189288616,0.03271484375,0.32383885979652405
222,454656,1808,0.5041685950756073,7.45,363,0.00010798685252666473,0.07512830942869186,0.5190321803092957,0.0012312845792621374,0.0086669921875,0.31938061118125916
223,456704,1804,0.543439667224884,7.8,359,-0.0008878540247678757,0.07656233012676239,0.4348664879798889,0.0022895480506122112,0.0108642578125,0.33241337537765503
224,458752,1802,0.5136033076047898,8.01,351,-0.0011193137615919113,0.07521260529756546,0.46906033158302307,0.0009978455491364002,0.005126953125,0.3334137797355652
225,460800,1796,0.5150314062833786,7.03,377,-0.0105818472802639,0.08047673106193542,0.45487236976623535,0.0030146397184580564,0.0087890625,0.32977595925331116
226,462848,1789,0.44523967027664185,7.04,387,-0.006819590926170349,0.07637989521026611,0.4186153709888458,0.003024803940206766,0.014892578125,0.3581972122192383
227,464896,1786,0.42509090960025786,7.84,356,-0.0010279212146997452,0.07539504021406174,0.5078434944152832,0.0007490585558116436,0.0086669921875,0.3565155863761902
228,466944,1785,0.5126958674192429,8.87,358,-0.002324664033949375,0.07389847934246063,0.5043668150901794,0.0029875722248107195,0.0203857421875,0.3603494465351105
229,468992,1783,0.5040644639730454,8.02,346,0.000899825245141983,0.06950853765010834,0.5190702676773071,0.0020020795054733753,0.00341796875,0.3475531041622162
230,471040,1783,0.46544793486595154,6.99,364,-0.00023448839783668518,0.0782768577337265,0.4894942045211792,0.0010719308629631996,0.0128173828125,0.33728909492492676
231,473088,1784,0.42531405091285707,7.94,362,0.001419994980096817,0.07659915089607239,0.49235859513282776,0.001200575614348054,0.0047607421875,0.33865171670913696
232,475136,1784,0.503320659995079,8.31,355,-0.0005575381219387054,0.0740545466542244,0.4399143159389496,0.003448926378041506,0.0130615234375,0.3230403661727905
233,477184,1784,0.524198345541954,7.84,381,-0.004394267685711384,0.07791757583618164,0.469485878944397,0.0014650668017566204,0.009521484375,0.31927740573883057
234,479232,1783,0.4549421489238739,7.59,362,-0.0032126381993293762,0.077097587287426,0.5025318264961243,0.0026963187847286463,0.0074462890625,0.32073330879211426
235,481280,1783,0.5131123942136765,8.22,364,-0.0001894347369670868,0.07597185671329498,0.42491069436073303,0.00034304847940802574,0.0028076171875,0.32949066162109375
236,483328,1783,0.44494214713573454,7.68,366,-0.005477625876665115,0.07410497218370438,0.39156055450439453,0.0021729024592787027,0.0103759765625,0.3188357353210449
237,485376,1782,0.5033801633119583,7.9,376,-0.0021232618018984795,0.07494641840457916,0.459107369184494,0.0012147582601755857,0.003662109375,0.3169005513191223
238,487424,1782,0.5737223160266877,7.49,398,-0.007183592766523361,0.08559314906597137,0.40187492966651917,0.0018607170786708593,0.000244140625,0.3245258927345276
239,489472,1782,0.5243471050262452,7.05,374,-0.00777629017829895,0.08103417605161667,0.37945377826690674,0.002283358946442604,0.026123046875,0.3072947859764099
240,491520,1783,0.5442727279663085,6.87,391,-0.007958366535604,0.07967952638864517,0.359281450510025,0.0011161740403622389,0.00244140625,0.3277387022972107
241,493568,1782,0.5440049558877945,7.08,394,-0.0033812224864959717,0.08268727362155914,0.4269520938396454,0.003086481709033251,0.001708984375,0.32221925258636475
242,495616,1782,0.5047041338682174,7.51,382,-0.0009752232581377029,0.0803772583603859,0.3610677123069763,0.0007415288127958775,0.000732421875,0.33555418252944946
243,497664,1782,0.5141983479261398,7.22,385,-0.003981171175837517,0.0814264789223671,0.4263308048248291,0.0027465992607176304,0.0159912109375,0.30565208196640015
244,499712,1783,0.5042876023054123,7.79,382,-0.003268834203481674,0.08084873855113983,0.34728240966796875,0.002624041633680463,0.0081787109375,0.3247424364089966
245,501760,1784,0.4256859487295151,7.08,378,-0.0010287100449204445,0.07658684253692627,0.37250757217407227,0.0002564059104770422,0.0015869140625,0.33637624979019165
246,503808,1783,0.47528429806232453,7.48,393,-0.0019895657896995544,0.08164267241954803,0.3404906690120697,0.0015745521523058414,0.0098876953125,0.36929887533187866
247,505856,1783,0.3753140509128571,7.5,375,3.0063092708587646e-05,0.07935912907123566,0.40222659707069397,0.0009447117336094379,0.0013427734375,0.3533908426761627
248,507904,1784,0.44509090900421144,7.4,372,0.0032611247152090073,0.07940568029880524,0.43469327688217163,0.002446833997964859,0.0052490234375,0.3532494902610779
249,509952,1784,0.45503140389919283,7.14,371,-0.004370847716927528,0.07729677110910416,0.3565485179424286,0.0008388909045606852,0.0064697265625,0.3716602325439453
250,512000,1783,0.554748757481575,7.07,371,-0.003076372668147087,0.07561378180980682,0.450985848903656,0.0008169682696461678,0.00634765625,0.35214370489120483
251,514048,1783,0.45509090900421145,7.16,378,-0.00242064893245697,0.07666261494159698,0.44230496883392334,0.001819202909246087,0.00341796875,0.33526307344436646
252,516096,1784,0.5339752066135407,7.86,373,0.005209503695368767,0.0783301368355751,0.4392600953578949,0.0018617489840835333,0.0115966796875,0.32713454961776733
253,518144,1784,0.49462975084781646,7.19,385,-0.0027651358395814896,0.07790142297744751,0.4714045226573944,0.0017333596479147673,0.0152587890625,0.32964009046554565
254,520192,1784,0.4952842968702316,7.23,381,-0.006266515702009201,0.08022545278072357,0.45842063426971436,0.0010260648559778929,0.0010986328125,0.33108121156692505
255,522240,1784,0.524838016629219,6.94,378,-0.002891646698117256,0.08091020584106445,0.4802842438220978,0.000920020742341876,0.0009765625,0.34583622217178345
256,524288,1785,0.5247785091400147,7.08,372,-0.007911093533039093,0.07927978783845901,0.3848908543586731,0.0033167635556310415,0.012939453125,0.35903578996658325
257,526336,1785,0.5940644603967666,6.69,392,-0.007343968376517296,0.07893986999988556,0.38226157426834106,0.003022589720785618,0.0146484375,0.3667570948600769
258,528384,1785,0.5736181837320328,7.62,365,-0.0033135684207081795,0.0750206932425499,0.4010958969593048,0.003114070277661085,0.0220947265625,0.3581775724887848
259,530432,1786,0.5040049582719803,7.66,381,-0.0028956271708011627,0.07811997085809708,0.4501722455024719,0.001838069874793291,0.005615234375,0.3427913188934326
260,532480,1786,0.42561156809329986,7.25,388,-0.002834215760231018,0.07969194650650024,0.39348864555358887,0.0010328029748052359,0.0057373046875,0.35095104575157166
261,534528,1786,0.48477851271629335,7.66,380,0.0007951920852065086,0.08238917589187622,0.3955858647823334,0.002722514094784856,0.0029296875,0.3426341414451599
262,536576,1786,0.4944958680868149,7.61,378,0.00600508414208889,0.0770944282412529,0.36110109090805054,0.0034342550206929445,0.0096435546875,0.37472498416900635
263,538624,1785,0.49510578215122225,6.84,396,0.0020097102969884872,0.08137407898902893,0.3614066541194916,0.0006062709726393223,0.00634765625,0.386992871761322
264,540672,1785,0.5142281007766724,7.18,384,-0.0020827241241931915,0.08126962929964066,0.39201733469963074,0.0005548936314880848,0.009033203125,0.39401888847351074
265,542720,1785,0.5438859528303146,7.33,379,0.0034794509410858154,0.079843670129776,0.42412903904914856,0.0027520039584487677,0.00537109375,0.3870267868041992
266,544768,1786,0.5639454543590545,7.44,370,-0.006417473778128624,0.07667149603366852,0.36719760298728943,0.0030486851464957,0.01416015625,0.4065268635749817
267,546816,1785,0.5640049546957016,6.96,360,-0.00020230282098054886,0.07456508278846741,0.36901095509529114,0.0014210259541869164,0.0001220703125,0.4070011377334595
268,548864,1783,0.4550462818145752,7.48,389,-0.00019085407257080078,0.0824834331870079,0.3695415258407593,0.00024474714882671833,0.001708984375,0.40136268734931946
269,550912,1783,0.4252247929573059,7.36,381,-0.0014534611254930496,0.08142991364002228,0.3758300542831421,0.0024367989972233772,0.0035400390625,0.42725276947021484
270,552960,1783,0.5438561993837356,7.72,379,-0.004105277359485626,0.08073285967111588,0.36138713359832764,0.0009670082945376635,0.0001220703125,0.4185798168182373
271,555008,1783,0.5437669426202774,7.75,376,-0.006208042614161968,0.07725957036018372,0.3522118926048279,0.0007575936615467072,0.002685546875,0.4230431616306305
272,557056,1784,0.5341388440132141,7.42,393,-0.004002092871814966,0.07794954627752304,0.33773982524871826,0.0013119590003043413,0.0062255859375,0.4116007685661316
273,559104,1784,0.474674379825592,7.7,386,-0.001612076535820961,0.07887227833271027,0.33760425448417664,0.00039137830026447773,0.00439453125,0.41645440459251404
274,561152,1785,0.5233801662921905,7.53,380,-0.0006532054394483566,0.07698354125022888,0.3218173384666443,0.0027164474595338106,0.0191650390625,0.41886264085769653
275,563200,1783,0.4848380160331726,7.0,382,-0.0013963021337985992,0.07907728850841522,0.33175691962242126,0.0006082090549170971,0.0032958984375,0.4057011008262634
276,565248,1784,0.44512065887451174,7.12,395,-0.002368379384279251,0.08021499216556549,0.31701093912124634,0.0006187865510582924,0.000732421875,0.40366217494010925
277,567296,1784,0.46546280980110166,6.32,406,-0.0013374662958085537,0.08381380140781403,0.310976505279541,0.00012836232781410217,0.0,0.4050597846508026
278,569344,1784,0.5933355367183686,7.68,378,-0.0018529705703258514,0.07387002557516098,0.3116241991519928,0.0002069626934826374,0.0045166015625,0.4075934886932373
279,571392,1785,0.5141090887784958,7.32,386,0.002112183254212141,0.07903756946325302,0.27593839168548584,0.0009904729668051004,0.0009765625,0.4154137670993805
280,573440,1786,0.5136330550909043,7.69,379,0.0008304324001073837,0.07383131980895996,0.35209742188453674,0.0026728427037596703,0.006591796875,0.409079909324646
281,575488,1786,0.4849718987941742,7.17,383,-0.011273251846432686,0.0799560546875,0.3531341850757599,0.0026524763088673353,0.0244140625,0.39485692977905273
282,577536,1787,0.5345107406377793,7.15,402,-0.001770242117345333,0.08226723968982697,0.33727240562438965,0.00039840838871896267,0.001220703125,0.393256813287735
283,579584,1787,0.48479339003562927,6.61,402,-0.002939121797680855,0.0826086476445198,0.2914195954799652,0.0011259973980486393,0.000244140625,0.4169960021972656
284,581632,1787,0.44537355363368986,7.0,392,-0.0011056717485189438,0.08175422996282578,0.35170915722846985,0.0005252864211797714,0.0015869140625,0.4024141728878021
285,583680,1788,0.45528429925441743,6.66,398,-0.0023110629990696907,0.0815267264842987,0.2983892858028412,0.00045075034722685814,0.0025634765625,0.4261992871761322
286,585728,1788,0.4455966931581497,6.55,401,0.0010216478258371353,0.08048047870397568,0.3076024353504181,0.0002161865122616291,0.001708984375,0.4235924482345581
287,587776,1789,0.47516528725624085,7.31,385,-0.003682295326143503,0.07733460515737534,0.37731337547302246,0.0011521857231855392,0.0087890625,0.409692645072937
288,589824,1789,0.48443636536598206,7.25,376,-0.0013322439044713974,0.07542948424816132,0.38256749510765076,0.002363126492127776,0.00390625,0.39942342042922974
289,591872,1789,0.5143619853258133,7.34,385,-0.0008502081036567688,0.07947453111410141,0.35969337821006775,0.0008945662993937731,0.00341796875,0.4112432599067688
290,593920,1789,0.4944066113233566,7.55,372,-0.0018660128116607666,0.07791286706924438,0.3908352553844452,0.0006725452840328217,0.006591796875,0.3863794207572937
291,595968,1789,0.45516528844833376,7.13,374,-0.005955586209893227,0.07986963540315628,0.3582848012447357,0.001753936754539609,0.0028076171875,0.38502323627471924
292,598016,1790,0.47458512485027315,7.5,366,-0.0010427949018776417,0.07523427903652191,0.39563286304473877,0.0004135442432016134,0.005615234375,0.400373250246048
293,600064,1790,0.5244958674907685,7.22,378,8.931383490562439e-05,0.07662580162286758,0.4330929219722748,0.0013814708217978477,0.006591796875,0.42269110679626465
294,602112,1791,0.4652842980623245,7.76,369,-0.0030234307050704956,0.07256077975034714,0.41514524817466736,0.0013728456106036901,0.0115966796875,0.4170210659503937
295,604160,1791,0.5143471086025238,7.31,372,-0.0029163025319576263,0.07708627730607986,0.4223964810371399,0.0007089858409017324,0.0020751953125,0.40737825632095337
296,606208,1792,0.5637520664930343,7.53,376,-0.009798653423786163,0.07784038782119751,0.3967447876930237,0.0032028285786509514,0.0048828125,0.4290596544742584
297,608256,1792,0.563380166888237,7.44,373,-0.0012972690165042877,0.07441060245037079,0.38570263981819153,0.0007059585768729448,0.0028076171875,0.434341698884964
298,610304,1792,0.5734396690130233,7.57,372,0.0037938356399536133,0.07738887518644333,0.39972925186157227,0.0005014738999307156,0.0008544921875,0.43892258405685425
299,612352,1793,0.5245702481269836,7.28,363,-0.0032721441239118576,0.07138726860284805,0.41403865814208984,0.0014513926580548286,0.0028076171875,0.4534819424152374
300,614400,1793,0.6138561975955963,6.82,371,0.0044088661670684814,0.07696207612752914,0.383002370595932,0.004430636763572693,0.0078125,0.44784384965896606
301,616448,1794,0.5244512373208999,7.26,374,0.0023990292102098465,0.08011087775230408,0.38650810718536377,0.0023982722777873278,0.00732421875,0.4618685841560364
302,618496,1794,0.5633504116535186,7.87,372,-0.0024849376641213894,0.0714312493801117,0.3983662724494934,0.002644325839355588,0.0291748046875,0.45757174491882324
303,620544,1794,0.49467438042163847,7.14,380,-0.0026998892426490784,0.07563959807157516,0.4023481011390686,0.0002857998479157686,0.0008544921875,0.4645453691482544
304,622592,1792,0.5235140472650528,8.61,364,-0.0002906098961830139,0.07859233021736145,0.4451940953731537,0.0017178901471197605,0.004638671875,0.4568609595298767
305,624640,1791,0.4449421501159668,7.74,363,-8.916296064853668e-05,0.07351133227348328,0.47014743089675903,0.0011981597635895014,0.0059814453125,0.45897987484931946
306,626688,1791,0.5828446269035339,8.95,342,0.0030219797044992447,0.07376620173454285,0.5426582098007202,0.0012498903088271618,0.0078125,0.44258880615234375
307,628736,1791,0.45418347120285035,8.55,351,-0.0005201958119869232,0.07538537681102753,0.4865429401397705,0.0011693849228322506,0.006591796875,0.4258955419063568
308,630784,1792,0.4351355373859406,8.34,376,-0.005942214280366898,0.08101864159107208,0.4964539706707001,0.0019307390321046114,0.0045166015625,0.4206411838531494
309,632832,1792,0.38473388433456424,7.89,369,0.0006301905959844589,0.07743900269269943,0.5037793517112732,0.0008549613412469625,0.0101318359375,0.41357165575027466
310,634880,1792,0.5333801656961441,8.22,370,-0.009447536431252956,0.0752813071012497,0.4689865708351135,0.005086812190711498,0.0234375,0.4074931740760803
311,636928,1792,0.48448099076747897,7.48,379,0.0016636811196804047,0.0773138627409935,0.519212007522583,0.0012850414495915174,0.0130615234375,0.39844074845314026
312,638976,1792,0.43529917240142824,7.74,366,-0.00617310032248497,0.08089376240968704,0.5225563049316406,0.002504542702808976,0.015869140625,0.38962575793266296
313,641024,1793,0.5134545457363129,8.43,358,-0.005572803318500519,0.07018863409757614,0.5324233770370483,0.0012813375797122717,0.0081787109375,0.3876150846481323
314,643072,1793,0.44363305866718294,8.27,354,-0.003559428732842207,0.07260559499263763,0.4784238338470459,0.0015579662285745144,0.0029296875,0.4238061308860779
315,645120,1794,0.5243917351961136,7.13,382,-0.0001281891018152237,0.080803282558918,0.48750966787338257,0.0007798175793141127,0.0023193359375,0.4285372793674469
316,647168,1794,0.5438561981916428,7.29,372,-0.0004906347021460533,0.07912008464336395,0.47127842903137207,0.0014506957959383726,0.0013427734375,0.4273886978626251
317,649216,1795,0.5930231410264969,7.11,363,-0.0028590336441993713,0.07626459747552872,0.47590893507003784,0.0010945643298327923,0.0074462890625,0.42808398604393005
318,651264,1795,0.5341239660978317,7.5,366,0.00023596733808517456,0.07671750336885452,0.5034738779067993,0.001615762710571289,0.006103515625,0.4235718548297882
319,653312,1795,0.3949421513080597,7.28,364,-0.006817977875471115,0.0774925947189331,0.49963265657424927,0.0014156682882457972,0.001708984375,0.4465325176715851
320,655360,1795,0.38528429746627807,7.67,370,-0.00242418609559536,0.07545992732048035,0.5288665890693665,0.004905627574771643,0.0152587890625,0.44043710827827454
321,657408,1795,0.4943619841337204,8.49,339,-0.004936086013913155,0.06923912465572357,0.5894248485565186,0.00360185862518847,0.0145263671875,0.41757720708847046
322,659456,1796,0.5133950394392014,8.7,330,-0.009000452235341072,0.07242001593112946,0.5443589687347412,0.00423178356140852,0.0208740234375,0.41503429412841797
323,661504,1795,0.46397520482540133,8.8,348,-0.0020227842032909393,0.07439452409744263,0.5546537637710571,0.003875239286571741,0.02001953125,0.4279232621192932
324,663552,1795,0.44485289335250855,7.42,348,-2.8313137590885162e-05,0.07201094925403595,0.5950628519058228,0.0011404638644307852,0.006103515625,0.41999346017837524
325,665600,1795,0.41562644481658934,8.22,350,-0.009093504399061203,0.07650763541460037,0.6366881132125854,0.004333384335041046,0.0093994140625,0.39742809534072876
326,667648,1796,0.43461487591266634,8.06,354,-0.007294010370969772,0.0755181759595871,0.5998970866203308,0.00266714533790946,0.0106201171875,0.4173981547355652
327,669696,1796,0.5139454579353333,8.13,348,-0.004107579588890076,0.07471908628940582,0.5268042087554932,0.0017869160510599613,0.005859375,0.4229857325553894
328,671744,1797,0.4250016516447067,7.78,368,-0.006492461543530226,0.07741665840148926,0.524605393409729,0.002153926994651556,0.00341796875,0.4126688241958618
329,673792,1797,0.4444363635778427,8.02,352,-0.0048447176814079285,0.07378058135509491,0.5474764108657837,0.0009196286555379629,0.0029296875,0.4418473243713379
330,675840,1797,0.44455537021160124,7.89,366,-0.00109194777905941,0.07790273427963257,0.5270311236381531,0.00252501736395061,0.004150390625,0.4480370879173279
331,677888,1797,0.5534247928857803,7.92,361,-0.00559714250266552,0.07290925830602646,0.5589759349822998,0.0015191822312772274,0.0159912109375,0.4471724033355713
332,679936,1797,0.5336925607919693,7.68,360,-0.005183194763958454,0.07977259904146194,0.5488901138305664,0.0030617734882980585,0.016357421875,0.4307270646095276
333,681984,1797,0.5043768602609634,7.24,370,0.0024463944137096405,0.07560764253139496,0.598496675491333,0.003535690251737833,0.0157470703125,0.4459080100059509
334,684032,1797,0.5633801645040513,7.74,360,-0.001978450920432806,0.07407927513122559,0.6379314064979553,0.003939459100365639,0.006591796875,0.4447958469390869
335,686080,1797,0.444808264374733,8.55,336,0.002064913511276245,0.07416358590126038,0.7073356509208679,0.005436690989881754,0.031005859375,0.4302455186843872
336,688128,1796,0.4842132234573364,8.0,375,-0.0025182273238897324,0.07879015803337097,0.6324947476387024,0.0018406095914542675,0.0001220703125,0.4428347051143646
337,690176,1796,0.5424132239818573,8.33,339,-0.0010293060913681984,0.07358962297439575,0.6498928666114807,0.0017785863019526005,0.0018310546875,0.4506905674934387
338,692224,1795,0.5336181837320327,8.06,363,-0.00018619000911712646,0.08254323899745941,0.576246440410614,0.0028313929215073586,0.009765625,0.4472677409648895
339,694272,1795,0.5421305775642395,8.53,356,-0.00064120814204216,0.07336891442537308,0.6123324036598206,0.003074244363233447,0.024169921875,0.44641533493995667
340,696320,1795,0.4347785133123398,8.43,347,-0.010016970336437225,0.07527738809585571,0.6324137449264526,0.0029952856712043285,0.022216796875,0.414104163646698
341,698368,1796,0.5039603292942048,8.79,344,-0.007106124889105558,0.07386389374732971,0.652847170829773,0.00232990481890738,0.0084228515625,0.40382373332977295
342,700416,1796,0.5224876046180725,8.67,353,-6.679445505142212e-05,0.0753290131688118,0.592703640460968,0.0019773461390286684,0.003173828125,0.40415143966674805
343,702464,1796,0.42409421503543854,8.17,361,-0.006156054325401783,0.07579417526721954,0.5620337724685669,0.002118430333212018,0.0054931640625,0.4059348702430725
344,704512,1796,0.5241834717988968,7.66,357,0.004438797011971474,0.07246354967355728,0.5478123426437378,0.001700541004538536,0.0137939453125,0.39282339811325073
345,706560,1797,0.5143619835376739,7.76,357,-0.007298333570361137,0.07368755340576172,0.6077999472618103,0.0018315829802304506,0.0040283203125,0.36026883125305176
346,708608,1797,0.4252991735935211,7.56,374,-0.0033346451818943024,0.07791201770305634,0.5569840669631958,0.0002709273248910904,0.0009765625,0.3783314824104309
347,710656,1798,0.544079338312149,7.15,369,-0.0016760565340518951,0.07884832471609116,0.6062942147254944,0.0008031334728002548,0.0,0.38535648584365845
348,712704,1799,0.4438710743188858,8.68,352,-0.002297269180417061,0.0745200663805008,0.6125637888908386,0.003831455484032631,0.0103759765625,0.38539543747901917
349,714752,1800,0.5334991753101349,8.11,355,0.001711258664727211,0.07532297074794769,0.6472339630126953,0.0018517693970352411,0.00830078125,0.3791438937187195
350,716800,1800,0.5332165294885636,8.52,350,-0.0014331843703985214,0.0764293521642685,0.6761006712913513,0.0014326442033052444,0.001708984375,0.38099172711372375
351,718848,1801,0.4939305782318115,8.04,359,0.0010135332122445107,0.0764475166797638,0.6752845644950867,0.0015545529313385487,0.0047607421875,0.3932484984397888
352,720896,1801,0.5225173574686051,9.01,327,-0.0056900158524513245,0.07120334357023239,0.7870190143585205,0.002224748022854328,0.0050048828125,0.39247995615005493
353,722944,1802,0.503662810921669,8.89,337,-0.007202306762337685,0.0726742073893547,0.7347631454467773,0.0030823322013020515,0.0169677734375,0.4003981649875641
354,724992,1802,0.4648231410980225,8.33,347,-0.003200273960828781,0.06424376368522644,0.7246586680412292,0.0015270013827830553,0.0001220703125,0.39513352513313293
355,727040,1803,0.5231570243835449,8.12,339,0.000524536706507206,0.07492128014564514,0.7391034364700317,0.0023380559869110584,0.003173828125,0.3835125267505646
356,729088,1803,0.41451074182987213,8.68,345,-0.003767826594412327,0.07121188938617706,0.7432923913002014,0.001093597849830985,0.0006103515625,0.3987507224082947
357,731136,1803,0.5036033070087433,8.47,335,-0.002119144657626748,0.07307325303554535,0.6471227407455444,0.004290425218641758,0.0177001953125,0.39301687479019165
358,733184,1803,0.5141537189483643,8.32,348,-0.0011382061056792736,0.07224605977535248,0.6343645453453064,0.002636560006067157,0.0032958984375,0.37092486023902893
359,735232,1802,0.5139752072095871,7.67,360,-0.004390465095639229,0.07626040279865265,0.6172868013381958,0.001273964298889041,0.0020751953125,0.3974412977695465
360,737280,1803,0.5133950418233871,8.23,353,-0.005164177156984806,0.07816740870475769,0.6169628500938416,0.0013784863986074924,0.0015869140625,0.39756500720977783
361,739328,1803,0.5732165306806565,7.38,365,-0.0029165437445044518,0.07718877494335175,0.5959643125534058,0.0021193467546254396,0.0084228515625,0.4114847779273987
362,741376,1804,0.5138859510421753,7.7,365,-0.0013458020985126495,0.07805607467889786,0.6149957776069641,0.0012978536542505026,0.00048828125,0.4206560552120209
363,743424,1804,0.42520991623401644,8.38,356,-0.002320212312042713,0.07604439556598663,0.5955384969711304,0.002170373685657978,0.00927734375,0.4082986116409302
364,745472,1805,0.43491239547729493,7.92,362,-0.0038312082178890705,0.07418275624513626,0.5537604093551636,0.0009732483886182308,0.0120849609375,0.40269696712493896
365,747520,1805,0.5338710755109787,7.63,361,-0.0017572026699781418,0.07351242005825043,0.6046403050422668,0.0013479974586516619,0.001220703125,0.39562273025512695
366,749568,1805,0.3857752066850662,7.34,366,-0.0028174445033073425,0.075137197971344,0.558417797088623,0.0024929335340857506,0.01806640625,0.3975161612033844
367,751616,1806,0.5136330580711365,7.92,352,-0.00029478780925273895,0.07539795339107513,0.5892857313156128,0.0009044678881764412,0.0,0.40350502729415894
368,753664,1806,0.5244066107273102,7.61,356,-0.002548398682847619,0.07793688774108887,0.6156975030899048,0.0011133095249533653,0.001953125,0.40194833278656006
369,755712,1806,0.5126958668231965,8.44,356,-2.682674676179886e-05,0.07552533596754074,0.6384929418563843,0.002336690900847316,0.0115966796875,0.39158809185028076
370,757760,1807,0.5136181789636612,7.93,363,-0.0027723126113414764,0.07146602869033813,0.6454700827598572,0.0007731919176876545,0.0010986328125,0.39080315828323364
371,759808,1807,0.4945256185531616,7.68,362,0.0003314763307571411,0.07702304422855377,0.6011671423912048,0.0019152872264385223,0.01123046875,0.38101521134376526
372,761856,1807,0.4743917346000671,7.49,353,-0.0036754105240106583,0.07448846846818924,0.5712317228317261,0.0027344217523932457,0.00537109375,0.3885348439216614
373,763904,1807,0.5831719022989273,7.56,364,0.0028236769139766693,0.07432566583156586,0.6128786206245422,0.0015898789279162884,0.0079345703125,0.37907734513282776
374,765952,1808,0.47399008214473726,7.85,348,-0.0028721075505018234,0.07293251156806946,0.6360222697257996,0.001431791577488184,0.005126953125,0.3760453462600708
375,768000,1808,0.48358842968940735,8.83,334,-0.00303860567510128,0.06853330880403519,0.6607118844985962,0.0016393389087170362,0.0009765625,0.3867281377315521
376,770048,1808,0.5431718999147415,8.3,347,-0.002856777049601078,0.073849156498909,0.6103919744491577,0.0010917496401816607,0.0009765625,0.40013331174850464
377,772096,1808,0.48471900761127473,7.89,351,-0.0033184122294187546,0.07220644503831863,0.6430262923240662,0.0015283499378710985,0.0103759765625,0.4111739993095398
378,774144,1808,0.4640049612522125,9.06,337,0.001449882984161377,0.0684940293431282,0.6458646059036255,0.0008850605227053165,0.001953125,0.41805094480514526
379,776192,1809,0.5527851247787475,8.79,345,-0.006024994887411594,0.07362724840641022,0.6522084474563599,0.001112404279410839,0.00830078125,0.4155151844024658
380,778240,1809,0.5031123965978622,8.4,345,-0.004135696217417717,0.07513166218996048,0.6657876968383789,0.000796943437308073,0.00634765625,0.39446258544921875
381,780288,1810,0.5134991747140885,8.13,356,0.005675176158547401,0.07374032586812973,0.6640424728393555,0.002715442329645157,0.0189208984375,0.3750724792480469
382,782336,1810,0.5231719011068344,8.14,348,-0.002243461087346077,0.07814618200063705,0.6759092211723328,0.001543157733976841,0.0048828125,0.3896030783653259
383,784384,1810,0.5236033052206039,8.03,352,0.0013115648180246353,0.07555274665355682,0.7208449840545654,0.0022802655585110188,0.016845703125,0.3779992163181305
384,786432,1810,0.5037371915578842,8.21,342,-0.0011666547507047653,0.07323284447193146,0.7392773032188416,0.0012193466536700726,0.0137939453125,0.3744404911994934
385,788480,1810,0.4438859510421753,8.73,332,-0.0024158800952136517,0.06865496933460236,0.7593130469322205,0.0029196608811616898,0.019287109375,0.36240172386169434
386,790528,1810,0.43412396669387815,8.88,336,-0.00022139586508274078,0.07305866479873657,0.7831548452377319,0.0009439981076866388,0.0015869140625,0.373660147190094
387,792576,1810,0.4535289251804352,8.79,338,0.003310822881758213,0.07252576947212219,0.8608816862106323,0.0021300087682902813,0.0013427734375,0.3838834762573242
388,794624,1810,0.4626809936761856,10.19,305,-0.005409650504589081,0.06707002967596054,0.8369266390800476,0.00218583713285625,0.0140380859375,0.38309964537620544
389,796672,1810,0.5414165323972702,9.83,313,-0.0027254661545157433,0.06742201000452042,0.8523576259613037,0.002168162725865841,0.00927734375,0.3925553560256958
390,798720,1810,0.552085952758789,8.99,318,-0.0019763410091400146,0.06589117646217346,0.8282520771026611,0.0011170615907758474,0.0062255859375,0.39473703503608704
391,800768,1810,0.4737669426202774,8.81,326,-0.0021382831037044525,0.07201863825321198,0.7827609777450562,0.0024994895793497562,0.0040283203125,0.4062579870223999
392,802816,1811,0.5427256220579147,8.56,334,-0.003447622060775757,0.07303392887115479,0.8255087733268738,0.002781105227768421,0.0145263671875,0.4059426784515381
393,804864,1811,0.5030826425552368,9.73,307,0.0024398155510425568,0.06462034583091736,0.9017999172210693,0.005242715124040842,0.0169677734375,0.40082108974456787
394,806912,1811,0.5509851235151291,11.27,292,-0.002086672931909561,0.06191163882613182,0.8987073302268982,0.0022419020533561707,0.012939453125,0.3850575387477875
395,808960,1812,0.49342479288578034,9.42,316,-0.0016153445467352867,0.06990033388137817,0.8540581464767456,0.0014583675656467676,0.0045166015625,0.38492000102996826
396,811008,1812,0.5032760322093963,9.02,311,0.0016629011370241642,0.06726068258285522,0.8678967952728271,0.001010984880849719,0.0184326171875,0.36303389072418213
397,813056,1813,0.4832314068078995,9.96,312,-0.005748637020587921,0.06764689087867737,0.9172393679618835,0.003148915246129036,0.0184326171875,0.33850789070129395
398,815104,1813,0.4826809912919998,8.94,322,-0.007574819028377533,0.06727218627929688,0.9399060010910034,0.004962164908647537,0.022705078125,0.3520987629890442
399,817152,1814,0.431788432598114,11.18,288,-0.0011917450465261936,0.06141018122434616,0.9884783625602722,0.00412325281649828,0.0303955078125,0.35254335403442383
400,819200,1814,0.5117586773633956,10.41,291,0.0029587517492473125,0.06537481397390366,0.9495880007743835,0.0021810829639434814,0.01171875,0.36622804403305054
401,821248,1815,0.4421603298187256,11.71,291,0.00366215780377388,0.0644093006849289,0.8991506099700928,0.0028732784558087587,0.00146484375,0.36765891313552856
402,823296,1815,0.522309091091156,9.62,300,-0.0005845166742801666,0.06692514568567276,0.8896382451057434,0.00275249220430851,0.00439453125,0.3869229555130005
403,825344,1816,0.561773555278778,9.73,310,0.0005635670386254787,0.0643552765250206,0.8597503304481506,0.0022876556031405926,0.010498046875,0.3937297463417053
404,827392,1816,0.40471900880336764,10.02,293,0.0036664847284555435,0.05749300494790077,0.8284052610397339,0.004874877631664276,0.013671875,0.3866809904575348
405,829440,1816,0.41448099076747896,9.48,312,-0.003635149449110031,0.06573657691478729,0.803617000579834,0.002280330751091242,0.0108642578125,0.3822883069515228
406,831488,1816,0.5417289245128631,10.2,314,-0.005575629882514477,0.0675370991230011,0.8233542442321777,0.001968114636838436,0.0113525390625,0.3689013719558716
407,833536,1816,0.5424876058101654,9.53,326,-0.007681198418140411,0.0680331364274025,0.7863385677337646,0.00118988286703825,0.018310546875,0.3760959804058075
408,835584,1817,0.5227553725242615,9.14,316,-0.0015041772276163101,0.06616716086864471,0.7801445126533508,0.002738166367635131,0.0106201171875,0.38470861315727234
409,837632,1817,0.5329190081357956,9.0,330,-0.004195434041321278,0.07140444219112396,0.7827693223953247,0.0019194623455405235,0.0072021484375,0.39047569036483765
410,839680,1817,0.522919008731842,9.19,329,-0.0011615641415119171,0.07336531579494476,0.7550731897354126,0.0017697960138320923,0.00439453125,0.41335606575012207
411,841728,1817,0.4240495866537094,8.9,330,-0.000654369592666626,0.06976327300071716,0.8045271635055542,0.0021809630561619997,0.0137939453125,0.41720902919769287
412,843776,1817,0.5330082654953003,9.07,336,0.006399223580956459,0.07222694158554077,0.7785821557044983,0.0017825167160481215,0.0020751953125,0.43221282958984375
413,845824,1817,0.5325917375087738,8.73,325,-0.0013266261667013168,0.07132598757743835,0.8257187008857727,0.001439202344045043,0.009521484375,0.4284193217754364
414,847872,1816,0.5026809930801391,9.74,313,-0.002119629643857479,0.0688873678445816,0.8305946588516235,0.0005864955019205809,0.0006103515625,0.43830782175064087
415,849920,1815,0.4432314050197601,10.17,313,-0.004815113730728626,0.06739026308059692,0.8350520133972168,0.002878292230889201,0.0201416015625,0.4196746051311493
416,851968,1816,0.572829750776291,8.94,319,-0.00431417440995574,0.06593827903270721,0.7890343070030212,0.0018674044404178858,0.0042724609375,0.43169105052948
417,854016,1816,0.42360330402851104,9.3,322,-0.005234825424849987,0.0652913898229599,0.8106870055198669,0.0010099164210259914,0.001708984375,0.4516180157661438
418,856064,1816,0.5219520664215088,9.92,311,-0.008128151297569275,0.06697113066911697,0.783112645149231,0.004827544558793306,0.0177001953125,0.4576786458492279
419,858112,1816,0.4535884296894073,9.72,313,-0.0016796109266579151,0.06980836391448975,0.7657379508018494,0.0005430735182017088,0.0001220703125,0.45558488368988037
420,860160,1817,0.44431735575199127,8.44,339,0.004992427304387093,0.07443384826183319,0.6920240521430969,0.0053238701075315475,0.02001953125,0.4448457956314087
421,862208,1817,0.5034247958660125,8.56,332,-0.005467982962727547,0.07032424211502075,0.7671156525611877,0.003604662138968706,0.0194091796875,0.4360584318637848
422,864256,1817,0.5527851241827011,8.55,335,-0.00400919746607542,0.07193310558795929,0.8142753839492798,0.005082245450466871,0.0108642578125,0.4328637421131134
423,866304,1817,0.46379669368267057,9.21,322,-0.006640576757490635,0.0707891657948494,0.8455933332443237,0.002923300489783287,0.0050048828125,0.4356389045715332
424,868352,1817,0.5114016526937485,10.69,299,-0.007250428199768066,0.06721965223550797,0.8279449343681335,0.002862711902707815,0.004150390625,0.4288521409034729
425,870400,1818,0.5123834699392319,9.81,311,-0.0027036629617214203,0.06489448249340057,0.8135733604431152,0.0008164385799318552,0.000732421875,0.44075310230255127
426,872448,1818,0.48131240010261533,11.04,298,-0.013051532208919525,0.06439459323883057,0.8630827069282532,0.0037739230319857597,0.0367431640625,0.43829596042633057
427,874496,1817,0.5321008265018463,9.84,314,-0.004155800212174654,0.07129847258329391,0.882481575012207,0.0018982801120728254,0.0093994140625,0.44368913769721985
428,876544,1817,0.3349421501159668,10.2,294,-0.014996957033872604,0.06278462707996368,0.9490271210670471,0.006071766838431358,0.006103515625,0.4461282193660736
429,878592,1817,0.5315057849884033,10.41,287,-0.0008635735139250755,0.061106570065021515,0.9356968998908997,0.0016186535358428955,0.0003662109375,0.45784857869148254
430,880640,1817,0.46146115601062776,11.7,277,-0.003061823546886444,0.058236509561538696,0.9573357105255127,0.0012545825447887182,0.006591796875,0.45595988631248474
431,882688,1817,0.5296611571311951,11.77,277,0.007739579305052757,0.05906088650226593,0.9025611877441406,0.0046226768754422665,0.012939453125,0.46271589398384094
432,884736,1817,0.5315652918815613,10.27,310,0.003145996481180191,0.0687936395406723,0.855067253112793,0.003902396187186241,0.0064697265625,0.4433988332748413
433,886784,1817,0.5510148763656616,10.03,292,-0.0028778286650776863,0.06321294605731964,0.927453875541687,0.005148502066731453,0.0108642578125,0.45462170243263245
434,888832,1817,0.5315504133701324,11.08,291,0.004408681765198708,0.060776643455028534,0.930209755897522,0.003097392152994871,0.0103759765625,0.4575546085834503
435,890880,1817,0.5219223135709763,9.74,301,-0.001813320443034172,0.06372074782848358,0.9256006479263306,0.0019015492871403694,0.02099609375,0.44841867685317993
436,892928,1818,0.522100824713707,10.74,292,-0.0013812147080898285,0.06387950479984283,0.916225790977478,0.004831019788980484,0.0042724609375,0.43639057874679565
437,894976,1817,0.4925768607854843,10.13,301,-0.0017209239304065704,0.0658532902598381,0.8871464133262634,0.006168789230287075,0.051513671875,0.4411109983921051
438,897024,1817,0.512011570930481,10.01,303,-0.00351642444729805,0.06889256089925766,0.8702598810195923,0.000997538911178708,0.0018310546875,0.42781028151512146
439,899072,1817,0.4829041337966919,10.13,305,-0.005071916151791811,0.06711960583925247,0.8363760709762573,0.0035575255751609802,0.0048828125,0.425863116979599
440,901120,1816,0.5616247940063477,9.63,318,-0.004803791642189026,0.07359050959348679,0.862811803817749,0.001918300287798047,0.0125732421875,0.4283013641834259
441,903168,1814,0.4433950412273407,9.29,325,0.0015659928321838379,0.06757035851478577,0.8668079972267151,0.0014020702801644802,0.0045166015625,0.4237913489341736
442,905216,1814,0.482889256477356,9.35,321,-0.002728317864239216,0.07129968702793121,0.8953030705451965,0.0009458411950618029,0.0001220703125,0.42449671030044556
443,907264,1814,0.44361818313598633,9.06,311,-0.005811313167214394,0.06798720359802246,0.9281599521636963,0.003219492034986615,0.00146484375,0.436618834733963
444,909312,1814,0.47207107543945315,10.72,301,-0.004887117072939873,0.06418229639530182,0.9015167951583862,0.000930555397644639,0.001708984375,0.44406187534332275
445,911360,1814,0.5222942161560059,10.15,293,0.0023076292127370834,0.06136496737599373,0.9196154475212097,0.003191550262272358,0.00146484375,0.4471943974494934
446,913408,1814,0.5512380182743073,10.61,296,-0.0068048033863306046,0.06723803281784058,0.8659437894821167,0.005846857093274593,0.008544921875,0.4459286332130432
447,915456,1815,0.5231718999147416,9.35,305,-0.0005224943161010742,0.06691261380910873,0.8288912773132324,0.003036333015188575,0.0015869140625,0.4578724205493927
448,917504,1815,0.4338115692138672,9.58,326,-0.0090140700340271,0.0730738416314125,0.7491503953933716,0.004662805702537298,0.0145263671875,0.4435986280441284
449,919552,1816,0.5321900814771652,9.29,324,-0.0011320216581225395,0.07393968850374222,0.7516440749168396,0.001257395138964057,0.002685546875,0.43679291009902954
450,921600,1817,0.4635884314775467,9.22,319,-0.008325930684804916,0.0724516361951828,0.7322439551353455,0.0024333707988262177,0.00244140625,0.43988287448883057
451,923648,1817,0.49407933831214906,8.09,342,-0.0011610724031925201,0.07762962579727173,0.714440643787384,0.0017642485909163952,0.005615234375,0.4360238015651703
452,925696,1817,0.4633950412273407,8.37,335,0.0013880380429327488,0.0735776275396347,0.766345202922821,0.0011297562159597874,0.0003662109375,0.451535701751709
453,927744,1817,0.44462975323200227,8.39,341,0.0003062216565012932,0.07454884052276611,0.7988020777702332,0.0007690046913921833,0.0,0.4539564251899719
454,929792,1818,0.4832462817430496,9.52,325,-0.002339889295399189,0.07383987307548523,0.7684153914451599,0.0011172443628311157,0.0,0.43906742334365845
455,931840,1818,0.4341834729909897,8.89,324,-0.00203509908169508,0.07053400576114655,0.6943269968032837,0.004553182516247034,0.0098876953125,0.44068628549575806
456,933888,1818,0.4840198343992233,8.18,354,-8.516013622283936e-05,0.07447082549333572,0.7328149676322937,0.0015555878635495901,0.0064697265625,0.44338396191596985
457,935936,1818,0.4445404976606369,7.99,350,-0.007857213728129864,0.07431621849536896,0.7794442176818848,0.001315990462899208,0.00146484375,0.44983386993408203
458,937984,1818,0.5432016533613205,8.59,340,0.0006851460784673691,0.07629860937595367,0.760884165763855,0.0007463968358933926,0.0,0.4455408453941345
459,940032,1818,0.6021157026290893,8.57,337,0.0002751946449279785,0.07319266349077225,0.6935979127883911,0.004393104463815689,0.0111083984375,0.4380928874015808
460,942080,1818,0.47384132266044615,8.48,342,-0.002737244591116905,0.07423199713230133,0.6764112710952759,0.0009906068444252014,0.0,0.4456539750099182
461,944128,1818,0.5334842973947524,8.49,340,-0.002589002251625061,0.07692921161651611,0.6626251935958862,0.0006334229838103056,0.0,0.43807268142700195
462,946176,1818,0.4842578536272049,7.87,362,0.0036413129419088364,0.07713153958320618,0.6916389465332031,0.0008677700534462929,0.0010986328125,0.44184553623199463
463,948224,1818,0.4936330598592758,8.05,353,-0.00457271933555603,0.0762011706829071,0.7108958959579468,0.0008889010641723871,0.0015869140625,0.4402514696121216
464,950272,1818,0.3654033064842224,8.31,344,-0.004056086763739586,0.07306037843227386,0.770769476890564,0.002492009662091732,0.0087890625,0.44911038875579834
465,952320,1818,0.532249590754509,9.25,328,-0.0017251558601856232,0.0695248395204544,0.7466310262680054,0.000468037324026227,0.0,0.4628537893295288
466,954368,1818,0.483335537314415,8.53,342,-0.0021641328930854797,0.07457676529884338,0.7370290160179138,0.00029231561347842216,0.0,0.48026415705680847
467,956416,1817,0.5919669431447983,9.16,330,-0.00475805439054966,0.06836830824613571,0.6899666786193848,0.0026368526741862297,0.0020751953125,0.4789160490036011
468,958464,1817,0.45437685906887054,8.64,345,-0.003718715626746416,0.07275371253490448,0.6458933353424072,0.0008449910674244165,0.00048828125,0.4683273732662201
469,960512,1817,0.4257157015800476,7.55,363,-0.0015208050608634949,0.07576934248209,0.6541582345962524,0.0005793836899101734,0.0003662109375,0.46034252643585205
470,962560,1817,0.46477851331233977,7.91,361,-0.002857822924852371,0.07695235311985016,0.6539217829704285,0.0009415368549525738,0.0013427734375,0.4581940770149231
471,964608,1817,0.3858644610643387,7.79,357,-0.00048805586993694305,0.07906077057123184,0.6570327877998352,0.0003227407578378916,0.0001220703125,0.4629322290420532
472,966656,1817,0.47385619759559633,8.5,348,0.003146849572658539,0.07397390902042389,0.67046058177948,0.0007003480568528175,0.00048828125,0.4847632646560669
473,968704,1817,0.4348826450109482,7.83,352,-0.0010656043887138367,0.07766059786081314,0.6368945837020874,0.0003801321145147085,0.0,0.47829627990722656
474,970752,1816,0.5337818187475204,7.79,359,-0.0029882648959755898,0.07612228393554688,0.6216998100280762,0.0010936572216451168,0.0,0.46719640493392944
475,972800,1816,0.3946595060825348,8.54,351,0.0032564662396907806,0.07614869624376297,0.607611894607544,0.0007675469387322664,0.0,0.46442174911499023
476,974848,1817,0.4641537195444107,8.19,351,-0.0017225113697350025,0.07575058192014694,0.6276929378509521,0.0013772780075669289,0.004150390625,0.4597378969192505
477,976896,1817,0.4942429757118225,7.67,361,-0.001601383090019226,0.07875437289476395,0.6478347182273865,0.0011783081572502851,0.0157470703125,0.4764174520969391
478,978944,1817,0.46415371835231783,7.97,354,-0.0015021488070487976,0.07684411108493805,0.6402135491371155,0.0011447989381849766,0.0,0.47143328189849854
479,980992,1817,0.4251652908325195,7.64,353,0.0028005042113363743,0.07947207987308502,0.6925839185714722,0.0013163296971470118,0.0076904296875,0.4828909635543823
480,983040,1817,0.41483801484107974,8.32,344,0.002936961129307747,0.07247815281152725,0.6826492547988892,0.0010426545049995184,0.0001220703125,0.49280238151550293
481,985088,1817,0.5431272739171982,8.29,348,-0.005328172817826271,0.07586686313152313,0.7356507182121277,0.002309920499101281,0.00537109375,0.4961300194263458
482,987136,1817,0.5727851235866547,8.37,340,-0.0041845813393592834,0.07427164912223816,0.7175812125205994,0.0004403593484312296,0.00048828125,0.4918287992477417
483,989184,1817,0.4444066107273102,8.24,348,0.00013742875307798386,0.072847381234169,0.7335081696510315,0.00016920850612223148,0.000244140625,0.491841197013855
484,991232,1817,0.5333206617832184,8.62,344,-0.005790401250123978,0.07501446455717087,0.6964989900588989,0.001291224965825677,0.000244140625,0.49113407731056213
485,993280,1818,0.5039900827407837,8.22,343,-6.320048123598099e-05,0.07228588312864304,0.6972978115081787,0.0009270762093365192,0.00048828125,0.481979101896286
486,995328,1817,0.5536776876449585,8.02,344,-0.0057134078815579414,0.07845437526702881,0.7564501762390137,0.0013427895028144121,0.001708984375,0.4839670956134796
487,997376,1818,0.5336628103256226,8.4,344,0.0010262057185173035,0.07055194675922394,0.7657594680786133,0.000651088310405612,0.00048828125,0.4848381280899048
488,999424,1818,0.5134842985868454,8.3,334,0.00398804247379303,0.07531450688838959,0.8178842663764954,0.0020684562623500824,0.0076904296875,0.4948822855949402
489,1001472,1818,0.46407933831214904,8.79,331,0.002649325877428055,0.07201363146305084,0.8476651310920715,0.0004665590822696686,0.0,0.4949738383293152
490,1003520,1818,0.5134396713972091,8.94,333,-0.00028161704540252686,0.07331077009439468,0.8301107883453369,0.0009747371077537537,0.0001220703125,0.502788782119751
491,1005568,1818,0.5422942167520524,9.1,325,-0.0003459276631474495,0.07543876767158508,0.9179852604866028,0.0030726862605661154,0.0123291015625,0.4843728542327881
492,1007616,1819,0.48315702497959134,9.74,313,-0.003811894915997982,0.07416613399982452,0.8515803813934326,0.002890985691919923,0.006591796875,0.5055755376815796
493,1009664,1819,0.5426363658905029,8.9,329,-0.001560211181640625,0.07303622364997864,0.8840439319610596,0.0005226486828178167,0.0010986328125,0.49370285868644714
494,1011712,1819,0.4141983491182327,9.86,311,0.0014990568161010742,0.0683227926492691,0.8798088431358337,0.002111901994794607,0.00244140625,0.4752035140991211
495,1013760,1818,0.46376694440841676,9.51,322,-0.009802775457501411,0.06974843889474869,0.797704815864563,0.006262269802391529,0.0198974609375,0.4715498387813568
496,1015808,1818,0.4238859498500824,8.65,345,0.003648846410214901,0.07220175862312317,0.7835344076156616,0.00242192973382771,0.0035400390625,0.48255279660224915
497,1017856,1818,0.4931421488523483,8.7,336,-0.001887960359454155,0.07399246841669083,0.7952240109443665,0.0017028867732733488,0.0003662109375,0.4763478934764862
498,1019904,1818,0.45400495767593385,9.21,330,0.0006209835410118103,0.07220521569252014,0.815292239189148,0.0011118324473500252,0.0029296875,0.48284080624580383
499,1021952,1818,0.375373552441597,8.45,324,-0.0014636944979429245,0.07646173238754272,0.8262947201728821,0.004327561240643263,0.0159912109375,0.4782330095767975
500,1024000,1818,0.40451074481010435,8.87,320,-0.003653092309832573,0.07156720757484436,0.8016358613967896,0.0014759553596377373,0.0042724609375,0.4867689609527588
501,1026048,1818,0.5531719017028809,7.73,364,-0.00043672695755958557,0.07534315437078476,0.8309029340744019,0.0016554149333387613,0.007080078125,0.49901604652404785
502,1028096,1818,0.5720115697383881,10.15,315,-0.0002143029123544693,0.06808336824178696,0.9188638925552368,0.004376808647066355,0.0234375,0.48977339267730713
503,1030144,1819,0.49311239659786227,9.01,326,0.002148829400539398,0.0678270161151886,0.8713989853858948,0.0027127908542752266,0.0126953125,0.4946029484272003
504,1032192,1819,0.40433223187923434,9.29,320,0.0003104284405708313,0.06433510780334473,0.8918994665145874,0.0015393979847431183,0.01025390625,0.5097477436065674
505,1034240,1819,0.43320165514945985,9.43,308,0.0011530937626957893,0.06937059015035629,0.9345949292182922,0.0012775256764143705,0.00537109375,0.5207630395889282
506,1036288,1819,0.5422049605846405,9.86,315,0.00404167827218771,0.06819711625576019,0.988591730594635,0.0037580786738544703,0.0106201171875,0.5087642073631287
507,1038336,1819,0.5125768595933914,9.69,309,0.00013402849435806274,0.06857012212276459,0.9951967597007751,0.0024283332750201225,0.0140380859375,0.5073796510696411
508,1040384,1819,0.48290413022041323,10.29,294,-0.01233205571770668,0.06357148289680481,1.0033771991729736,0.004020067397505045,0.024658203125,0.5079877376556396
509,1042432,1820,0.6014462822675705,9.7,309,-0.0027559539303183556,0.06590288877487183,0.984827995300293,0.0024003235157579184,0.01220703125,0.5103472471237183
510,1044480,1820,0.47360330522060395,9.0,315,-0.002446778118610382,0.07277137786149979,1.027502417564392,0.0026753901038318872,0.005126953125,0.517958402633667
511,1046528,1820,0.5515057861804962,9.88,305,-0.009699631482362747,0.06645413488149643,0.9713992476463318,0.003753029741346836,0.00537109375,0.5362377166748047
512,1048576,1820,0.4335140514373779,9.27,322,-0.004894662648439407,0.0730125904083252,0.9909190535545349,0.0026363658253103495,0.007080078125,0.5430537462234497
513,1050624,1820,0.44305289268493653,9.61,312,0.006103494204580784,0.06809303164482117,1.0413564443588257,0.004282122477889061,0.0147705078125,0.5519548654556274
514,1052672,1821,0.48271074533462527,9.67,317,-0.0034345462918281555,0.07274934649467468,1.0680065155029297,0.002129737986251712,0.0029296875,0.5435349941253662
515,1054720,1821,0.49205619752407076,10.91,300,-0.007068886887282133,0.06577704846858978,0.9923912286758423,0.0038944820407778025,0.0028076171875,0.5471575856208801
516,1056768,1821,0.49268099427223205,9.5,306,-0.005783070810139179,0.07017959654331207,0.9785932302474976,0.0016397659201174974,0.0030517578125,0.5626891851425171
517,1058816,1821,0.5425768595933914,9.27,309,-0.00034804176539182663,0.06857206672430038,1.0869510173797607,0.00369216687977314,0.01220703125,0.5587158203125
518,1060864,1821,0.5609851229190826,10.23,310,-0.004116537049412727,0.06788397580385208,1.0106799602508545,0.0014300975017249584,0.001220703125,0.563470184803009
519,1062912,1820,0.5518330597877502,9.49,311,-0.0012256838381290436,0.06646780669689178,0.9858500957489014,0.000803651986643672,0.0001220703125,0.5648608207702637
520,1064960,1820,0.5327999997138977,9.4,322,-0.0007275193929672241,0.07146410644054413,1.0342228412628174,0.0012545969802886248,0.0020751953125,0.5605238676071167
521,1067008,1820,0.5422793394327163,9.62,308,-0.011622685939073563,0.06729575246572495,1.0904674530029297,0.0037473842967301607,0.0048828125,0.5443445444107056
522,1069056,1820,0.47311239659786225,9.45,307,-0.0023090122267603874,0.06729113310575485,1.1343553066253662,0.00462344940751791,0.007080078125,0.5319766402244568
523,1071104,1820,0.5319520676136017,10.41,302,-0.004795948974788189,0.06492728739976883,1.1208869218826294,0.002209580037742853,0.017578125,0.5301122069358826
524,1073152,1820,0.581193391084671,10.19,293,-0.0018613277934491634,0.05964868143200874,1.0719243288040161,0.003029204672202468,0.0040283203125,0.5471198558807373
525,1075200,1820,0.5309702491760254,10.43,309,0.001667434349656105,0.06490049511194229,1.0914506912231445,0.00209246133454144,0.0054931640625,0.570369303226471
526,1077248,1821,0.4726809912919998,10.7,302,-0.0027934573590755463,0.06755374372005463,1.1408073902130127,0.0020153603982180357,0.0142822265625,0.580959677696228
527,1079296,1821,0.5022644644975662,10.21,300,0.0005552899092435837,0.06962284445762634,1.1200997829437256,0.004832576494663954,0.0347900390625,0.5518319010734558
528,1081344,1821,0.492472727894783,9.97,302,-0.0022259894758462906,0.06332753598690033,1.081783413887024,0.0014952742494642735,0.000732421875,0.5694056749343872
529,1083392,1822,0.5214760345220566,11.25,294,0.0025605466216802597,0.06771182268857956,1.1079697608947754,0.004154008813202381,0.0107421875,0.5664435625076294
530,1085440,1822,0.40271074414253233,11.22,288,-0.006601009517908096,0.06536297500133514,1.1073790788650513,0.004632387310266495,0.0277099609375,0.5503183603286743
531,1087488,1823,0.44303801774978635,10.91,283,-0.006855392828583717,0.060066211968660355,1.034682035446167,0.004691787995398045,0.0096435546875,0.5478877425193787
532,1089536,1822,0.5617438030242919,9.88,305,-0.0025095632299780846,0.06538140028715134,0.9468567967414856,0.004110567271709442,0.0250244140625,0.5512063503265381
533,1091584,1823,0.4733206593990326,9.52,325,0.0007298155687749386,0.06849835067987442,0.9516831636428833,0.0015786222647875547,0.00341796875,0.5341436266899109
534,1093632,1823,0.47381156861782076,8.92,321,-0.003064870834350586,0.07180682569742203,0.9277340173721313,0.0021715909242630005,0.007080078125,0.5298826098442078
535,1095680,1823,0.4636479353904724,9.05,325,0.000375380739569664,0.07193973660469055,0.9624575972557068,0.003018136601895094,0.010986328125,0.5415765047073364
536,1097728,1824,0.4834247946739197,9.12,319,-0.0010404251515865326,0.06799974292516708,1.0097380876541138,0.0018482133746147156,0.0032958984375,0.5531542897224426
537,1099776,1824,0.5223239701986313,9.37,313,-0.00023767678067088127,0.06915444135665894,0.9795785546302795,0.0014478510711342096,0.00244140625,0.5379193425178528
538,1101824,1824,0.4354628103971481,8.34,327,-0.003100469708442688,0.06887573003768921,0.9599526524543762,0.003274196060374379,0.01416015625,0.5453731417655945
539,1103872,1824,0.4934694218635559,9.04,326,-0.0013119287323206663,0.07105829566717148,0.9267104864120483,0.0007158427033573389,0.0001220703125,0.5448819994926453
540,1105920,1824,0.48272561967372896,9.81,317,-0.003323171753436327,0.07030594348907471,0.9884549379348755,0.0018489055801182985,0.0040283203125,0.5417355298995972
541,1107968,1824,0.46281487703323365,10.2,302,-0.006823964416980743,0.06587415933609009,0.9842656850814819,0.002035436686128378,0.0103759765625,0.5414829850196838
542,1110016,1823,0.4633355367183685,9.69,315,3.091711550951004e-05,0.06980176270008087,0.9684292674064636,0.000639340141788125,0.00146484375,0.5400806665420532
543,1112064,1823,0.49349917352199557,8.76,326,-0.007608296349644661,0.07149914652109146,0.9546585083007812,0.0027520714793354273,0.0123291015625,0.5442265272140503
544,1114112,1823,0.46385619819164275,8.91,337,-0.0036056884564459324,0.07675956189632416,0.928943395614624,0.0006966949440538883,0.0006103515625,0.5458228588104248
545,1116160,1824,0.5032314050197602,8.9,329,0.0005981349386274815,0.0705680102109909,0.8887810111045837,0.002245246432721615,0.005615234375,0.5259242057800293
546,1118208,1824,0.6021900826692581,8.57,337,-0.003641325980424881,0.07054071128368378,0.9094032049179077,0.0010742484591901302,0.0089111328125,0.5212136507034302
547,1120256,1824,0.44393057882785797,9.26,324,-0.00343958823941648,0.07213247567415237,0.8861727714538574,0.0014766280073672533,0.003173828125,0.5145708322525024
548,1122304,1824,0.5123537200689315,9.28,322,-0.006470201537013054,0.07269437611103058,0.8324348330497742,0.0010629247408360243,0.0018310546875,0.5209605097770691
549,1124352,1823,0.502963638305664,9.23,337,4.339171573519707e-05,0.07629191130399704,0.8671849966049194,0.002036921214312315,0.0128173828125,0.5336616039276123
550,1126400,1823,0.4130528938770294,9.59,316,0.0010413676500320435,0.07099489867687225,0.8808456659317017,0.003481816966086626,0.015625,0.5230554938316345
551,1128448,1823,0.5236925601959228,8.41,337,-0.0021490314975380898,0.06882201880216599,0.860840916633606,0.002427596366032958,0.0009765625,0.5258857607841492
552,1130496,1823,0.5522793412208558,8.52,349,-0.009805455803871155,0.07387133687734604,0.8598130345344543,0.002107326639816165,0.0203857421875,0.525374174118042
553,1132544,1824,0.6514314061403275,8.47,329,-0.006218761205673218,0.06761685758829117,0.8775262236595154,0.0014844692777842283,0.0035400390625,0.5360900163650513
554,1134592,1824,0.4445107442140579,8.61,334,-0.005233967676758766,0.07148294895887375,0.9452918767929077,0.003649425692856312,0.0111083984375,0.5428105592727661
555,1136640,1824,0.5521603304147721,8.74,320,-0.004991704598069191,0.06932070851325989,0.9262039661407471,0.0032948225270956755,0.0118408203125,0.548568606376648
556,1138688,1824,0.47254710853099824,9.55,315,-0.005907090380787849,0.07043854892253876,0.9592529535293579,0.0021825649309903383,0.0052490234375,0.5575252771377563
557,1140736,1824,0.5421900844573975,9.53,307,0.00407661497592926,0.06499261409044266,0.9896671772003174,0.005279622972011566,0.0069580078125,0.5354546308517456
558,1142784,1825,0.4830528920888901,9.58,299,-0.0008468963205814362,0.06800752878189087,0.9361291527748108,0.002281083259731531,0.008544921875,0.5254389643669128
559,1144832,1825,0.5521900826692581,9.01,317,0.0005247960798442364,0.06887246668338776,0.8487589359283447,0.002462999429553747,0.002685546875,0.5312515497207642
560,1146880,1825,0.5922644627094269,8.86,329,-0.003815140575170517,0.07262054830789566,0.8086436986923218,0.000783777330070734,0.001220703125,0.5385122299194336
561,1148928,1825,0.5034842967987061,7.81,351,-0.0028042979538440704,0.07656211405992508,0.8351475596427917,0.001067890552803874,0.001220703125,0.5303845405578613
562,1150976,1825,0.6022347128391266,8.98,331,-0.004887205082923174,0.06947619467973709,0.858656108379364,0.0016809299122542143,0.00634765625,0.5287275314331055
563,1153024,1826,0.40509091019630433,9.37,324,-0.0005346070975065231,0.06917671114206314,0.8395511507987976,0.0016250105109065771,0.0072021484375,0.5334051847457886
564,1155072,1825,0.47413884282112123,7.75,344,-0.00267251068726182,0.07212962210178375,0.816713809967041,0.0019070531707257032,0.0086669921875,0.5513592958450317
565,1157120,1825,0.4541090881824493,9.48,338,-0.0025486284866929054,0.06746440380811691,0.8940831422805786,0.000836661085486412,0.0003662109375,0.5440597534179688
566,1159168,1826,0.5721157026290894,9.07,329,-0.0072762202471494675,0.07328347116708755,0.8596793413162231,0.0015801924746483564,0.0010986328125,0.5284683108329773
567,1161216,1826,0.46302313923835753,8.77,334,-0.005661792121827602,0.07315842807292938,0.9409035444259644,0.002956150798127055,0.0198974609375,0.5143104791641235
568,1163264,1826,0.5421603304147721,9.15,326,-0.0007430575788021088,0.06899034976959229,0.9747307300567627,0.001982638845220208,0.0023193359375,0.5116705298423767
569,1165312,1826,0.4632165277004242,9.65,312,-0.0037881415337324142,0.0655367448925972,1.0215544700622559,0.002738446230068803,0.0093994140625,0.5263121724128723
570,1167360,1826,0.4926809936761856,9.99,312,-0.001249535009264946,0.07019583135843277,1.046873927116394,0.002228329423815012,0.0062255859375,0.5471261143684387
571,1169408,1826,0.5320264458656311,9.63,302,-0.0005848482251167297,0.0660855770111084,0.9690000414848328,0.0016371274832636118,0.0108642578125,0.5318958759307861
572,1171456,1826,0.36506115734577177,10.29,304,-0.0034723281860351562,0.06498249620199203,0.9469590783119202,0.003367641707882285,0.0059814453125,0.5071185827255249
573,1173504,1826,0.4437818157672882,9.11,333,-0.0033535733819007874,0.07200998812913895,0.9078415036201477,0.0033201822079718113,0.0125732421875,0.5076828002929688
574,1175552,1826,0.47250247955322267,10.3,320,0.0003002602607011795,0.07092678546905518,0.8549669981002808,0.0030867853201925755,0.005615234375,0.5090333819389343
575,1177600,1827,0.4939157021045685,8.09,350,0.00045792385935783386,0.07320845127105713,0.7905047535896301,0.0011542518623173237,0.0010986328125,0.5017108917236328
576,1179648,1827,0.5134842973947525,8.64,341,-0.0027976911514997482,0.07088109850883484,0.8121325969696045,0.0015723251271992922,0.0048828125,0.4962153732776642
577,1181696,1827,0.4245553708076477,8.59,354,-0.0016998834908008575,0.0739978551864624,0.8091039657592773,0.0015951984096318483,0.0025634765625,0.48529258370399475
578,1183744,1827,0.5632314056158065,8.41,343,-0.002404167316854,0.07506480067968369,0.7999130487442017,0.0006241758819669485,0.00927734375,0.4895710051059723
579,1185792,1827,0.5537966954708099,7.54,355,-0.005276592448353767,0.07365550100803375,0.8006479740142822,0.0011512425262480974,0.0040283203125,0.49436843395233154
580,1187840,1828,0.4444809931516647,7.82,366,-0.005169715732336044,0.07329156994819641,0.7849358916282654,0.0008409400470554829,0.0003662109375,0.4989241063594818
581,1189888,1828,0.45354380130767824,8.7,332,0.003042616881430149,0.07102496176958084,0.7652593851089478,0.003012441797181964,0.01318359375,0.521389365196228
582,1191936,1828,0.47431735694408417,8.29,347,-0.000866282731294632,0.07361529767513275,0.7257987260818481,0.000242491252720356,0.0001220703125,0.5234500169754028
583,1193984,1829,0.5624727261066437,8.31,341,-0.0037238034419715405,0.07439563423395157,0.8341364860534668,0.0010232762433588505,0.005126953125,0.5061674118041992
584,1196032,1829,0.48451074421405793,8.03,343,-0.0025397464632987976,0.07095139473676682,0.8796182870864868,0.0013549402356147766,0.00390625,0.4804788827896118
585,1198080,1829,0.5036479330062866,8.36,342,-0.001857370138168335,0.07329753786325455,0.8042467832565308,0.0007200583349913359,0.0020751953125,0.5039128065109253
586,1200128,1829,0.5333057862520217,8.44,335,-0.001850474625825882,0.07489579916000366,0.8264864683151245,0.001064998097717762,0.002197265625,0.4822203516960144
587,1202176,1830,0.5830826419591904,8.18,332,0.001977398991584778,0.07007397711277008,0.8238412141799927,0.0010515868198126554,0.0,0.47469380497932434
588,1204224,1830,0.5431421500444412,8.13,347,-0.0011057090014219284,0.07251650094985962,0.8162003755569458,0.001055349363014102,0.0079345703125,0.49269697070121765
589,1206272,1830,0.45427272856235507,7.96,348,0.0009715519845485687,0.07693324238061905,0.8710152506828308,0.0008894896600395441,0.001220703125,0.48353397846221924
590,1208320,1831,0.5620859515666962,9.19,332,-0.00028375769034028053,0.07156240940093994,0.8551504015922546,0.0008972734212875366,0.0047607421875,0.48947715759277344
591,1210368,1831,0.49360330641269684,8.45,343,-0.0039788950234651566,0.07129901647567749,0.8629858493804932,0.0016599602531641722,0.0035400390625,0.48932552337646484
592,1212416,1831,0.42550743877887726,8.02,340,-0.0006892681121826172,0.07059352844953537,0.9028213620185852,0.0013357170391827822,0.0042724609375,0.48566004633903503
593,1214464,1832,0.4936181831359863,8.46,337,-0.0050965361297130585,0.07426425069570541,0.9070263504981995,0.0012672070879489183,0.001953125,0.47784537076950073
594,1216512,1832,0.4344214880466461,9.18,328,-0.0072020553052425385,0.07510622590780258,0.9055472612380981,0.0016695496160537004,0.0,0.4778910279273987
595,1218560,1832,0.47329090654850003,8.99,325,-0.004379820078611374,0.07271993905305862,0.8935844898223877,0.0005335705354809761,0.0,0.4768323302268982
596,1220608,1832,0.4049421489238739,8.58,332,-0.0004228968173265457,0.07175812870264053,0.9143136739730835,0.0024081456940621138,0.0003662109375,0.4753783941268921
597,1222656,1832,0.3647338855266571,9.03,333,-0.004158090800046921,0.07388374209403992,0.9459928274154663,0.001964643830433488,0.01025390625,0.47911202907562256
598,1224704,1832,0.5414760327339172,9.87,324,-0.0062213800847530365,0.07191497087478638,0.9386622905731201,0.0028333961963653564,0.0108642578125,0.48343345522880554
599,1226752,1832,0.5425173568725586,9.19,328,-0.0021561216562986374,0.07327545434236526,0.9511138796806335,0.0012715852353721857,0.0028076171875,0.4869837462902069
600,1228800,1831,0.5524727267026901,9.03,321,-0.0031143948435783386,0.07162092626094818,0.8579084277153015,0.002096080221235752,0.0091552734375,0.47572702169418335
601,1230848,1831,0.4441685950756073,8.77,325,-0.001460089348256588,0.07414223998785019,0.9028900265693665,0.0012553476262837648,0.00048828125,0.47020405530929565
602,1232896,1831,0.5230380171537399,8.72,321,-0.0031690457835793495,0.06901206821203232,0.9633142948150635,0.0011931685730814934,0.008056640625,0.47699403762817383
603,1234944,1831,0.49384132266044617,8.93,318,-0.0067695798352360725,0.06888716667890549,1.0167477130889893,0.0006972099654376507,0.0006103515625,0.474144846200943
604,1236992,1830,0.43406446278095245,9.09,316,-0.0013613095507025719,0.07207079231739044,1.0312975645065308,0.0025363604072481394,0.0047607421875,0.4846231937408447
605,1239040,1829,0.5314314067363739,10.37,304,-0.0036408063024282455,0.06582796573638916,1.0675363540649414,0.0012414592783898115,0.002197265625,0.4905391335487366
606,1241088,1828,0.4536479336023331,10.52,301,0.0024168584495782852,0.06503260880708694,1.0918375253677368,0.003482702188193798,0.0125732421875,0.47778984904289246
607,1243136,1828,0.434376859664917,9.38,325,-0.005456393584609032,0.07244841754436493,1.0259125232696533,0.0012449531350284815,0.00439453125,0.4874490797519684
608,1245184,1828,0.38416859686374666,10.23,299,-0.0011169277131557465,0.0661468356847763,1.061074137687683,0.0002844266127794981,0.0,0.4915882647037506
609,1247232,1828,0.5328595024347306,9.42,315,-0.0031992997974157333,0.07155069708824158,1.0396838188171387,0.001851761480793357,0.0009765625,0.4799594283103943
610,1249280,1828,0.5229487609863281,9.04,329,-0.007147515192627907,0.06965207308530807,0.9578756093978882,0.001964898081496358,0.003173828125,0.48019176721572876
611,1251328,1829,0.503171900510788,8.83,321,0.001133820042014122,0.06821766495704651,0.9894322156906128,0.0010289535857737064,0.0020751953125,0.4740019142627716
612,1253376,1829,0.453573551774025,9.12,332,-0.004882125183939934,0.07477961480617523,0.9701018333435059,0.0018232560250908136,0.0028076171875,0.478330135345459
613,1255424,1829,0.44335041284561155,9.35,326,-0.00033700279891490936,0.06933654844760895,0.937602162361145,0.0013650585897266865,0.001708984375,0.49974700808525085
614,1257472,1829,0.46379669308662413,8.81,332,-0.002367474604398012,0.07303129136562347,0.9513719081878662,0.00039613782428205013,0.0009765625,0.5002100467681885
615,1259520,1829,0.5526958686113358,8.89,324,0.004349683411419392,0.06991229206323624,1.0139529705047607,0.002153147477656603,0.0067138671875,0.4942818880081177
616,1261568,1829,0.4927999985218048,9.48,319,-0.0023597795516252518,0.07011885195970535,0.9417470693588257,0.0027022252324968576,0.0115966796875,0.5037180781364441
617,1263616,1830,0.5527851235866547,8.37,330,-0.0008653774857521057,0.07248736172914505,0.9405282139778137,0.0006183928344398737,0.00048828125,0.49266427755355835
618,1265664,1830,0.5334991729259491,8.53,341,-0.001196952536702156,0.07479113340377808,0.9679841995239258,0.0016753142699599266,0.001953125,0.4933894872665405
619,1267712,1830,0.48333553910255433,9.23,321,-0.006449684500694275,0.0670900046825409,0.9509040117263794,0.005679813213646412,0.0106201171875,0.4977177083492279
620,1269760,1830,0.48262148797512056,9.87,322,-0.002471480518579483,0.06870700418949127,0.9722614884376526,0.0008022277615964413,0.0010986328125,0.49652883410453796
621,1271808,1830,0.6019223129749298,9.35,322,-0.002982507459819317,0.0648866668343544,0.963158905506134,0.0016185769345611334,0.0025634765625,0.4964572489261627
622,1273856,1831,0.40467437982559207,9.12,331,-0.0033749882131814957,0.07088031619787216,0.9176419973373413,0.0011779593769460917,0.0103759765625,0.4906684458255768
623,1275904,1831,0.5622198379039764,8.79,342,-0.009046319872140884,0.07654222846031189,0.9583335518836975,0.0023735433351248503,0.00244140625,0.49350085854530334
624,1277952,1831,0.49343966841697695,8.26,336,-0.0033865738660097122,0.07548081874847412,0.9465295076370239,0.00043873582035303116,0.0,0.5028775930404663
625,1280000,1831,0.46317190289497373,9.41,327,-0.0010912269353866577,0.07213978469371796,0.9524573683738708,0.0004130478482693434,0.0003662109375,0.5202237963676453
626,1282048,1831,0.4543768584728241,8.11,338,-0.002624357119202614,0.07412701100111008,1.0248644351959229,0.0016354157123714685,0.00830078125,0.504981279373169
627,1284096,1832,0.4337074393033981,9.69,310,-0.00384734570980072,0.06686247885227203,1.0856882333755493,0.002040775492787361,0.0050048828125,0.5058002471923828
628,1286144,1832,0.5219818204641342,9.69,315,-0.0028271377086639404,0.06909511238336563,1.1340997219085693,0.001493517542257905,0.0003662109375,0.501286506652832
629,1288192,1832,0.4625322324037552,10.79,298,-0.0016648238524794579,0.060977786779403687,1.1606557369232178,0.0010030369739979506,0.0,0.4771798849105835
630,1290240,1832,0.5026661157608032,9.8,314,0.0012289071455597878,0.07083433866500854,1.176898717880249,0.0023746881633996964,0.0240478515625,0.4756317138671875
631,1292288,1833,0.4425322312116623,10.88,286,-0.0043622469529509544,0.06204831972718239,1.2244923114776611,0.00301537849009037,0.01025390625,0.476480096578598
632,1294336,1833,0.5212975203990936,11.15,287,-0.006711136549711227,0.06223434582352638,1.1722259521484375,0.002698448719456792,0.002197265625,0.47449371218681335
633,1296384,1833,0.49294876217842104,9.77,302,-0.01628366857767105,0.06779815256595612,1.0991666316986084,0.006129737012088299,0.0111083984375,0.4524366855621338
634,1298432,1833,0.35522479593753814,9.88,302,-0.006422026548534632,0.0691402405500412,1.0740593671798706,0.0017403350211679935,0.0028076171875,0.46659740805625916
635,1300480,1833,0.4928595042228699,9.24,332,-0.008550405502319336,0.07148977369070053,1.0073312520980835,0.0021438770927488804,0.00390625,0.4821498990058899
636,1302528,1834,0.4631867772340775,9.47,314,-0.002244912553578615,0.07091446220874786,0.9989675879478455,0.0011921441182494164,0.00244140625,0.4832035005092621
637,1304576,1834,0.5528446274995804,8.97,321,-0.0036451248452067375,0.07489068806171417,1.0117714405059814,0.002017469145357609,0.0115966796875,0.47610795497894287
638,1306624,1834,0.47381157100200655,9.38,323,-0.004099120385944843,0.07087510824203491,0.9672245383262634,0.0008354717865586281,0.009765625,0.4870365560054779
639,1308672,1834,0.5133057844638824,8.82,327,-0.005299262702465057,0.06981027126312256,0.9535074830055237,0.0009732653852552176,0.001708984375,0.47371089458465576
640,1310720,1835,0.5518776857852936,9.19,327,-0.0008909404277801514,0.07413767278194427,1.000658392906189,0.0011712454725056887,0.012939453125,0.4665204882621765
641,1312768,1835,0.5326214873790741,9.06,327,0.0039192624390125275,0.07525046169757843,0.9792546033859253,0.0008414871990680695,0.0001220703125,0.46509870886802673
642,1314816,1835,0.5226512408256531,8.98,334,-0.0015497496351599693,0.07016248255968094,0.9750444293022156,0.001420232467353344,0.0013427734375,0.4614676833152771
643,1316864,1835,0.4836628097295761,8.99,331,-0.0007690712809562683,0.0742233395576477,1.0364011526107788,0.001915286760777235,0.0028076171875,0.4577322006225586
644,1318912,1835,0.4933504128456116,9.67,317,-0.0048804134130477905,0.06979141384363174,1.0364699363708496,0.0021402151323854923,0.00390625,0.44128262996673584
645,1320960,1834,0.5218628096580505,10.14,313,-0.0028878250159323215,0.06944669783115387,1.0184441804885864,0.0013668525498360395,0.0025634765625,0.4392954111099243
646,1323008,1834,0.5315801656246185,10.81,306,0.002411213703453541,0.06735853850841522,1.0274683237075806,0.0008151328656822443,0.00048828125,0.4596628248691559
647,1325056,1834,0.4836628103256226,8.73,326,0.0006651044823229313,0.07273485511541367,0.9565334320068359,0.003447257447987795,0.00244140625,0.44924116134643555
648,1327104,1834,0.5631123965978623,8.05,345,-0.004472250118851662,0.07486776262521744,0.8951621055603027,0.0010704754386097193,0.002197265625,0.4560888111591339
649,1329152,1834,0.4733801656961441,8.83,339,0.00100027397274971,0.07469023019075394,0.8941510915756226,0.0009539034217596054,0.000244140625,0.45250204205513
650,1331200,1834,0.5426512396335602,8.72,332,-0.010505269281566143,0.07244168967008591,0.9325014352798462,0.001289325300604105,0.000244140625,0.45337632298469543
651,1333248,1834,0.5622495895624161,8.82,336,0.002067499328404665,0.07180765271186829,0.9427769780158997,0.0009021032601594925,0.0001220703125,0.4662840664386749
652,1335296,1835,0.503618181347847,8.75,342,-0.0048329089768230915,0.07545604556798935,0.9095174074172974,0.0009553935378789902,0.0006103515625,0.4775660037994385
653,1337344,1834,0.4933206629753113,9.03,327,-2.818182110786438e-06,0.07121487706899643,0.9098900556564331,0.0005446653813123703,0.000244140625,0.47733786702156067
654,1339392,1835,0.5628446304798126,8.78,338,-0.002514326013624668,0.075208880007267,0.9029893279075623,0.0008454290218651295,0.0,0.4864410161972046
655,1341440,1835,0.5224280995130539,8.83,340,0.00021518021821975708,0.07339683175086975,0.946821391582489,0.0018124012276530266,0.0,0.48869645595550537
656,1343488,1835,0.4137074381113052,9.53,318,-0.0018122317269444466,0.06863677501678467,0.9462304711341858,0.0008146155159920454,0.0,0.49042853713035583
657,1345536,1835,0.42464462876319886,8.11,339,-0.003739663865417242,0.07218314707279205,0.9454190135002136,0.0006540841422975063,0.0001220703125,0.4835454523563385
658,1347584,1835,0.5821454524993896,9.04,329,0.0018811402842402458,0.07293598353862762,0.9598496556282043,0.0005224959459155798,0.0,0.4840483069419861
659,1349632,1835,0.4443173563480377,9.01,332,-0.0007411912083625793,0.0752478763461113,0.9762618541717529,0.0002943710424005985,0.0,0.4756995737552643
660,1351680,1834,0.4540049558877945,8.81,326,-0.0013241283595561981,0.07242035120725632,0.9445806741714478,0.00033230148255825043,0.0006103515625,0.4803120493888855
661,1353728,1834,0.5038859504461288,8.51,334,-0.001066550612449646,0.07078493386507034,1.0007511377334595,0.001470326678827405,0.007080078125,0.48648032546043396
662,1355776,1834,0.4837669426202774,8.99,328,-0.0038136327639222145,0.069979727268219,0.9693647027015686,0.002052196767181158,0.005615234375,0.48109665513038635
663,1357824,1834,0.4535884296894073,8.84,322,-0.0056327395141124725,0.07132940739393234,0.9992769360542297,0.0014023014809936285,0.003662109375,0.4906761050224304
664,1359872,1835,0.47263636589050295,9.52,318,-0.002678037155419588,0.07074756175279617,0.9942023754119873,0.0009520896710455418,0.00341796875,0.49012476205825806
665,1361920,1835,0.44396033108234406,10.0,321,0.0008645742200314999,0.07247007638216019,0.9774693250656128,0.00035338569432497025,0.00048828125,0.48875802755355835
666,1363968,1835,0.44393057823181153,8.85,325,-0.0008783265948295593,0.06770530343055725,1.013916254043579,0.00041280221194028854,0.0,0.48895591497421265
667,1366016,1835,0.4441537171602249,8.75,324,-0.004491377621889114,0.07077541947364807,1.0238831043243408,0.0004971490707248449,0.0,0.48893094062805176
668,1368064,1835,0.47373719155788424,9.08,312,-0.0006825481541454792,0.0682833194732666,1.0229220390319824,0.0004516907501965761,0.000244140625,0.48728662729263306
669,1370112,1835,0.5126661151647568,9.88,314,-0.0031379833817481995,0.06766657531261444,1.0225725173950195,0.0016062820795923471,0.0023193359375,0.480621337890625
670,1372160,1835,0.5215504157543183,9.95,315,-0.0016615726053714752,0.0710059329867363,1.020488977432251,0.0002679787576198578,0.0,0.478437215089798
671,1374208,1835,0.5230975210666656,9.07,319,-0.0034214984625577927,0.06782267987728119,1.0589072704315186,0.0005091375205665827,0.0001220703125,0.4737752676010132
672,1376256,1835,0.48358842968940735,9.28,317,-0.0008651074022054672,0.07169321179389954,1.0485105514526367,0.0002506938762962818,0.002197265625,0.4779887795448303
673,1378304,1836,0.5133652877807617,8.88,324,-0.0052599720656871796,0.07230151444673538,1.0239819288253784,0.0013084576930850744,0.0008544921875,0.47422006726264954
674,1380352,1836,0.5333504140377044,8.71,341,-0.0002724758815020323,0.07475250959396362,1.0066728591918945,0.000416699331253767,0.0,0.47288453578948975
675,1382400,1836,0.4144512391090393,9.03,320,-0.011537807062268257,0.06745275855064392,0.9775895476341248,0.0015951208770275116,0.0047607421875,0.4764704704284668
676,1384448,1836,0.4543322330713272,8.91,326,-0.00589266512542963,0.06801793724298477,0.8795718550682068,0.0025242494884878397,0.0001220703125,0.47843125462532043
677,1386496,1836,0.3851206612586975,8.1,337,-0.005649540573358536,0.07348863780498505,0.8859784603118896,0.0011045134160667658,0.000732421875,0.46757325530052185
678,1388544,1836,0.5433057862520217,8.09,347,0.0005599912256002426,0.07383263111114502,0.8781208992004395,0.00020701484754681587,0.0,0.46514296531677246
679,1390592,1836,0.47369256436824797,9.28,333,8.02110880613327e-05,0.0722847431898117,0.8927168250083923,0.0006348774768412113,0.0,0.4815603792667389
680,1392640,1836,0.5229636371135712,8.85,332,-0.004806697368621826,0.07189244776964188,0.8771807551383972,0.000457114540040493,0.0001220703125,0.473020076751709
681,1394688,1837,0.45452562034130095,8.24,347,-0.007511153817176819,0.07157303392887115,0.9252334237098694,0.0019673022907227278,0.004150390625,0.4743691682815552
682,1396736,1837,0.5826214861869812,8.76,339,-0.0006874669343233109,0.07071880251169205,0.977581799030304,0.00037330505438148975,0.001953125,0.4690406322479248
683,1398784,1837,0.4840049600601196,7.84,351,-0.0017982879653573036,0.07489807158708572,0.9445130825042725,0.0006711699534207582,0.000244140625,0.46697765588760376
684,1400832,1836,0.493811571598053,8.92,334,-0.004623759537935257,0.07363738864660263,0.968082070350647,0.001026396406814456,0.0003662109375,0.46403154730796814
685,1402880,1836,0.5922347128391265,8.82,324,-0.0032206359319388866,0.07476908713579178,1.0099536180496216,0.001082160510122776,0.0006103515625,0.4770768880844116
686,1404928,1835,0.5126661169528961,8.79,332,-0.005821173079311848,0.0726676806807518,1.0133906602859497,0.0016353116370737553,0.0023193359375,0.4711337387561798
687,1406976,1835,0.5133801674842835,9.19,323,-0.003009939566254616,0.07414402067661285,0.9703739285469055,0.000523863360285759,0.00048828125,0.47360849380493164
688,1409024,1834,0.472904132604599,10.3,322,-0.0020720064640045166,0.06638780236244202,1.0052632093429565,0.000288533978164196,0.0009765625,0.4670763313770294
689,1411072,1834,0.5918479353189469,9.1,328,-0.002237696200609207,0.06873561441898346,1.0692784786224365,0.0016203646082431078,0.0,0.4689636528491974
690,1413120,1834,0.473469420671463,8.69,328,-0.0023857764899730682,0.0733901634812355,1.112983226776123,0.0018405653536319733,0.0076904296875,0.4690811038017273
691,1415168,1834,0.5517586779594421,10.05,309,-0.004218818619847298,0.07062278687953949,1.1191127300262451,0.0005724960938096046,0.000244140625,0.46782970428466797
692,1417216,1834,0.43338016510009764,9.92,310,-0.0015359409153461456,0.06686379015445709,1.1163418292999268,0.00038977526128292084,0.0,0.46668165922164917
693,1419264,1834,0.483231406211853,9.73,315,-0.003168269991874695,0.06648208200931549,1.0770889520645142,0.000598144019022584,0.0,0.47396016120910645
694,1421312,1834,0.38445123851299284,9.92,306,-0.007129529491066933,0.06729184091091156,1.0373084545135498,0.0028300085105001926,0.0013427734375,0.482471227645874
695,1423360,1834,0.5319669443368912,9.5,319,-0.002280948683619499,0.07136338949203491,1.0485923290252686,0.0005190996453166008,0.0013427734375,0.47735127806663513
696,1425408,1833,0.5330528920888901,8.85,312,-0.0010231640189886093,0.06659837812185287,1.0893304347991943,0.0005282887723296881,0.0003662109375,0.46355563402175903
697,1427456,1833,0.444034708738327,9.46,310,0.0007308078929781914,0.06798121333122253,1.1494073867797852,0.004238272085785866,0.0025634765625,0.46903252601623535
698,1429504,1833,0.6205090910196305,10.07,315,-0.003585508093237877,0.0651760920882225,1.1676290035247803,0.0020203457679599524,0.001708984375,0.48560571670532227
699,1431552,1834,0.46437685906887055,9.49,299,0.0028997398912906647,0.06378224492073059,1.1886168718338013,0.0008455545175820589,0.0,0.4835214614868164
700,1433600,1834,0.5416991734504699,10.49,301,-0.0026160553097724915,0.07016380876302719,1.1594672203063965,0.0008547196630388498,0.0001220703125,0.4896930456161499
701,1435648,1834,0.4525917363166809,10.91,294,0.0002003135159611702,0.05840016528964043,1.1745983362197876,0.0010409660171717405,0.0,0.48591530323028564
702,1437696,1834,0.5617586785554886,9.83,302,-0.0015924274921417236,0.06428232789039612,1.179991364479065,0.0010622036643326283,0.00146484375,0.4827800989151001
703,1439744,1835,0.501520659327507,10.18,309,0.0009708916768431664,0.06987107545137405,1.1771961450576782,0.0006104558706283569,0.0015869140625,0.49250510334968567
704,1441792,1835,0.40317190110683443,10.39,300,-0.00376308336853981,0.06309682130813599,1.1950336694717407,0.0007489651907235384,0.0,0.49551960825920105
705,1443840,1835,0.5219074386358261,9.93,308,0.002037838101387024,0.06490175426006317,1.1905696392059326,0.0014404116664081812,0.00146484375,0.5030190944671631
706,1445888,1835,0.3735140484571457,9.74,304,-0.00766258779913187,0.06643850356340408,1.2632578611373901,0.0028527856338769197,0.01025390625,0.5073378086090088
707,1447936,1835,0.520985123515129,11.1,288,0.0009428299963474274,0.06530556082725525,1.2567471265792847,0.0012740758247673512,0.0,0.5043439269065857
708,1449984,1835,0.5113867765665054,10.73,286,-0.0009509678930044174,0.0640115886926651,1.2632107734680176,0.0003537493757903576,0.0,0.5091973543167114
709,1452032,1835,0.43238346934318544,11.61,279,0.00029001105576753616,0.05992807820439339,1.290948748588562,0.0014382859226316214,0.0032958984375,0.522881269454956
710,1454080,1835,0.4723239666223526,11.28,280,-0.0017817877233028412,0.06298238039016724,1.250056505203247,0.0017134209629148245,0.0025634765625,0.5075086355209351
711,1456128,1835,0.5816396707296372,11.25,286,-0.008929095230996609,0.062230147421360016,1.1713993549346924,0.0039017554372549057,0.0,0.49862122535705566
712,1458176,1834,0.561297522187233,11.01,293,-0.0013887658715248108,0.06404883414506912,1.167356014251709,0.0002206391654908657,0.0,0.4892089068889618
713,1460224,1834,0.49248760581016543,10.12,313,-0.00048066675662994385,0.06621736288070679,1.1367963552474976,0.0005816230550408363,0.0,0.4957043528556824
714,1462272,1834,0.4431570267677307,10.01,301,-0.0021942290477454662,0.06845963001251221,1.174111008644104,0.0009838200639933348,0.0,0.4825645089149475
715,1464320,1833,0.5213570261001587,10.15,312,-0.00015324167907238007,0.07086598873138428,1.2057361602783203,0.0023302887566387653,0.0,0.49126020073890686
716,1466368,1834,0.541758680343628,10.1,303,-0.006672332063317299,0.0640648677945137,1.2434273958206177,0.0018985013011842966,0.010009765625,0.4851044714450836
717,1468416,1834,0.423023139834404,10.51,288,-0.0028915787115693092,0.06298834085464478,1.2567479610443115,0.0012571311090141535,0.010986328125,0.49506673216819763
718,1470464,1834,0.39330578565597535,10.04,297,-0.0011448459699749947,0.06748781353235245,1.275810718536377,0.0004162336699664593,0.0,0.48161181807518005
719,1472512,1834,0.4724876034259796,10.46,292,-0.0007090847939252853,0.06769941747188568,1.2723029851913452,0.0005983579903841019,0.0,0.4779627323150635
720,1474560,1833,0.473350413441658,10.13,288,-0.00519427377730608,0.06394040584564209,1.2875492572784424,0.0011383879464119673,0.0,0.4770854711532593
721,1476608,1833,0.4534694200754166,10.14,284,-0.0027894475497305393,0.06045324727892876,1.2696521282196045,0.0015700878575444221,0.0,0.47926634550094604
722,1478656,1833,0.48168429613113406,10.71,292,-0.0004109395667910576,0.06734941154718399,1.2438347339630127,0.0015246120747178793,0.00048828125,0.4790743589401245
723,1480704,1834,0.5415206634998322,10.45,293,-0.0024642180651426315,0.0632764995098114,1.2123311758041382,0.0012901434674859047,0.002685546875,0.4868169128894806
724,1482752,1834,0.45208595037460325,10.27,299,0.0002734316512942314,0.06432445347309113,1.1889454126358032,0.0002688984386622906,0.0,0.4795483350753784
725,1484800,1834,0.5408512401580811,10.9,297,-0.0013637887313961983,0.06625228375196457,1.2672858238220215,0.000998341478407383,0.00048828125,0.4647136330604553
726,1486848,1834,0.49091074347496033,10.98,290,-0.0028603076934814453,0.060198187828063965,1.2426602840423584,0.0017677107825875282,0.0003662109375,0.49322637915611267
727,1488896,1834,0.43199669480323794,11.47,281,-0.001613069325685501,0.061358094215393066,1.2764482498168945,0.0004231561906635761,0.0,0.49851763248443604
728,1490944,1834,0.5604347115755082,11.2,290,0.0023966729640960693,0.06619638204574585,1.3090131282806396,0.0012380052357912064,0.0,0.4927990436553955
729,1492992,1834,0.45122314035892486,12.2,270,0.004540357738733292,0.06074050813913345,1.35219144821167,0.004541823640465736,0.0032958984375,0.4966545104980469
730,1495040,1835,0.6281884294748307,11.99,274,-0.0007864264771342278,0.059088073670864105,1.3700617551803589,0.0002815208863466978,0.0,0.5041773319244385
731,1497088,1835,0.5200330579280853,12.07,274,-0.00436232378706336,0.05915170535445213,1.386889934539795,0.002303104614838958,0.0035400390625,0.4990677237510681
732,1499136,1835,0.48010743856430055,12.86,255,-0.0030130594968795776,0.05743818357586861,1.401923418045044,0.0015683488454669714,0.0096435546875,0.4884483814239502
733,1501184,1835,0.5281140494346619,14.46,239,-0.0013108798302710056,0.04921325296163559,1.4086278676986694,0.0022737563122063875,0.0009765625,0.4551544189453125
734,1503232,1835,0.37281487464904783,13.06,254,-0.003723820671439171,0.05034414678812027,1.35554838180542,0.003195894183591008,0.0,0.4669778347015381
735,1505280,1835,0.5504049593210221,11.65,274,-0.0028856992721557617,0.05987178906798363,1.327768087387085,0.0006164279766380787,0.0,0.4773930609226227
736,1507328,1835,0.4129041302204132,11.88,271,-0.011635183356702328,0.05623696371912956,1.3904271125793457,0.003058482427150011,0.00537109375,0.46657881140708923
737,1509376,1835,0.47992892682552335,13.79,253,-0.005943682044744492,0.05342346429824829,1.3900824785232544,0.0013755548279732466,0.0,0.4858472943305969
738,1511424,1835,0.5301818192005158,12.75,255,0.0014211293309926987,0.05606241524219513,1.3923848867416382,0.0007549792062491179,0.0,0.47892969846725464
739,1513472,1834,0.5117735570669174,11.62,267,-0.0027742497622966766,0.05650288611650467,1.3627127408981323,0.0011785440146923065,0.0,0.4768514633178711
740,1515520,1833,0.4906876051425934,12.45,265,-0.00392538495361805,0.05570807307958603,1.3387950658798218,0.0016210570465773344,0.0008544921875,0.4762921631336212
741,1517568,1832,0.5006280994415283,12.22,267,-0.0005237646400928497,0.05742724984884262,1.3332756757736206,0.0002339724451303482,0.0,0.4862391948699951
742,1519616,1832,0.5197355395555496,12.42,269,-0.003828223794698715,0.05662999674677849,1.3122369050979614,0.001378403278067708,0.0006103515625,0.4827347993850708
743,1521664,1832,0.5115652912855149,11.31,276,-0.0014401040971279144,0.06151124835014343,1.2746143341064453,0.0012634503655135632,0.0,0.4873494505882263
744,1523712,1832,0.4036479353904724,11.41,286,-0.004975750111043453,0.06138259172439575,1.286784291267395,0.0008286903612315655,0.0,0.47067445516586304
745,1525760,1832,0.4726066130399704,12.18,271,-0.0048515815287828445,0.057325128465890884,1.2514086961746216,0.0011875259224325418,0.0,0.46882444620132446
746,1527808,1832,0.5318479323387146,11.22,288,-0.002595793455839157,0.0633736103773117,1.2172995805740356,0.0014122540596872568,0.0,0.4733024835586548
747,1529856,1832,0.5215801668167114,10.69,286,-0.0003472864627838135,0.06350508332252502,1.2013378143310547,0.00037499796599149704,0.0009765625,0.47859007120132446
748,1531904,1832,0.5909851223230362,9.76,297,-0.001389775425195694,0.06423082202672958,1.2018866539001465,0.0005837657954543829,0.0001220703125,0.48406073451042175
749,1533952,1832,0.5423983472585678,9.21,313,-0.005779275670647621,0.06959894299507141,1.2004413604736328,0.0007228832691907883,0.0,0.47292786836624146
750,1536000,1832,0.5210892564058304,10.82,292,0.003508511930704117,0.06458631902933121,1.1815985441207886,0.000929555157199502,0.0,0.4807896614074707
751,1538048,1832,0.4627404981851578,10.43,285,-0.000984084326773882,0.06132455915212631,1.1545108556747437,0.0008406492415815592,0.0,0.4891369640827179
752,1540096,1832,0.46278512477874756,10.11,309,-0.0011802364606410265,0.06432508677244186,1.1637985706329346,0.0005198745056986809,0.0,0.4898929297924042
753,1542144,1832,0.5609702491760253,10.68,300,0.001423726323992014,0.06455333530902863,1.1959351301193237,0.0014243803452700377,0.0,0.5054526925086975
754,1544192,1832,0.46332066237926484,9.98,308,-0.005489874631166458,0.07188093662261963,1.1986685991287231,0.0007184313144534826,0.0,0.49642646312713623
755,1546240,1832,0.47239834785461426,10.52,295,-0.0015871506184339523,0.06370125710964203,1.1917117834091187,0.00031541031785309315,0.0,0.5013694167137146
756,1548288,1832,0.4810892564058304,11.39,291,-0.000821155495941639,0.06415512412786484,1.2193059921264648,0.0004361090250313282,0.0,0.5056825876235962
757,1550336,1832,0.5514611572027206,10.39,292,2.740509808063507e-05,0.06184837222099304,1.2018576860427856,0.00029723579064011574,0.0,0.501852810382843
758,1552384,1832,0.43300826489925387,11.07,290,-0.0016362229362130165,0.06710009276866913,1.2384858131408691,0.000640839571133256,0.0001220703125,0.4797203242778778
759,1554432,1832,0.5218479353189468,10.81,296,-0.0035837003961205482,0.06415046751499176,1.1974836587905884,0.0005682045593857765,0.0,0.4946485161781311
760,1556480,1832,0.5511785113811493,10.4,301,-0.0026161279529333115,0.06927359849214554,1.1805579662322998,0.00030443700961768627,0.0,0.49784404039382935
761,1558528,1832,0.4818925631046295,11.96,286,-0.0012441426515579224,0.059369154274463654,1.2084236145019531,0.00110082165338099,0.0,0.5085494518280029
762,1560576,1832,0.5806132221221924,11.11,302,0.0006515625864267349,0.06522133946418762,1.2123117446899414,0.0011363574303686619,0.0013427734375,0.5045977830886841
763,1562624,1833,0.46311239778995517,9.71,301,0.00012424960732460022,0.06761506199836731,1.218772292137146,0.0006006339099258184,0.0,0.5209963917732239
764,1564672,1833,0.403186776638031,11.57,282,-0.0009538521990180016,0.05718621611595154,1.2496771812438965,0.0008852945175021887,0.01171875,0.5262364745140076
765,1566720,1833,0.5206876051425934,11.53,285,0.0006823446601629257,0.06540938466787338,1.252720594406128,0.0006965859793126583,0.0,0.5118592977523804
766,1568768,1833,0.4131570249795914,11.48,279,-0.00173186045140028,0.06352180242538452,1.2618074417114258,0.001469939248636365,0.0015869140625,0.5121580958366394
767,1570816,1832,0.551133885383606,10.25,300,-0.007206915877759457,0.06706741452217102,1.173018455505371,0.004458385985344648,0.0,0.514071524143219
768,1572864,1832,0.50263636469841,9.73,304,-0.004129350185394287,0.06383029371500015,1.170255184173584,0.000983240781351924,0.0003662109375,0.4924134314060211
769,1574912,1833,0.4927107447385788,9.54,295,0.0010106135159730911,0.065644770860672,1.1849679946899414,0.002046912908554077,0.0086669921875,0.492414653301239
770,1576960,1833,0.5121454548835754,13.16,297,-0.0071516018360853195,0.061248812824487686,1.2182191610336304,0.0013110311701893806,0.0074462890625,0.48811736702919006
771,1579008,1832,0.5420859497785568,10.06,303,-0.0024571362882852554,0.06716959178447723,1.1802197694778442,0.0015922808088362217,0.001708984375,0.4941195845603943
772,1581056,1832,0.4921752065420151,11.04,283,-0.0023265648633241653,0.06392740458250046,1.1722984313964844,0.00018754228949546814,0.000732421875,0.4963113069534302
773,1583104,1832,0.49254710853099826,10.07,300,-0.002657695673406124,0.06485426425933838,1.2018206119537354,0.0004182884003967047,0.0,0.495691180229187
774,1585152,1832,0.49300826489925387,9.54,314,-0.001207744237035513,0.06969857960939407,1.1848280429840088,0.00012488989159464836,0.0,0.4961440861225128
775,1587200,1832,0.4733206611871719,10.23,300,-0.0009433464147150517,0.05859411880373955,1.1949102878570557,0.0004300260916352272,0.0001220703125,0.5000607967376709
776,1589248,1832,0.5121008270978927,11.09,288,0.0008034948259592056,0.06770645081996918,1.1990455389022827,0.0001545674167573452,0.0,0.4985187351703644
777,1591296,1832,0.5805537211894989,10.52,288,-0.0010800845921039581,0.06148188188672066,1.2141180038452148,0.0005391563754528761,0.000244140625,0.5118626356124878
778,1593344,1832,0.4819371908903122,10.47,283,0.0008347518742084503,0.060698650777339935,1.2292848825454712,0.0009757392108440399,0.0023193359375,0.48552635312080383
779,1595392,1832,0.4525471103191376,13.6,287,-0.005166077986359596,0.0667584091424942,1.1870813369750977,0.0015219729393720627,0.0023193359375,0.49912723898887634
780,1597440,1832,0.5404793375730514,10.89,299,4.656706005334854e-05,0.06079302728176117,1.194009780883789,0.0003933636471629143,0.0,0.5091516971588135
781,1599488,1832,0.5315950417518616,10.69,295,0.0012958962470293045,0.07030126452445984,1.2020624876022339,0.00021199160255491734,0.0,0.4967109262943268
782,1601536,1832,0.5109256225824356,10.83,294,-0.0025471970438957214,0.06425770372152328,1.179560899734497,0.000728571554645896,0.0,0.4887537956237793
783,1603584,1832,0.45269586741924284,10.61,296,0.00011046230792999268,0.06601552665233612,1.1730356216430664,0.0004515228793025017,0.0003662109375,0.485992431640625
784,1605632,1832,0.47250247955322267,10.76,294,-0.003864513710141182,0.0661851018667221,1.1576653718948364,0.0004865580704063177,0.0,0.5044648051261902
785,1607680,1833,0.5127851247787476,9.58,309,0.001597837544977665,0.06700386106967926,1.1874308586120605,0.0016771922819316387,0.002197265625,0.4847651422023773
786,1609728,1832,0.4731719022989273,10.61,297,-0.0012557720765471458,0.06324989348649979,1.1783950328826904,0.00040221819654107094,0.0,0.47954487800598145
787,1611776,1833,0.5214462840557098,10.44,296,-0.004963320679962635,0.06585443764925003,1.1162470579147339,0.001747150206938386,0.0,0.484462171792984
788,1613824,1833,0.4631867778301239,10.1,317,-0.002426375402137637,0.07113394141197205,1.0915497541427612,0.0005817350465804338,0.0,0.47670814394950867
789,1615872,1833,0.6115057855844498,9.77,316,-0.0007127057760953903,0.06674885749816895,1.0799345970153809,0.00048272288404405117,0.0,0.47815924882888794
790,1617920,1833,0.43262148916721344,10.15,312,-0.0055639371275901794,0.06734976172447205,1.0968375205993652,0.0006924513727426529,0.0,0.4772948622703552
791,1619968,1833,0.5623239690065384,9.28,311,-0.00013424083590507507,0.06680091470479965,1.0986981391906738,0.00041466974653303623,0.0,0.466977059841156
792,1622016,1833,0.5124132233858109,9.35,314,-1.4963094145059586e-05,0.06922806054353714,1.1139930486679077,0.0002366041298955679,0.0,0.47191447019577026
793,1624064,1834,0.4145107436180115,9.26,319,-0.006377866491675377,0.06794854253530502,1.0876058340072632,0.0010278383269906044,0.0013427734375,0.46602946519851685
794,1626112,1834,0.5122347104549408,9.77,314,-0.00021897535771131516,0.0686090812087059,1.0697764158248901,0.0001631265040487051,0.0,0.4754287004470825
795,1628160,1834,0.5322793394327163,10.0,312,-0.0010991371236741543,0.06909175217151642,1.0827381610870361,0.00018292106688022614,0.0,0.4706205725669861
796,1630208,1834,0.532457850575447,9.38,323,-0.0012188665568828583,0.07058653980493546,1.0804790258407593,0.0004284640308469534,0.0,0.4606127142906189
797,1632256,1834,0.571401653289795,9.77,315,-0.0038346704095602036,0.06878477334976196,1.0776890516281128,0.0005498244427144527,0.000244140625,0.47597047686576843
798,1634304,1834,0.4931421494483948,9.76,320,-0.0025768140330910683,0.06908774375915527,1.0700733661651611,0.0002740479540079832,0.00048828125,0.47412335872650146
799,1636352,1834,0.4443024814128876,8.75,309,-0.0055683329701423645,0.06632278114557266,1.008622407913208,0.002944501116871834,0.00146484375,0.47125354409217834
800,1638400,1834,0.582056200504303,9.09,336,-0.0031587276607751846,0.07281792163848877,0.972353458404541,0.0008895136415958405,0.0,0.48762714862823486
801,1640448,1834,0.45360330581665037,9.32,328,-0.0011360039934515953,0.07169647514820099,0.9624051451683044,5.455547943711281e-05,0.0,0.48596659302711487
802,1642496,1835,0.5230380135774613,8.74,337,-0.0025578374043107033,0.07624251395463943,1.0240998268127441,0.0002119322307407856,0.0,0.4753172993659973
803,1644544,1835,0.4732314044237137,9.47,336,-0.003945516422390938,0.07252027839422226,1.0156928300857544,0.0005437205545604229,0.0003662109375,0.4752767086029053
804,1646592,1835,0.6012975209951401,9.28,322,-0.001921047456562519,0.06999559700489044,1.029049038887024,0.00016851164400577545,0.0,0.48032620549201965
805,1648640,1835,0.5723834699392318,9.26,329,-0.0024652816355228424,0.0714653730392456,1.0561153888702393,0.0004417635500431061,0.0,0.4708095192909241
806,1650688,1835,0.4426214879751205,10.6,304,-0.0005279220640659332,0.0671236515045166,1.0671539306640625,0.00020707352086901665,0.00048828125,0.46869373321533203
807,1652736,1836,0.5814314031600952,9.73,312,-0.0004164455458521843,0.06600974500179291,1.043028712272644,0.00017555523663759232,0.0,0.47861137986183167
808,1654784,1836,0.4536628097295761,9.16,327,0.0015441570430994034,0.07593189924955368,1.078249216079712,0.0009491941891610622,0.0,0.47299331426620483
809,1656832,1836,0.5128148770332337,9.21,324,-0.0010998547077178955,0.06725286692380905,1.1063928604125977,0.0005521574057638645,0.0009765625,0.4641358554363251
810,1658880,1836,0.5125173550844192,9.63,308,-0.00046390853822231293,0.06920795142650604,1.0682964324951172,0.0002886950969696045,0.0,0.46561717987060547
811,1660928,1836,0.45510578513145444,8.22,337,0.00014447327703237534,0.07256392389535904,1.036374568939209,0.000498361187055707,0.0,0.4604840874671936
812,1662976,1835,0.5616247934103012,9.63,314,-0.0015755239874124527,0.07239924371242523,1.0187230110168457,0.0013469713740050793,0.0040283203125,0.46047699451446533
813,1665024,1835,0.48393057703971865,8.58,345,-0.005295909009873867,0.07155776768922806,0.9958630800247192,0.0013126495759934187,0.00439453125,0.4631493389606476
814,1667072,1835,0.5616545456647873,9.45,316,-0.004165902733802795,0.06784002482891083,0.9760795831680298,0.0019302028231322765,0.0008544921875,0.4518352746963501
815,1669120,1835,0.5529785144329071,8.5,335,-0.0026500727981328964,0.07136373966932297,0.9425742030143738,0.0013197907246649265,0.0030517578125,0.44671186804771423
816,1671168,1835,0.4838264489173889,8.72,336,-0.0016646143049001694,0.07546111941337585,0.9005633592605591,0.0006096551660448313,0.001220703125,0.4561913013458252
817,1673216,1835,0.4534991729259491,8.97,331,-0.0009402129799127579,0.0719376727938652,0.9013707637786865,0.0003401404246687889,0.0001220703125,0.44973427057266235
818,1675264,1835,0.5030231410264969,9.0,344,-0.0015463684685528278,0.07397720962762833,0.8659490346908569,0.000630122609436512,0.00048828125,0.45029714703559875
819,1677312,1835,0.44434710681438444,8.45,335,-0.0012904517352581024,0.07284471392631531,0.8535726070404053,0.0005077007226645947,0.0008544921875,0.4567512273788452
820,1679360,1835,0.464852893948555,7.78,351,-0.002868667244911194,0.07720296829938889,0.8409557938575745,0.0005401598755270243,0.0001220703125,0.45774245262145996
821,1681408,1835,0.4838413220643997,8.83,345,-0.0017375051975250244,0.07460416853427887,0.8498140573501587,0.0002804053947329521,0.0,0.4580365717411041
822,1683456,1834,0.523231406211853,8.52,340,-0.0007075504399836063,0.07476596534252167,0.8404585719108582,0.0010014725849032402,0.0013427734375,0.4645119309425354
823,1685504,1834,0.592175206542015,8.86,351,-0.003687385469675064,0.07511398196220398,0.8528968691825867,0.0009372138883918524,0.007080078125,0.45674604177474976
824,1687552,1834,0.5821305799484253,8.82,343,-0.0023943204432725906,0.07402646541595459,0.8764773607254028,0.0003593745641410351,0.0,0.4570804834365845
825,1689600,1834,0.553930578827858,7.27,359,-0.0009275404736399651,0.07528835535049438,0.8818533420562744,0.0003159905318170786,0.000244140625,0.46015921235084534
826,1691648,1834,0.45424297332763675,8.5,349,-0.002348579466342926,0.07490770518779755,0.8501556515693665,0.0003829742781817913,0.0,0.4603458344936371
827,1693696,1834,0.5328446292877197,8.7,345,0.0010086940601468086,0.07302536070346832,0.845116376876831,0.0002501781564205885,0.0,0.45809870958328247
828,1695744,1834,0.52397520840168,8.02,351,-0.0016759298741817474,0.07513483613729477,0.883661687374115,0.000480937073007226,0.0,0.4594067931175232
829,1697792,1834,0.5432462811470031,8.37,342,-0.0007522515952587128,0.07414019107818604,0.8907375931739807,0.0002880101092159748,0.0,0.46046125888824463
830,1699840,1834,0.4942429769039154,7.94,361,-0.0013597197830677032,0.07639314234256744,0.912458062171936,0.00024137180298566818,0.0,0.45567959547042847
831,1701888,1834,0.5034694224596024,9.05,335,-0.0025010481476783752,0.07103397697210312,0.919776201248169,0.00031602848321199417,0.0,0.45781636238098145
832,1703936,1834,0.5627702498435974,8.63,345,-0.0004960717633366585,0.07116512209177017,0.9299302697181702,0.0002104544546455145,0.0,0.4597528576850891
833,1705984,1834,0.4642429757118225,9.11,325,0.00015764916315674782,0.07093227654695511,0.9549266695976257,0.00021357787773013115,0.0,0.45322227478027344
834,1708032,1834,0.41486777007579806,8.52,331,-0.0012301523238420486,0.07199244946241379,0.9536849856376648,0.00014092610217630863,0.0,0.45777902007102966
835,1710080,1834,0.5230826449394226,8.23,339,-0.0011366009712219238,0.07055247575044632,0.935836136341095,0.0003115534782409668,0.0,0.46231764554977417
836,1712128,1834,0.5823090940713882,8.67,342,-0.000536646693944931,0.07135671377182007,0.9378815293312073,8.033355697989464e-05,0.0003662109375,0.45753926038742065
837,1714176,1835,0.5137520688772201,8.86,336,-0.0026558805257081985,0.07556616514921188,0.9480773210525513,0.0014892565086483955,0.0003662109375,0.4600555896759033
838,1716224,1835,0.47375206589698793,8.74,331,-0.002288874238729477,0.07236642390489578,0.9367530345916748,0.00034293346107006073,0.0,0.4599308371543884
839,1718272,1835,0.5434991729259491,8.73,335,-0.0027813841588795185,0.06993535161018372,0.9263699650764465,0.0007628598250448704,0.0,0.45846718549728394
840,1720320,1835,0.5138710731267929,8.15,352,-0.001034267246723175,0.07328523695468903,0.9057604670524597,0.00023273215629160404,0.00048828125,0.4546744227409363
841,1722368,1835,0.4942280977964401,8.58,337,-0.0033022984862327576,0.07620600610971451,0.8708715438842773,0.0001133305486291647,0.0,0.44502657651901245
842,1724416,1835,0.47430247962474825,8.7,331,-0.0020425114780664444,0.07566516101360321,0.8963250517845154,0.00034199049696326256,0.000732421875,0.4373836815357208
843,1726464,1835,0.47363305985927584,9.02,335,-0.0002778768539428711,0.07175854593515396,0.9061071872711182,5.194311961531639e-05,0.0,0.43861621618270874
844,1728512,1835,0.5128892558813095,9.19,334,-0.0016662683337926865,0.06953951716423035,0.9303553700447083,0.00024081440642476082,0.0,0.44391030073165894
845,1730560,1835,0.4149719023704529,8.1,344,-0.001739082857966423,0.07590030878782272,0.9011997580528259,0.00021306192502379417,0.0,0.44488170742988586
846,1732608,1835,0.43407933950424193,8.6,339,0.0003368849866092205,0.07450486719608307,0.9203413724899292,0.00012731575407087803,0.0,0.4456494450569153
847,1734656,1835,0.5236181825399399,8.27,341,-0.0012483876198530197,0.0719810277223587,0.9145918488502502,0.00021992088295519352,0.0,0.4476855397224426
848,1736704,1835,0.543305783867836,8.05,337,-0.0017408598214387894,0.07339033484458923,0.927735447883606,0.00036642630584537983,0.0001220703125,0.44493407011032104
849,1738752,1834,0.5230826419591904,8.74,340,0.0033895764499902725,0.07309048622846603,0.9497213363647461,0.0017044327687472105,0.0032958984375,0.44323432445526123
850,1740800,1834,0.5926661157608032,8.21,330,0.001546403393149376,0.07590422034263611,0.9834569692611694,0.0009221404325217009,0.00439453125,0.43281489610671997
851,1742848,1834,0.49366280913352967,9.05,329,-0.0005548857152462006,0.07428200542926788,0.9611600041389465,0.001455599209293723,0.0059814453125,0.44078528881073
852,1744896,1834,0.42412396728992463,8.87,331,0.0017289761453866959,0.07311861962080002,0.9830509424209595,0.0008309413678944111,0.0015869140625,0.43391522765159607
853,1746944,1834,0.5032760339975357,8.51,328,-0.003600919619202614,0.0693708211183548,1.0034654140472412,0.0003439830616116524,0.0009765625,0.4368738532066345
854,1748992,1834,0.513365289568901,8.51,329,-0.0019789431244134903,0.07599037140607834,0.9827173352241516,0.0001819990575313568,0.0,0.44623690843582153
855,1751040,1834,0.5326958668231964,9.47,326,0.0004771854728460312,0.07122345268726349,0.9730592370033264,0.0006954043637961149,0.0006103515625,0.43648818135261536
856,1753088,1834,0.5529041337966919,8.94,342,-0.002175451023504138,0.07399390637874603,0.9848307371139526,0.0009706218261271715,0.009033203125,0.4407719671726227
857,1755136,1834,0.44338016748428344,9.38,327,0.00046163424849510193,0.07379389554262161,0.9599002599716187,0.0011242672335356474,0.0054931640625,0.4414655566215515
858,1757184,1834,0.5037371915578842,8.11,346,-0.004365455359220505,0.07532358914613724,0.996002733707428,0.000991768203675747,0.0064697265625,0.44189178943634033
859,1759232,1834,0.3847933894395828,8.35,334,-0.000788259319961071,0.0716928020119667,0.9516335129737854,0.0001246160827577114,0.0,0.4437478184700012
860,1761280,1834,0.46390082716941833,8.65,330,-0.004168840125203133,0.07070186734199524,0.9780555367469788,0.000608938978984952,0.00048828125,0.446470707654953
861,1763328,1834,0.4341239684820175,8.51,339,0.0002441834658384323,0.07478752732276917,0.9856613874435425,0.00021906872279942036,0.0,0.4502450227737427
862,1765376,1834,0.5912231403589249,8.98,325,-0.0015312368050217628,0.07232323288917542,0.9859488010406494,0.00010413280688226223,0.0,0.44716310501098633
863,1767424,1834,0.5035289257764817,8.93,336,-7.737241685390472e-05,0.07099074870347977,0.9688950777053833,0.0004951506853103638,0.0003662109375,0.44990551471710205
864,1769472,1835,0.483856201171875,8.45,345,-0.0015441887080669403,0.07504236698150635,1.0067821741104126,0.00017276755534112453,0.0,0.4482910931110382
865,1771520,1835,0.47352892577648165,8.8,327,0.00026946142315864563,0.0720498189330101,0.9947171807289124,0.0001814605202525854,0.0,0.4473536014556885
866,1773568,1835,0.45409421503543856,8.9,322,-0.0011236350983381271,0.06765509396791458,0.9887851476669312,8.616247214376926e-05,0.0,0.4512275457382202
867,1775616,1835,0.42394545376300813,8.91,328,-0.0014709960669279099,0.06968128681182861,1.0095643997192383,0.0014060749672353268,0.0025634765625,0.45135337114334106
868,1777664,1835,0.4736479336023331,8.89,329,-0.001985054463148117,0.06986583024263382,0.9837048053741455,0.0014647433999925852,0.0048828125,0.45176658034324646
869,1779712,1835,0.4036479341983795,9.88,312,0.0017073936760425568,0.06862862408161163,1.030066728591919,0.000659736106172204,0.000732421875,0.453256756067276
870,1781760,1835,0.4822644621133804,9.44,315,-0.005236014723777771,0.06473594903945923,1.0521513223648071,0.0011521426495164633,0.0062255859375,0.4484124183654785
871,1783808,1836,0.5133504128456116,9.17,329,-0.006500516086816788,0.0712750032544136,1.0358332395553589,0.0019792241510003805,0.00537109375,0.45329293608665466
872,1785856,1836,0.4731123977899551,9.68,332,0.0024884166195988655,0.07552263140678406,1.0512195825576782,0.00062136584892869,0.000732421875,0.4531165361404419
873,1787904,1836,0.4340793389081955,9.22,326,-0.0021498017013072968,0.06984647363424301,1.0149967670440674,0.0009985652286559343,0.0023193359375,0.46570727229118347
874,1789952,1836,0.5231272721290589,9.26,332,-0.0022766366600990295,0.07535834610462189,1.0547661781311035,0.0014609224162995815,0.0067138671875,0.4605843722820282
875,1792000,1836,0.43321653008461,10.33,307,-0.0012470807414501905,0.06380142271518707,1.052852749824524,0.00041747489012777805,0.0064697265625,0.460521936416626
876,1794048,1835,0.40401983439922334,9.34,326,-0.008068179711699486,0.0699891597032547,1.1038997173309326,0.0019982524681836367,0.0096435546875,0.4634625315666199
877,1796096,1835,0.5516842967271804,9.95,298,0.00011595897376537323,0.06365244835615158,1.093606948852539,0.0028233814518898726,0.0086669921875,0.45566898584365845
878,1798144,1835,0.4048231393098831,8.76,305,-0.011650621891021729,0.063046894967556,1.0394245386123657,0.002617125865072012,0.01220703125,0.4559798240661621
879,1800192,1835,0.48302314162254334,8.87,330,-0.0036974214017391205,0.07275692373514175,1.0246062278747559,0.0002191769890487194,0.0,0.46746641397476196
880,1802240,1835,0.4534099179506302,9.51,325,-0.0018293699249625206,0.07413829863071442,1.023353934288025,0.0001555264461785555,0.002197265625,0.4660872220993042
881,1804288,1835,0.4635140496492386,9.47,320,-0.0014479365199804306,0.06944416463375092,1.0423797369003296,0.00020112842321395874,0.0,0.4715881943702698
882,1806336,1835,0.5518033039569855,9.87,317,0.0015033707022666931,0.06672843545675278,1.063507080078125,0.0004356387071311474,0.0,0.46283453702926636
883,1808384,1835,0.4625768578052521,9.75,310,0.0005100630223751068,0.0690702348947525,1.0846253633499146,0.000912518473342061,0.0025634765625,0.465448796749115
884,1810432,1835,0.532041323184967,9.9,312,-0.00012141186743974686,0.06966722011566162,1.069557785987854,0.0008610831573605537,0.00537109375,0.45615506172180176
885,1812480,1835,0.40471900880336764,10.61,301,-0.001749376766383648,0.0636490136384964,1.0818753242492676,0.00014714524149894714,0.0,0.4558025598526001
886,1814528,1835,0.5325322288274765,8.81,331,-0.0006105378270149231,0.07347758114337921,1.0477619171142578,0.0002656674478203058,0.0003662109375,0.4592384397983551
887,1816576,1836,0.48349917352199556,8.85,331,-0.0030648373067378998,0.07129967212677002,1.0278414487838745,0.0001388639211654663,0.0,0.4621572196483612
888,1818624,1836,0.41418347239494324,9.07,340,-0.0063735805451869965,0.07529092580080032,1.083708643913269,0.0008818584028631449,0.01611328125,0.4639599323272705
889,1820672,1836,0.42451074182987214,9.06,326,-0.0016248156316578388,0.06993767619132996,1.0777426958084106,0.0004929068963974714,0.0001220703125,0.46287187933921814
890,1822720,1836,0.4830528926849365,9.54,316,-0.0025906451046466827,0.062087610363960266,1.0482181310653687,0.00028993794694542885,0.0006103515625,0.4639325439929962
891,1824768,1836,0.48354379773139955,8.94,318,-0.0014437856152653694,0.0709092989563942,1.1038237810134888,0.0013110791333019733,0.002685546875,0.4597324728965759
892,1826816,1836,0.5605239641666412,11.11,296,-0.003877457231283188,0.06061331555247307,1.0724393129348755,0.002822334412485361,0.0093994140625,0.4576756954193115
893,1828864,1836,0.4819371896982193,10.08,312,-0.003744903951883316,0.06715991348028183,1.11785089969635,0.001161583000794053,0.004638671875,0.45415669679641724
894,1830912,1835,0.5019223135709763,10.18,291,-0.004143859259784222,0.06036703288555145,1.0784138441085815,0.004053518641740084,0.03662109375,0.45297786593437195
895,1832960,1835,0.47379669785499573,9.25,329,0.002062566578388214,0.06822548061609268,1.07906973361969,0.0018971932586282492,0.007080078125,0.46813496947288513
896,1835008,1835,0.5019371891021729,10.76,308,-0.001136772334575653,0.06952803581953049,1.080805778503418,8.911918848752975e-05,0.0,0.4549782872200012
897,1837056,1836,0.47287437915802,9.31,311,0.0005310866981744766,0.0666024312376976,1.0552244186401367,0.0011840320657938719,0.0020751953125,0.4629831612110138
898,1839104,1836,0.5314462810754776,9.79,320,-0.0006250292062759399,0.07057303190231323,1.0448285341262817,0.00044332374818623066,0.0,0.4647260904312134
899,1841152,1836,0.5413867753744125,9.67,307,-0.0007382133044302464,0.06453324854373932,1.0794973373413086,0.00044210185296833515,0.0,0.45662227272987366
900,1843200,1836,0.45396033108234407,9.5,310,-0.0016398876905441284,0.07031464576721191,1.0262033939361572,0.001167092937976122,0.0029296875,0.46128177642822266
901,1845248,1836,0.49312727093696596,9.05,319,-0.0016033356077969074,0.06940655410289764,1.002299189567566,0.00020782859064638615,0.0,0.4629320800304413
902,1847296,1836,0.4534545463323593,9.11,326,-0.0007757460698485374,0.0735614150762558,0.9940250515937805,4.6300701797008514e-05,0.0,0.46326279640197754
903,1849344,1835,0.5319669419527053,10.25,313,0.0005924161523580551,0.07086390256881714,0.9812156558036804,5.061342380940914e-05,0.0,0.46189752221107483
904,1851392,1835,0.5134099161624909,8.39,333,-0.0005978792905807495,0.0732191950082779,0.9801894426345825,0.00011885212734341621,0.0,0.46761173009872437
905,1853440,1835,0.6113867765665054,9.19,333,-0.001064985990524292,0.07073661684989929,0.9771670699119568,6.728759035468102e-05,0.0,0.4658743143081665
906,1855488,1835,0.47404958605766295,8.29,334,-0.00033384189009666443,0.07457902282476425,0.9883812665939331,3.1646573916077614e-05,0.0,0.4656062722206116
907,1857536,1835,0.46394545495510103,8.59,334,-0.0011394629254937172,0.07320648431777954,0.9968122243881226,0.00011587166227400303,0.0,0.4601585268974304
908,1859584,1835,0.47257686078548433,10.24,312,-0.0004857257008552551,0.06838815659284592,1.005471110343933,6.27441331744194e-05,0.0,0.46210604906082153
909,1861632,1836,0.5423388421535492,9.12,324,-0.00011915713548660278,0.07181167602539062,0.9803022742271423,4.164176061749458e-05,0.0,0.47126686573028564
910,1863680,1836,0.6518033063411712,8.78,326,0.0002875039353966713,0.07190532982349396,1.021480917930603,3.869552165269852e-05,0.0,0.4601949453353882
911,1865728,1836,0.5727107429504394,8.99,324,-0.0003702174872159958,0.06881903111934662,1.0056614875793457,2.710847184062004e-05,0.0,0.46671223640441895
912,1867776,1836,0.533157024383545,8.9,331,4.190951585769653e-06,0.07395026087760925,1.0075774192810059,9.240489453077316e-05,0.0,0.46558037400245667
913,1869824,1836,0.5327107405662537,9.19,327,-0.001023072749376297,0.07413414120674133,1.0080486536026,3.066123463213444e-05,0.0,0.4642767310142517
914,1871872,1836,0.5322495877742768,9.14,326,-0.0003098072484135628,0.06996384263038635,0.9563837051391602,3.092503175139427e-05,0.0,0.4670068323612213
915,1873920,1836,0.41364793479442596,9.1,328,6.788410246372223e-05,0.07073676586151123,0.9824730753898621,3.626896068453789e-05,0.0,0.468369722366333
916,1875968,1836,0.44412396728992465,8.76,335,-0.0007046815007925034,0.07192640751600266,0.9900172352790833,3.212993033230305e-05,0.0,0.4626767635345459
917,1878016,1836,0.48336528956890107,9.36,326,-0.00031245313584804535,0.0699065551161766,0.9907286763191223,2.1007144823670387e-05,0.0,0.45514631271362305
918,1880064,1836,0.4438561999797821,9.26,323,-0.0012241005897521973,0.0753093957901001,0.9708406925201416,8.009141311049461e-05,0.0,0.46520745754241943
919,1882112,1836,0.49342479288578034,9.1,335,-0.001034528948366642,0.07122183591127396,0.9730253219604492,7.219379767775536e-05,0.0,0.4685803949832916
920,1884160,1836,0.561818180680275,9.31,322,-0.000812038779258728,0.06875678896903992,0.9568189978599548,4.852656275033951e-05,0.0,0.4669882655143738
921,1886208,1836,0.4242281007766724,9.09,327,-0.00022399239242076874,0.0732567235827446,0.9821374416351318,4.670699127018452e-05,0.0,0.4622299373149872
922,1888256,1836,0.5135586786270142,8.43,330,-0.00034955237060785294,0.07374664396047592,0.9660698771476746,2.948148176074028e-05,0.0,0.46625131368637085
923,1890304,1836,0.46494214713573456,7.85,340,-0.0004730578511953354,0.0728079155087471,0.9666832685470581,0.0001346662174910307,0.0,0.47607386112213135
924,1892352,1836,0.5037223154306412,8.49,326,-0.0005069281905889511,0.07164449989795685,0.9718330502510071,8.736294694244862e-05,0.0,0.4639773666858673
925,1894400,1836,0.4934545433521271,8.54,338,-7.433118298649788e-05,0.07407550513744354,0.9411652088165283,2.141529694199562e-05,0.0,0.46224474906921387
926,1896448,1836,0.48367768585681914,9.01,336,-0.0004529505968093872,0.074661985039711,0.9378018379211426,1.8005724996328354e-05,0.0,0.46501076221466064
927,1898496,1837,0.5030380189418793,8.51,340,-0.00010895729064941406,0.0703941136598587,0.9451101422309875,2.5146640837192535e-05,0.0,0.46158677339553833
928,1900544,1837,0.5334099191427231,8.4,341,7.066875696182251e-06,0.07254080474376678,0.9669210910797119,3.207242116332054e-05,0.0,0.4696243107318878
929,1902592,1837,0.4735438013076782,8.75,331,-0.0005824137479066849,0.0724794864654541,0.9554386138916016,2.5323359295725822e-05,0.0,0.471891850233078
930,1904640,1836,0.4437371915578842,9.0,340,-0.0002496875822544098,0.07088753581047058,0.9794892072677612,6.7942775785923e-05,0.0,0.4668685793876648
931,1906688,1836,0.5426363635063172,8.69,337,-0.00028006453067064285,0.07097545266151428,0.9786723256111145,6.382819265127182e-06,0.0,0.46917933225631714
932,1908736,1835,0.4539752066135406,8.85,330,0.00030835624784231186,0.06850534677505493,0.9477671384811401,2.7163419872522354e-05,0.0,0.4737442135810852
933,1910784,1835,0.5138413214683533,8.37,341,-6.626918911933899e-05,0.07212570309638977,0.9393452405929565,1.6143545508384705e-05,0.0,0.4699154496192932
934,1912832,1836,0.49369256138801576,8.38,328,-0.00036572013050317764,0.06996088474988937,0.9213950634002686,8.666189387440681e-06,0.0,0.4682086110115051
935,1914880,1836,0.50363305747509,8.55,340,-0.00011444650590419769,0.07569573819637299,0.9594842195510864,1.488393172621727e-05,0.0,0.46612295508384705
936,1916928,1836,0.4639305782318115,8.2,338,-0.0002836761996150017,0.07286708056926727,0.9337537884712219,3.414764069020748e-05,0.0,0.46714305877685547
937,1918976,1836,0.4339305782318115,8.93,338,-0.0010535065084695816,0.072751484811306,0.9848350882530212,6.647733971476555e-05,0.0,0.4636419117450714
938,1921024,1836,0.44393057823181153,9.07,331,-0.0002535765524953604,0.07456144690513611,0.9758288264274597,1.0281335562467575e-05,0.0,0.4726924002170563
939,1923072,1835,0.43404958844184877,9.09,334,-0.0010172901675105095,0.07266899198293686,0.9548740983009338,3.9650360122323036e-05,0.0,0.4680887460708618
940,1925120,1836,0.581401652097702,9.45,327,-1.5458092093467712e-05,0.07463438808917999,0.9551635384559631,1.5325378626585007e-05,0.0,0.4708186984062195
941,1927168,1836,0.4431421482563019,9.17,333,-0.000787045806646347,0.0724361315369606,0.9755270481109619,2.0461389794945717e-05,0.0,0.4681823253631592
942,1929216,1836,0.4533801662921906,9.45,326,-2.6920810341835022e-05,0.07182750105857849,0.9767887592315674,7.75093212723732e-06,0.0,0.4706602096557617
943,1931264,1836,0.44372231543064117,8.91,321,-0.0003048866055905819,0.06474748998880386,0.9977898597717285,3.4282682463526726e-05,0.0,0.47005701065063477
944,1933312,1836,0.5426809895038605,8.34,331,-0.0004025539383292198,0.06972292065620422,0.9809985160827637,1.9761035218834877e-05,0.0,0.4694433808326721
945,1935360,1836,0.5032909083366394,8.72,334,-9.377487003803253e-05,0.0727228969335556,1.0031119585037231,6.697839125990868e-06,0.0,0.4659411311149597
946,1937408,1836,0.4741834712028503,8.21,333,-4.500243812799454e-05,0.07338613271713257,0.9901221990585327,2.0199455320835114e-05,0.0,0.46922990679740906
947,1939456,1836,0.4533206582069397,9.14,324,-0.0009520947933197021,0.07263068854808807,0.9913344979286194,1.6320962458848953e-05,0.0,0.4761383533477783
948,1941504,1836,0.5131867760419846,8.89,324,2.5433488190174103e-05,0.07118920981884003,1.0268707275390625,1.9474653527140617e-05,0.0,0.46492233872413635
949,1943552,1836,0.483350413441658,9.09,322,-0.00016003474593162537,0.06719235330820084,0.96681809425354,4.332279786467552e-06,0.0,0.4728270173072815
950,1945600,1836,0.5034396696090698,8.67,332,-0.0004082322120666504,0.07087578624486923,0.9949604868888855,4.973728209733963e-06,0.0,0.4662063419818878
951,1947648,1837,0.45336528778076174,9.77,327,9.065307676792145e-05,0.07221408933401108,0.9763975739479065,8.46991315484047e-06,0.0,0.46982327103614807
952,1949696,1837,0.4943173545598984,9.14,331,-0.00021446822211146355,0.0714278519153595,0.9801347851753235,9.352574124932289e-06,0.0,0.4671502113342285
953,1951744,1837,0.4743024778366089,8.14,331,-0.0002566501498222351,0.07095044106245041,1.0156550407409668,4.6298373490571976e-06,0.0,0.4715918004512787
954,1953792,1837,0.5033206623792649,8.81,331,-9.091570973396301e-05,0.07174169272184372,0.9695388674736023,1.9730068743228912e-06,0.0,0.4672028720378876
955,1955840,1837,0.482576858997345,10.05,316,-0.0003447672352194786,0.0720565915107727,0.9840195178985596,6.59748911857605e-06,0.0,0.47295570373535156
956,1957888,1837,0.5037371903657913,8.69,331,-5.509704351425171e-06,0.0726446583867073,0.9879821538925171,1.7513521015644073e-06,0.0,0.4731784462928772
957,1959936,1837,0.4241090911626816,9.04,322,7.086247205734253e-05,0.07322758436203003,0.986556887626648,9.536510333418846e-06,0.0,0.4664995074272156
958,1961984,1837,0.5521603310108185,9.4,325,-0.00010385224595665932,0.07006663084030151,1.009842038154602,4.962552338838577e-06,0.0,0.4701332449913025
959,1964032,1837,0.42442148804664614,8.92,320,-1.815706491470337e-05,0.06865574419498444,1.0150099992752075,2.4104956537485123e-06,0.0,0.46484220027923584
960,1966080,1837,0.40397520899772643,9.44,312,-0.0002479124814271927,0.06791091710329056,1.013295292854309,3.5052653402090073e-06,0.0,0.471277117729187
961,1968128,1837,0.4637520653009415,8.82,329,-0.00022324826568365097,0.07059174031019211,0.9981179237365723,6.69318251311779e-06,0.0,0.46822792291641235
962,1970176,1837,0.5228148758411407,9.14,330,1.7406418919563293e-05,0.0716077983379364,1.0092644691467285,1.3187527656555176e-06,0.0,0.46906596422195435
963,1972224,1837,0.5526066118478775,9.15,316,-0.0002816673368215561,0.0677189901471138,0.9857895374298096,5.000969395041466e-06,0.0,0.4679274559020996
964,1974272,1837,0.5125322329998017,9.64,319,-0.00020641088485717773,0.07115472108125687,0.9744384288787842,2.291519194841385e-06,0.0,0.47277677059173584
965,1976320,1837,0.3944661170244217,9.08,330,0.00012040510773658752,0.07289779186248779,0.979108989238739,2.6938505470752716e-06,0.0,0.470669686794281
966,1978368,1837,0.43355867922306063,9.53,320,1.431535929441452e-05,0.06935399770736694,1.00186288356781,1.0190997272729874e-06,0.0,0.4649379849433899
967,1980416,1837,0.4735735523700714,8.99,339,-3.5177916288375854e-05,0.07145176082849503,1.0077040195465088,2.616550773382187e-06,0.0,0.4690433144569397
968,1982464,1837,0.4739157038927078,8.89,334,-0.00013846391811966896,0.06961198896169662,1.0080422163009644,1.27498060464859e-06,0.0,0.470237135887146
969,1984512,1837,0.5228743815422058,9.06,325,-0.00012034643441438675,0.07113070785999298,0.9693965315818787,2.2756867110729218e-06,0.0,0.47375550866127014
970,1986560,1838,0.35523966789245603,8.68,338,-0.00011519179679453373,0.07341893017292023,1.0134224891662598,4.707835614681244e-07,0.0,0.4684883654117584
971,1988608,1838,0.47397520661354064,8.72,326,-0.00018785521388053894,0.07638335973024368,1.0313451290130615,1.2372620403766632e-06,0.0,0.4628159999847412
972,1990656,1838,0.5524727255105972,9.07,322,-7.511302828788757e-05,0.06990078836679459,0.9759553074836731,1.0600779205560684e-06,0.0,0.4726366400718689
973,1992704,1838,0.5422644627094269,9.8,308,-3.896653652191162e-06,0.06878425925970078,0.9915444850921631,3.257300704717636e-07,0.0,0.47451677918434143
974,1994752,1838,0.42443636417388914,9.17,329,-3.451108932495117e-05,0.07096003741025925,0.963927149772644,6.472691893577576e-08,0.0,0.46945720911026
975,1996800,1838,0.5017735558748245,10.0,314,-8.0818310379982e-05,0.06690260767936707,1.0334842205047607,1.1944212019443512e-07,0.0,0.4665604829788208
976,1998848,1838,0.46387107610702516,9.26,332,-7.003545761108398e-07,0.07522345334291458,0.9589138031005859,2.561137080192566e-09,0.0,0.47066208720207214
