update,frames,fps,ep_return,ep_len,n_episodes,pg_loss,v_loss,entropy,approx_kl,clipfrac,enc_activity
1,2048,1868,0.0,32.0,1,-0.002006394788622856,7.157567779358942e-06,1.9457964897155762,0.00010988907888531685,0.0,0.044701505452394485
2,4096,1953,0.20926035940647125,152.0,4,-0.009184659458696842,0.0006312549812719226,1.9202877283096313,0.022218070924282074,0.144775390625,0.0895821750164032
3,6144,1937,0.24422091245651245,212.66666666666666,6,-0.00623803585767746,0.0001848086540121585,1.903123140335083,0.012281468138098717,0.0379638671875,0.09391801059246063
4,8192,1916,0.3416906254632132,192.14285714285714,7,0.002211431972682476,0.0012916092528030276,1.9321917295455933,0.010014846920967102,0.056884765625,0.06875921040773392
5,10240,1919,0.26575937536027694,224.55555555555554,9,-0.0013094954192638397,5.179675099498127e-06,1.9400017261505127,0.0022042952477931976,0.0,0.05841810628771782
6,12288,1900,0.23918343782424928,225.1,10,-0.0011491291224956512,5.014266207581386e-06,1.9405959844589233,0.0001370010431855917,0.0,0.05863289535045624
7,14336,1903,0.23174170307491138,467.7826086956522,23,-0.013651387766003609,0.004740982316434383,1.9454373121261597,0.0029812934808433056,0.0013427734375,0.04863550886511803
8,16384,1899,0.21960693172046117,427.35714285714283,28,-0.009588070213794708,0.002476019086316228,1.9419887065887451,0.001991317607462406,0.0,0.05458976700901985
9,18432,1896,0.20856733033151337,434.1515151515151,33,0.0029967743903398514,0.0006262717652134597,1.9287729263305664,0.004917467478662729,0.0,0.06808049976825714
10,20480,1914,0.2334395387233832,411.9230769230769,39,0.009191803634166718,0.0015042299637570977,1.8888938426971436,0.014710377901792526,0.119140625,0.08873230218887329
11,22528,1938,0.2399740219116211,398.6829268292683,41,0.0023379940539598465,0.0014173826202750206,1.854367733001709,0.014251294545829296,0.068603515625,0.09965826570987701
12,24576,1952,0.24003681739171345,396.15555555555557,45,-0.008614819496870041,0.0016654827632009983,1.888525366783142,0.011629564687609673,0.011962890625,0.08374530076980591
13,26624,1973,0.2506685130139615,397.6808510638298,47,0.004537446424365044,0.002202054485678673,1.9017853736877441,0.00225986260920763,0.0284423828125,0.07589157670736313
14,28672,1979,0.23991807034382454,429.96153846153845,52,-0.0027245841920375824,0.00010220465628663078,1.9076844453811646,0.003929724916815758,0.0,0.07198692113161087
15,30720,1990,0.22128101346785561,443.03508771929825,57,-0.012911676429212093,8.440264355158433e-05,1.9101207256317139,0.003566527971997857,0.0,0.07115733623504639
16,32768,2004,0.21442284233986386,437.26984126984127,63,-0.0013820156455039978,0.0002239182940684259,1.9077035188674927,0.004815471358597279,0.012939453125,0.07240214943885803
17,34816,2013,0.21744378762585775,435.15714285714284,70,-0.009583930484950542,0.0011232519755139947,1.8742088079452515,0.011107108555734158,0.08837890625,0.08340509980916977
18,36864,2019,0.2275739651020259,436.67123287671234,73,-0.000394248403608799,0.0025805553887039423,1.8751208782196045,0.005768593400716782,0.058349609375,0.07952174544334412
19,38912,2021,0.2393081478583507,433.64102564102564,78,-0.014207804575562477,0.0018295088084414601,1.852011799812317,0.008985264226794243,0.07177734375,0.08397634327411652
20,40960,2028,0.23627893079685258,438.8481012658228,79,-0.01641257107257843,3.720441600307822e-05,1.8818366527557373,0.011590397916734219,0.035400390625,0.07450953125953674
21,43008,2034,0.22489199437290788,441.72289156626505,83,0.004844944924116135,3.7338235415518284e-05,1.9112385511398315,0.005637681111693382,0.01708984375,0.0641227662563324
22,45056,2034,0.22221470872561136,446.5238095238095,84,0.0010919831693172455,2.0589081032085232e-05,1.884994626045227,0.007085172459483147,0.0240478515625,0.07325360178947449
23,47104,2040,0.22561818769103603,448.30526315789473,95,-0.002313508652150631,0.002292717806994915,1.900052547454834,0.0018290919251739979,0.0338134765625,0.06809462606906891
24,49152,2037,0.23696686416864396,442.14,100,-0.018703129142522812,0.0020291185937821865,1.856040596961975,0.008056128397583961,0.0947265625,0.07989663630723953
25,51200,2028,0.24055502980947494,451.57,105,-0.011849700473248959,0.000621751940343529,1.7893455028533936,0.010103072971105576,0.0364990234375,0.09654679894447327
26,53248,2030,0.22500710040330887,462.01,102,-0.003511924296617508,6.53107272228226e-05,1.7955009937286377,0.006908020935952663,0.032958984375,0.0892481654882431
27,55296,2033,0.23023550301790238,459.3,104,-0.013165052980184555,0.0005275188595987856,1.7107179164886475,0.016661418601870537,0.166015625,0.10853420197963715
28,57344,2028,0.25692189365625384,418.87,108,-0.002866184338927269,0.0035690218210220337,1.7616660594940186,0.006222072523087263,0.02099609375,0.09936098009347916
29,59392,2024,0.2557289943099022,419.99,103,-0.0186551995575428,0.004067912697792053,1.668766736984253,0.014996109530329704,0.142822265625,0.11520899832248688
30,61440,2022,0.25722011893987656,435.35,108,-0.003303295001387596,0.005020279437303543,1.5263620615005493,0.017069421708583832,0.082275390625,0.14303070306777954
31,63488,2022,0.26799763351678846,426.99,104,-0.007832624018192291,0.005876109469681978,1.4649853706359863,0.005855066701769829,0.01220703125,0.14914965629577637
32,65536,2025,0.28853017777204515,429.9,112,0.007981818169355392,0.006917733233422041,1.4912223815917969,0.006123216822743416,0.023193359375,0.13433265686035156
33,67584,2030,0.34961656749248504,369.93,115,0.0027383980341255665,0.014281284995377064,1.569766640663147,0.007879676297307014,0.0570068359375,0.11822068691253662
34,69632,2032,0.36625207006931304,310.79,120,0.003652440384030342,0.009523848071694374,1.5030635595321655,0.004357399884611368,0.0152587890625,0.1290050446987152
35,71680,2036,0.38481420040130615,254.43,119,-0.0128573477268219,0.009725268930196762,1.4122731685638428,0.009592604823410511,0.052490234375,0.14082099497318268
36,73728,2037,0.38883195221424105,171.28,128,-0.005706422030925751,0.012617990374565125,1.4590280055999756,0.004041572567075491,0.0567626953125,0.14388348162174225
37,75776,2033,0.40288994133472444,115.11,123,-0.01706577092409134,0.01219102367758751,1.4150561094284058,0.005360439419746399,0.053466796875,0.14995048940181732
38,77824,2024,0.4389526617527008,72.28,144,-0.008313087746500969,0.023287508636713028,1.3934557437896729,0.001957035856321454,0.02880859375,0.14871230721473694
39,79872,2023,0.48810059189796445,60.2,146,-0.009840685874223709,0.019468605518341064,1.4074851274490356,0.0073526822961866856,0.0888671875,0.15478333830833435
40,81920,2019,0.5301680487394332,42.34,180,-0.0017069950699806213,0.03430570662021637,1.2846899032592773,0.006600630469620228,0.037353515625,0.17107835412025452
41,83968,2023,0.570829582810402,15.61,225,-0.00107567198574543,0.04537060484290123,1.084841012954712,0.004631510935723782,0.008544921875,0.18882663547992706
42,86016,2025,0.5133431947231293,14.06,238,-0.0017623864114284515,0.054510317742824554,1.1212886571884155,0.004293455742299557,0.0284423828125,0.1912112981081009
43,88064,2025,0.48248047292232515,13.8,241,-0.002237856388092041,0.05132174491882324,1.1202123165130615,0.0043196408078074455,0.0184326171875,0.2040056586265564
44,90112,2025,0.4139715987443924,13.74,247,-0.003792296163737774,0.052980080246925354,1.0977003574371338,0.002832618309184909,0.041748046875,0.1903533637523651
45,92160,2023,0.4630982255935669,14.33,245,-0.007029405795037746,0.05374826118350029,1.1504542827606201,0.005289297550916672,0.0350341796875,0.17286036908626556
46,94208,2019,0.49196922838687895,14.23,243,-0.0038059866055846214,0.05600542947649956,1.1631790399551392,0.004262441769242287,0.0079345703125,0.1715438961982727
47,96256,2016,0.43231005907058717,16.59,228,0.0007113078609108925,0.050576042383909225,1.1972951889038086,0.0011058384552598,0.0062255859375,0.16492238640785217
48,98304,2015,0.4713727807998657,16.14,230,-0.0074172914028167725,0.050000596791505814,1.1833875179290771,0.003678020089864731,0.0419921875,0.17239323258399963
49,100352,2016,0.4631621313095093,13.63,248,-0.0025816690176725388,0.05657248944044113,1.1719684600830078,0.0033927862532436848,0.0322265625,0.17451268434524536
50,102400,2017,0.48385443806648254,13.23,248,-0.007149089127779007,0.05279975011944771,1.0928400754928589,0.002258752938359976,0.0087890625,0.1809249222278595
51,104448,2015,0.4425976347923279,16.17,233,-0.00861513800919056,0.05219896882772446,1.0756081342697144,0.003439013147726655,0.0091552734375,0.18357542157173157
52,106496,2016,0.541979883313179,13.54,256,-0.008819366805255413,0.05402305722236633,1.0784683227539062,0.009017123840749264,0.039306640625,0.1814400851726532
53,108544,2017,0.4924378705024719,14.11,258,0.0003749057650566101,0.05939837917685509,1.157080888748169,0.00324992835521698,0.0133056640625,0.16893894970417023
54,110592,2016,0.5030982255935669,13.25,258,0.0008852230384945869,0.05920640751719475,1.1794354915618896,0.0021627878304570913,0.0018310546875,0.1589692234992981
55,112640,2014,0.4930662727355957,13.35,257,-0.008958229795098305,0.05964311212301254,1.1457359790802002,0.0032974332571029663,0.0255126953125,0.16958177089691162
56,114688,2017,0.5523420125246048,12.67,256,-0.001082040835171938,0.054669275879859924,1.1501960754394531,0.003790041198953986,0.0228271484375,0.1740567535161972
57,116736,2014,0.5617775148153306,14.42,245,0.002865748479962349,0.052382610738277435,1.2060341835021973,0.00428430363535881,0.0164794921875,0.17868593335151672
58,118784,2011,0.5707230758666992,15.19,224,-0.004833461716771126,0.04482167959213257,1.1439118385314941,0.003358368296176195,0.0128173828125,0.18285629153251648
59,120832,2011,0.41320473432540894,15.08,254,0.0027489811182022095,0.05485372245311737,1.080141305923462,0.0057477499358356,0.017333984375,0.17523729801177979
60,122880,2013,0.43404615461826324,13.11,256,-0.0013094767928123474,0.05893782526254654,1.078508734703064,0.0018587617669254541,0.00732421875,0.16939106583595276
61,124928,2013,0.5230982285737992,11.5,275,-0.004257827065885067,0.06363126635551453,1.1074885129928589,0.004068078473210335,0.0244140625,0.17667292058467865
62,126976,2012,0.47358816504478457,12.43,262,-0.010235343128442764,0.057331960648298264,1.116319179534912,0.0042695412412285805,0.0076904296875,0.19920867681503296
63,129024,2011,0.5415218925476074,14.57,246,0.01106235571205616,0.05529690906405449,1.0092912912368774,0.00616724556311965,0.01953125,0.19395536184310913
64,131072,2011,0.47325798630714416,14.24,245,-0.0037167035043239594,0.053563252091407776,1.0935773849487305,0.0023717274889349937,0.0074462890625,0.17499253153800964
65,133120,2006,0.4331727820634842,13.41,252,-0.009127840399742126,0.058839648962020874,1.2286584377288818,0.0029310560785233974,0.0208740234375,0.1559235155582428
66,135168,1995,0.43285325407981873,13.89,255,0.00898526981472969,0.057858552783727646,1.1423927545547485,0.004314296878874302,0.005126953125,0.15015721321105957
67,137216,1983,0.47297041475772855,13.09,240,-0.005399590358138084,0.0534580834209919,1.194170355796814,0.0026656552217900753,0.0164794921875,0.14868462085723877
68,139264,1980,0.4628426033258438,15.74,235,-0.005011578090488911,0.048922352492809296,1.2515475749969482,0.0028068493120372295,0.0125732421875,0.1441938430070877
69,141312,1973,0.45090414464473727,18.11,214,-0.0027630291879177094,0.039063770323991776,1.2222537994384766,0.00318815722130239,0.0157470703125,0.14827531576156616
70,143360,1974,0.5113514810800552,15.7,225,-0.003178433980792761,0.05220210552215576,1.2745205163955688,0.00431729294359684,0.0107421875,0.163349449634552
71,145408,1975,0.31437633275985716,16.55,227,0.002782195806503296,0.04434914141893387,1.2918221950531006,0.007430173456668854,0.04638671875,0.1611117124557495
72,147456,1975,0.48102130115032193,15.93,234,0.001992926001548767,0.0501413457095623,1.1930707693099976,0.006355557590723038,0.0220947265625,0.16668960452079773
73,149504,1973,0.4133112436532974,14.24,238,-0.010853717103600502,0.056508202105760574,1.2101669311523438,0.003682931186631322,0.0233154296875,0.166460782289505
74,151552,1969,0.45289585828781126,14.87,237,-0.01089693233370781,0.0565972663462162,1.1462726593017578,0.0049732038751244545,0.0550537109375,0.18181109428405762
75,153600,1967,0.5619266265630722,14.23,248,-0.01779399812221527,0.0588521771132946,1.2148507833480835,0.006437496282160282,0.0357666015625,0.18203872442245483
76,155648,1958,0.49309822380542756,13.52,250,-0.007302824407815933,0.05771172419190407,1.2023078203201294,0.002915422897785902,0.0087890625,0.19508817791938782
77,157696,1950,0.5710958582162857,14.48,246,0.0067104771733284,0.04985150322318077,1.191904902458191,0.0027781908866018057,0.0235595703125,0.2059634029865265
78,159744,1947,0.6014792895317078,12.98,257,-0.006761996075510979,0.05609266459941864,1.0504885911941528,0.00711028091609478,0.0477294921875,0.2214806079864502
79,161792,1943,0.5725550311803818,11.78,272,-0.006506801582872868,0.06450507789850235,1.0385006666183472,0.005184429697692394,0.021728515625,0.22891393303871155
80,163840,1936,0.4944508874416351,10.89,282,-0.005011841654777527,0.0628640353679657,1.038928508758545,0.0020389577839523554,0.025634765625,0.22746311128139496
81,165888,1930,0.36527100682258606,12.08,265,-0.0057032485492527485,0.0553399994969368,1.008683443069458,0.0030492099467664957,0.0098876953125,0.23776352405548096
82,167936,1924,0.4454307693243027,10.87,289,0.0013829758390784264,0.06910134851932526,0.9559566974639893,0.005798903293907642,0.01416015625,0.2224092185497284
83,169984,1916,0.4844508868455887,10.9,274,-0.00044791214168071747,0.05951119586825371,1.010370135307312,0.0019801610615104437,0.0126953125,0.20611047744750977
84,172032,1912,0.4936733710765839,11.71,264,0.0008526835590600967,0.05640202760696411,1.0171324014663696,0.00251888670027256,0.0057373046875,0.19823357462882996
85,174080,1907,0.5508615380525589,14.26,270,0.0003460608422756195,0.060058172792196274,0.9641204476356506,0.0035901949740946293,0.028076171875,0.19244928658008575
86,176128,1908,0.5338863915205002,11.11,287,-0.005192066542804241,0.06695021688938141,1.0224583148956299,0.003687529359012842,0.0086669921875,0.1786741316318512
87,178176,1908,0.47354556202888487,11.22,282,-0.0012932759709656239,0.05725304037332535,0.9393155574798584,0.002520828740671277,0.0068359375,0.20141372084617615
88,180224,1908,0.48422721862792967,11.06,278,-0.00347035750746727,0.06286300718784332,0.9676176309585571,0.0012887001503258944,0.0042724609375,0.19605010747909546
89,182272,1909,0.46366272389888763,12.33,273,0.00011234544217586517,0.06253039836883545,0.959258496761322,0.0013592587783932686,0.0113525390625,0.191572904586792
90,184320,1909,0.4852390521764755,10.2,294,-0.012815618887543678,0.06614382565021515,0.9261482357978821,0.0019408466760069132,0.012451171875,0.19109106063842773
91,186368,1905,0.5048343193531036,10.01,303,-0.0019288957118988037,0.06941214203834534,1.0139844417572021,0.005212917923927307,0.0264892578125,0.18333585560321808
92,188416,1897,0.4935881668329239,11.52,280,0.006562316790223122,0.06585252285003662,1.0536490678787231,0.004435610957443714,0.006103515625,0.18019868433475494
93,190464,1898,0.4746106517314911,10.99,265,-0.006213434971868992,0.05939200520515442,1.0869489908218384,0.0021913694217801094,0.0010986328125,0.1726343035697937
94,192512,1899,0.5714047360420227,13.84,250,0.004748504608869553,0.05501863732933998,1.0812689065933228,0.0016614063642919064,0.019775390625,0.17570188641548157
95,194560,1898,0.44274674654006957,12.79,276,-0.003940340131521225,0.06191472336649895,1.0425816774368286,0.004824424162507057,0.039794921875,0.1826578974723816
96,196608,1899,0.45446153819561,12.13,267,-0.008982524275779724,0.05790581926703453,0.9371508955955505,0.0036217679735273123,0.0087890625,0.19432908296585083
97,198656,1899,0.48454674422740934,10.08,293,0.001910296967253089,0.06947825103998184,1.0178850889205933,0.0046513015404343605,0.0191650390625,0.1745215654373169
98,200704,1898,0.4644615399837494,10.44,294,0.0005136020481586456,0.06499707698822021,0.9428555369377136,0.0058407410979270935,0.00830078125,0.192459374666214
99,202752,1894,0.44534556329250335,10.29,286,0.0010084202513098717,0.06057056784629822,0.7912969589233398,0.0058770552277565,0.0067138671875,0.22050043940544128
100,204800,1888,0.5130130183696747,10.83,301,-0.0004354054108262062,0.06942392885684967,0.7872270941734314,0.0025599675718694925,0.0211181640625,0.22918812930583954
101,206848,1884,0.513513610959053,10.95,301,0.002956794574856758,0.0657031387090683,0.6980715990066528,0.004834784660488367,0.0238037109375,0.2591732144355774
102,208896,1880,0.5248343193531037,9.72,319,-0.000948665663599968,0.0728471651673317,0.719360888004303,0.0014062246773391962,0.004150390625,0.2547197639942169
103,210944,1878,0.4554520708322525,8.74,326,0.0019309166818857193,0.07320143282413483,0.7790284752845764,0.0017579372506588697,0.0025634765625,0.24283874034881592
104,212992,1876,0.5451218950748443,8.52,331,-0.0006554741412401199,0.07275580614805222,0.648678719997406,0.0014750082045793533,0.000244140625,0.2462434619665146
105,215040,1876,0.535398815870285,8.33,337,0.0024136006832122803,0.0732782632112503,0.7176893949508667,0.000741556053981185,0.0015869140625,0.23885378241539001
106,217088,1876,0.4455266284942627,9.74,319,-0.0030846036970615387,0.0687042698264122,0.7640956044197083,0.0019354759715497494,0.0050048828125,0.2360604852437973
107,219136,1876,0.4849514800310135,9.81,317,-0.005788275972008705,0.07454612106084824,0.6980067491531372,0.0015785270370543003,0.0228271484375,0.2686498463153839
108,221184,1878,0.5346106523275376,9.48,322,0.00025628600269556046,0.07223673164844513,0.7138055562973022,0.001196249620988965,0.000244140625,0.25613367557525635
109,223232,1878,0.5447491103410721,8.87,322,-0.010408895090222359,0.07230126857757568,0.7482947111129761,0.002707800129428506,0.0157470703125,0.2581903338432312
110,225280,1880,0.5837905323505401,9.61,318,-0.004655303433537483,0.06817809492349625,0.8150085210800171,0.0034171573352068663,0.007080078125,0.24656763672828674
111,227328,1881,0.5246000009775161,9.46,316,-0.0011383593082427979,0.07400782406330109,0.8255943655967712,0.0021525067277252674,0.00439453125,0.23172372579574585
112,229376,1881,0.4648982256650925,10.84,283,0.0019885972142219543,0.06398892402648926,0.9625422954559326,0.0024281921796500683,0.00390625,0.19742530584335327
113,231424,1883,0.43546272099018096,11.01,293,0.009667458944022655,0.06229660287499428,0.9222814440727234,0.003714960068464279,0.005615234375,0.19995488226413727
114,233472,1884,0.5739076936244965,9.9,296,-0.008473243564367294,0.06805120408535004,0.8045633435249329,0.006706196814775467,0.0450439453125,0.22167745232582092
115,235520,1884,0.44511124432086946,10.05,307,-0.010575700551271439,0.06552273780107498,0.8284122943878174,0.0021897933911532164,0.0068359375,0.20646274089813232
116,237568,1884,0.5050260388851165,9.41,301,-0.00427094753831625,0.06641527265310287,0.8906849026679993,0.004509276244789362,0.02294921875,0.19117623567581177
117,239616,1881,0.49485562086105345,9.96,299,-0.0018428955227136612,0.0720786601305008,0.9400476217269897,0.00254223239608109,0.02001953125,0.18200963735580444
118,241664,1876,0.5039822494983673,10.61,300,-0.004360237158834934,0.06649038195610046,0.9215594530105591,0.002509444486349821,0.0164794921875,0.189700648188591
119,243712,1874,0.4844615375995636,10.89,290,-0.002033303491771221,0.0669827088713646,0.9048843383789062,0.004213166423141956,0.032958984375,0.19591131806373596
120,245760,1875,0.4847278094291687,10.16,280,0.009614558890461922,0.06290598213672638,0.9911705255508423,0.0037826502230018377,0.0020751953125,0.17390790581703186
121,247808,1877,0.44433372855186465,11.71,275,-0.0037238523364067078,0.06065712124109268,1.0406286716461182,0.002016317332163453,0.0008544921875,0.17357227206230164
122,249856,1878,0.4347065079212189,11.44,279,-0.0006649196147918701,0.06292037665843964,0.9342141151428223,0.0036232550628483295,0.0306396484375,0.19565002620220184
123,251904,1879,0.44513254523277285,10.31,294,-0.001098068431019783,0.0647599846124649,0.8198363780975342,0.0026134715881198645,0.009765625,0.212210550904274
124,253952,1881,0.46496213018894195,9.71,287,0.0009195283055305481,0.0646497905254364,0.8766718506813049,0.001814250834286213,0.0067138671875,0.193200021982193
125,256000,1883,0.571607100367546,11.96,293,-0.0023102741688489914,0.06429263949394226,0.8816593885421753,0.0033386400900781155,0.0323486328125,0.20437532663345337
126,258048,1884,0.4556118333339691,9.05,316,-0.000762568786740303,0.07073608040809631,0.871410071849823,0.001477602170780301,0.0081787109375,0.20277081429958344
127,260096,1884,0.4345254451036453,10.9,294,0.0011475607752799988,0.0672459527850151,0.8762727379798889,0.0020151478238403797,0.0140380859375,0.19629773497581482
128,262144,1885,0.4648662704229355,9.47,302,-0.0013335831463336945,0.0695696473121643,0.9920791387557983,0.0028216345235705376,0.0120849609375,0.17268311977386475
129,264192,1886,0.5235029578208923,11.08,292,0.002371635288000107,0.06479407846927643,0.9784179925918579,0.0021592441480606794,0.018798828125,0.16999652981758118
130,266240,1886,0.4748662722110748,10.35,298,-1.624971628189087e-05,0.0697469413280487,0.9686092734336853,0.0011512127239257097,0.009765625,0.170144185423851
131,268288,1885,0.49502603590488437,9.95,310,-0.010027299635112286,0.07128159701824188,1.037912368774414,0.0031566789839416742,0.01513671875,0.16001981496810913
132,270336,1883,0.5634603554010391,10.22,313,0.0005569551140069962,0.06910619139671326,0.9534801244735718,0.0033545242622494698,0.0213623046875,0.16643986105918884
133,272384,1881,0.4646745556592941,11.09,285,0.0029528457671403885,0.0674479603767395,1.1019268035888672,0.002405483042821288,0.017822265625,0.15607255697250366
134,274432,1881,0.5325869846343995,12.09,267,-0.007694622501730919,0.05989670380949974,1.1267547607421875,0.0025775700341910124,0.0089111328125,0.1695113480091095
135,276480,1882,0.5237798804044723,11.56,274,-0.0017482182011008263,0.06294954568147659,1.154686689376831,0.0016467340756207705,0.0128173828125,0.16071712970733643
136,278528,1884,0.5324272179603576,12.78,261,-0.0028301579877734184,0.058611735701560974,1.1051983833312988,0.0025378710124641657,0.00830078125,0.15657919645309448
137,280576,1884,0.5132899385690689,11.0,280,-0.0028556035831570625,0.060975562781095505,1.1957597732543945,0.0022245626896619797,0.0155029296875,0.14779524505138397
138,282624,1885,0.4830769217014313,12.74,262,0.0009377375245094299,0.059106141328811646,1.1525075435638428,0.001509272726252675,0.0057373046875,0.15044958889484406
139,284672,1886,0.46358816742897035,14.32,256,-0.004185305908322334,0.058051351457834244,1.161252498626709,0.00450922129675746,0.0146484375,0.14903080463409424
140,286720,1885,0.4545680487155914,11.63,263,-0.006834579631686211,0.06078009679913521,1.1114611625671387,0.005132514983415604,0.0283203125,0.15292449295520782
141,288768,1885,0.4937266278266907,11.57,278,-0.0028877239674329758,0.06332901120185852,1.0766230821609497,0.004969283938407898,0.042724609375,0.1623499095439911
142,290816,1885,0.524024852514267,11.5,282,-0.003914033994078636,0.06520552933216095,1.0632153749465942,0.0029857989866286516,0.00244140625,0.16082631051540375
143,292864,1885,0.47449349105358124,11.66,286,0.005061883945018053,0.06450323760509491,1.0684175491333008,0.0023309169337153435,0.0185546875,0.15543723106384277
144,294912,1882,0.44500473380088806,10.79,296,-0.00803527981042862,0.06517850607633591,1.0729254484176636,0.0023263657931238413,0.009033203125,0.15638995170593262
145,296960,1875,0.4650047355890274,10.9,296,0.006400519981980324,0.06828650087118149,0.9589179754257202,0.0037939001340419054,0.0174560546875,0.18133287131786346
146,299008,1871,0.47484497129917147,10.14,302,-0.003185383975505829,0.0725131556391716,0.9086751937866211,0.0037840052973479033,0.0369873046875,0.19608646631240845
147,301056,1872,0.4156650900840759,9.71,321,-0.0027309423312544823,0.06971253454685211,0.9279752373695374,0.004351509734988213,0.023193359375,0.18510222434997559
148,303104,1873,0.5834923076629639,10.22,305,-0.009157981723546982,0.0696963295340538,0.9471346139907837,0.0014879463706165552,0.012451171875,0.180686816573143
149,305152,1874,0.5442165690660477,10.09,301,-0.005932117812335491,0.06735099107027054,0.9095190763473511,0.0030083912424743176,0.0155029296875,0.17949950695037842
150,307200,1875,0.47486627399921416,9.83,296,-0.0068811653181910515,0.06847018003463745,0.9338799715042114,0.003218449419364333,0.0216064453125,0.16971352696418762
151,309248,1876,0.4852816563844681,9.16,317,-0.0004403572529554367,0.06803535670042038,0.8975118398666382,0.0036518031265586615,0.00537109375,0.18619544804096222
152,311296,1877,0.49484497249126436,10.03,314,-0.00979093462228775,0.07066413760185242,0.8458619713783264,0.002761346288025379,0.00830078125,0.2058401107788086
153,313344,1876,0.4749088770151138,9.31,309,-0.005855437368154526,0.06704606860876083,0.8412569165229797,0.003167448565363884,0.0281982421875,0.19932842254638672
154,315392,1876,0.3857609444856644,9.63,313,-0.0007215812802314758,0.06962260603904724,0.9183306097984314,0.0021939226426184177,0.0003662109375,0.19341996312141418
155,317440,1877,0.46484497010707854,10.28,308,-0.004894651472568512,0.06922562420368195,0.8434232473373413,0.0017477353103458881,0.00146484375,0.2029925286769867
156,319488,1877,0.4952177518606186,9.52,299,-0.00023439200595021248,0.06710054725408554,0.8377834558486938,0.004189787432551384,0.01611328125,0.20492559671401978
157,321536,1875,0.5242591714859008,9.25,317,-0.0029861275106668472,0.07384420186281204,0.8403499126434326,0.0027834707871079445,0.013916015625,0.20097893476486206
158,323584,1875,0.4553136086463928,9.93,306,0.004823349416255951,0.06981997191905975,0.9138315916061401,0.0012965144123882055,0.0150146484375,0.1880778968334198
159,325632,1875,0.4750792932510376,10.13,307,-0.002084694802761078,0.06866145879030228,0.9310648441314697,0.004620159976184368,0.0078125,0.1945025622844696
160,327680,1876,0.5338863903284072,10.85,300,-0.0036470573395490646,0.06804375350475311,0.8721483945846558,0.001686339033767581,0.01123046875,0.1993427723646164
161,329728,1877,0.6234923076629638,9.37,303,-0.007422630675137043,0.06569504737854004,0.8006479740142822,0.0034500646870583296,0.010986328125,0.2210943102836609
162,331776,1877,0.446112425327301,8.8,322,-0.007121877279132605,0.0668734684586525,0.8423511981964111,0.0022026251535862684,0.0018310546875,0.21955141425132751
163,333824,1877,0.5048556238412857,9.12,319,-0.00017979927361011505,0.07079599052667618,0.82582688331604,0.000794227235019207,0.001708984375,0.22055929899215698
164,335872,1878,0.4751964509487152,9.32,316,0.004344148561358452,0.068229079246521,0.8813239336013794,0.002913454780355096,0.01025390625,0.22821882367134094
165,337920,1877,0.4651751494407654,9.33,309,-0.002433725167065859,0.06908456981182098,0.8747385740280151,0.0009680376388132572,0.001953125,0.22603093087673187
166,339968,1873,0.5246213012933731,9.7,302,-0.006020013242959976,0.0670839324593544,0.885516345500946,0.0020470868330448866,0.014892578125,0.21827782690525055
167,342016,1870,0.5042165672779083,9.85,303,-0.004072743467986584,0.06919270753860474,0.9548448324203491,0.003593266010284424,0.032958984375,0.2111407369375229
168,344064,1866,0.4650047361850739,10.24,308,-0.004013687837868929,0.07019525021314621,1.006428599357605,0.00201326422393322,0.010986328125,0.20521849393844604
169,346112,1861,0.5041846144199371,10.03,297,0.003546996507793665,0.06107987463474274,0.9381036758422852,0.003232920076698065,0.00439453125,0.21181228756904602
170,348160,1859,0.5639502972364425,9.74,298,-0.009662717580795288,0.0633898600935936,0.9930672645568848,0.004478580318391323,0.0262451171875,0.19346798956394196
171,350208,1856,0.5437692308425903,10.41,297,-0.0013736337423324585,0.06288127601146698,1.0693048238754272,0.0033192734699696302,0.008056640625,0.18253114819526672
172,352256,1854,0.5430343210697174,11.65,279,-0.018566366285085678,0.06570935249328613,1.0486466884613037,0.0068226964212954044,0.016845703125,0.19680052995681763
173,354304,1850,0.4352923089265823,10.53,282,-0.009534724988043308,0.06444447487592697,1.1031231880187988,0.0058590322732925415,0.0411376953125,0.19014430046081543
174,356352,1849,0.5035775148868561,11.1,279,0.006836141459643841,0.061646271497011185,1.1442183256149292,0.005467927549034357,0.01318359375,0.19339103996753693
175,358400,1847,0.47423786997795103,11.58,283,-0.013022051192820072,0.0641849935054779,1.0856510400772095,0.00631385762244463,0.0067138671875,0.18557921051979065
176,360448,1845,0.47441893577575683,10.91,290,-0.005020549520850182,0.06646065413951874,1.010622262954712,0.004314351826906204,0.02880859375,0.18705132603645325
177,362496,1845,0.4938544374704361,11.21,290,-0.004460938274860382,0.07016357034444809,1.0568110942840576,0.0044549610465765,0.0394287109375,0.18274125456809998
178,364544,1846,0.49434437811374665,10.99,285,0.0018866173923015594,0.06339284777641296,0.9819571375846863,0.0022812599781900644,0.0001220703125,0.1821095049381256
179,366592,1846,0.513939642906189,10.64,290,-0.017143109813332558,0.06939496099948883,1.0159835815429688,0.003823584644123912,0.00732421875,0.19180047512054443
180,368640,1847,0.563577516078949,10.25,298,-0.0015245173126459122,0.0689004436135292,0.9931110739707947,0.0038431223947554827,0.0079345703125,0.19755518436431885
181,370688,1848,0.5439609467983246,10.33,299,-0.00227564200758934,0.0690869688987732,0.9585333466529846,0.001562044257298112,0.0006103515625,0.19568541646003723
182,372736,1848,0.45497278034687044,10.41,295,-0.014477737247943878,0.0651661604642868,0.975310206413269,0.004377914592623711,0.02197265625,0.20156344771385193
183,374784,1849,0.5038331371545791,10.34,304,-4.974193871021271e-05,0.07423514872789383,0.9688857197761536,0.0017452659085392952,0.0135498046875,0.21116310358047485
184,376832,1850,0.5735562163591384,11.08,291,-0.00044159870594739914,0.06917566061019897,0.9075216054916382,0.003934694454073906,0.0174560546875,0.21022716164588928
185,378880,1849,0.44531361043453216,10.09,308,-0.001942160539329052,0.06913429498672485,0.924774706363678,0.002447493141517043,0.0111083984375,0.2057502567768097
186,380928,1849,0.4745041435956955,10.47,293,-0.007004149258136749,0.06421248614788055,0.936994194984436,0.005829443223774433,0.0267333984375,0.2055497169494629
187,382976,1850,0.4648343223333359,10.44,302,-0.003799688071012497,0.06812603771686554,0.8533216714859009,0.0011327904649078846,0.0009765625,0.21924050152301788
188,385024,1851,0.5042059171199799,9.88,309,-3.7690624594688416e-06,0.07063687592744827,0.8831587433815002,0.0020711447577923536,0.01953125,0.21603301167488098
189,387072,1851,0.4249940824508667,10.29,302,-0.002603728324174881,0.06570638716220856,0.9710046052932739,0.004115520045161247,0.009521484375,0.19966769218444824
190,389120,1849,0.43473846316337583,10.66,299,-0.007848856970667839,0.0666208565235138,1.028465986251831,0.0029152005445212126,0.0223388671875,0.18213441967964172
191,391168,1849,0.4840887576341629,11.01,295,0.001813311129808426,0.0630679726600647,1.0667107105255127,0.0023486600257456303,0.0289306640625,0.1795373260974884
192,393216,1849,0.474344379901886,10.79,293,0.0005032271146774292,0.06931483745574951,1.0554137229919434,0.0030845720320940018,0.0015869140625,0.18244370818138123
193,395264,1848,0.5240035486221314,10.1,292,-0.005329376086592674,0.06604215502738953,1.111555576324463,0.003291914938017726,0.025390625,0.18416684865951538
194,397312,1848,0.5430982273817062,11.01,279,-0.006029441952705383,0.062169674783945084,1.027714490890503,0.0047214399091899395,0.0111083984375,0.21102765202522278
195,399360,1849,0.5030343186855316,11.86,271,-0.009770430624485016,0.05788320675492287,1.116629958152771,0.003487957874312997,0.0321044921875,0.20382635295391083
196,401408,1847,0.4248769235610962,11.58,275,-0.0038587432354688644,0.06507185101509094,1.0555548667907715,0.002106869826093316,0.000244140625,0.21594694256782532
197,403456,1844,0.4935775154829025,11.31,279,-0.010207988321781158,0.06420319527387619,1.1183998584747314,0.0053450483828783035,0.0185546875,0.21761691570281982
198,405504,1841,0.5029810649156571,13.21,255,-0.010827600955963135,0.05429289489984512,1.0174580812454224,0.004770586267113686,0.0377197265625,0.23751819133758545
199,407552,1838,0.4338437879085541,12.12,277,-0.004994288086891174,0.06490437686443329,1.1170827150344849,0.0030208739917725325,0.0247802734375,0.2239282727241516
200,409600,1837,0.44433372855186465,11.54,265,-0.01119663193821907,0.0627824068069458,1.087335228919983,0.005883500445634127,0.0087890625,0.23921220004558563
201,411648,1834,0.48291715860366824,12.93,262,-0.007056115195155144,0.05831195414066315,1.1223781108856201,0.003466865746304393,0.0230712890625,0.25101137161254883
202,413696,1834,0.45366272270679475,13.73,244,-0.012483140453696251,0.049487657845020294,1.106796145439148,0.008490701206028461,0.0382080078125,0.25735658407211304
203,415744,1832,0.5623526638746261,12.8,259,-0.004533341154456139,0.054795682430267334,1.0517168045043945,0.0020664965268224478,0.014404296875,0.27133727073669434
204,417792,1832,0.44068047165870666,16.78,246,0.006771095097064972,0.05033651739358902,1.1512608528137207,0.0050803543999791145,0.0430908203125,0.25341323018074036
205,419840,1828,0.4140035504102707,12.8,258,-0.015813777223229408,0.056686174124479294,1.154621958732605,0.006193844135850668,0.033203125,0.2556658387184143
206,421888,1824,0.5138437861204147,11.49,273,-0.009270897135138512,0.05914657190442085,1.072446346282959,0.00646068062633276,0.0198974609375,0.2671838104724884
207,423936,1822,0.46448284029960635,11.83,278,-0.012487288564443588,0.06373412162065506,0.9702698588371277,0.005579459015280008,0.0185546875,0.27528542280197144
208,425984,1820,0.434685206413269,10.45,275,-0.005300491116940975,0.06066444516181946,1.0487176179885864,0.003233561525121331,0.0150146484375,0.25241297483444214
209,428032,1818,0.524418934583664,11.26,262,-0.013295792043209076,0.058882445096969604,1.055814266204834,0.005875980015844107,0.0220947265625,0.2409365028142929
210,430080,1816,0.4739076912403107,15.88,269,0.003625075798481703,0.060784462839365005,1.092017412185669,0.009920366108417511,0.0157470703125,0.2541230320930481
211,432128,1814,0.5627999997138977,11.94,267,-0.0036715976893901825,0.06357628107070923,1.0491836071014404,0.004534006118774414,0.0091552734375,0.2717570662498474
212,434176,1812,0.4442272192239761,11.54,274,-0.003392605111002922,0.06219962239265442,1.056323766708374,0.0025378011632710695,0.011474609375,0.2873709797859192
213,436224,1810,0.4831940829753876,12.34,266,-0.0049001313745975494,0.06128452345728874,1.0593966245651245,0.004332970827817917,0.0029296875,0.28173431754112244
214,438272,1809,0.4834603559970856,11.58,274,-0.002463648095726967,0.062986359000206,0.9822144508361816,0.0014721378684043884,0.0079345703125,0.3004986047744751
215,440320,1808,0.4351325446367264,10.89,282,-0.011745594441890717,0.0631461888551712,1.0805236101150513,0.003433296922594309,0.026123046875,0.30189549922943115
216,442368,1804,0.3850686401128769,11.62,271,-0.005168326199054718,0.05936940759420395,1.0229369401931763,0.00476690661162138,0.02099609375,0.29091429710388184
217,444416,1802,0.46401420176029207,11.4,273,-0.0047430843114852905,0.06303328275680542,0.9418610334396362,0.003996405750513077,0.016845703125,0.28282487392425537
218,446464,1796,0.4548343205451965,10.79,290,0.003402162343263626,0.06546379625797272,0.8707186579704285,0.005656203255057335,0.015380859375,0.28415024280548096
219,448512,1790,0.5245467448234558,9.99,304,0.0007648286409676075,0.06684080511331558,0.8370671272277832,0.0016202123370021582,0.001220703125,0.2850642204284668
220,450560,1788,0.524589348435402,9.38,308,-0.0038921330124139786,0.06901667267084122,0.9392665028572083,0.0046537830494344234,0.0172119140625,0.2736537754535675
221,452608,1786,0.45516449451446533,11.18,287,-0.008057160302996635,0.06628730893135071,0.9518429040908813,0.0038848016411066055,0.02783203125,0.2776610851287842
222,454656,1782,0.48473846197128295,10.8,296,0.0036412514746189117,0.06346213817596436,0.9189072847366333,0.005263234488666058,0.0189208984375,0.28172439336776733
223,456704,1781,0.5045893496274948,10.15,299,0.0003932993859052658,0.067234568297863,0.866867184638977,0.0014099879190325737,0.009765625,0.2806769013404846
224,458752,1781,0.4151858001947403,10.57,295,-0.002792038954794407,0.06281454116106033,0.9524536728858948,0.0023302962072193623,0.0084228515625,0.27559494972229004
225,460800,1781,0.464472188949585,11.44,283,-0.012802149169147015,0.0642278641462326,0.9506044387817383,0.003143264213576913,0.0069580078125,0.2754019498825073
226,462848,1780,0.5433644962310791,10.85,289,0.0020064637064933777,0.06706403195858002,0.9672479629516602,0.0014655382838100195,0.0,0.2754347324371338
227,464896,1779,0.4847704160213471,10.88,287,-0.009155835956335068,0.06736121326684952,0.9113919734954834,0.002974956762045622,0.007080078125,0.27408212423324585
228,466944,1777,0.48466390430927275,10.11,272,0.0035367989912629128,0.06123226135969162,1.0240590572357178,0.007744740694761276,0.0147705078125,0.26612114906311035
229,468992,1778,0.5144934904575348,11.56,286,-0.009174895472824574,0.0659317672252655,1.0038553476333618,0.0027339314110577106,0.003662109375,0.25694340467453003
230,471040,1777,0.4650473386049271,10.27,296,-0.0038465759716928005,0.06533527374267578,0.8850197196006775,0.003380147973075509,0.0029296875,0.26823514699935913
231,473088,1778,0.5736627227067947,10.17,299,-0.005988390184938908,0.06504049897193909,0.9698977470397949,0.002211365383118391,0.011474609375,0.25543659925460815
232,475136,1779,0.49458934903144836,10.55,296,0.00021171942353248596,0.06725291162729263,0.9330176711082458,0.0033689821138978004,0.004150390625,0.27823886275291443
233,477184,1780,0.4353136098384857,10.3,291,-0.0017892159521579742,0.06682996451854706,0.9405160546302795,0.0032188312616199255,0.0130615234375,0.27047526836395264
234,479232,1781,0.4549940824508667,10.1,300,-0.0034282803535461426,0.06357119977474213,1.0130815505981445,0.0029504112899303436,0.0162353515625,0.26311299204826355
235,481280,1781,0.47467455625534055,10.0,298,-0.007354464381933212,0.06837618350982666,0.997331976890564,0.0054456088691949844,0.021240234375,0.2673264145851135
236,483328,1782,0.5035668629407882,11.45,283,-0.0011020945385098457,0.06174144893884659,1.0552550554275513,0.00604136660695076,0.0299072265625,0.27542707324028015
237,485376,1783,0.43501538515090943,10.64,285,-0.004179805517196655,0.06436054408550262,1.0238969326019287,0.001657205866649747,0.001708984375,0.28715911507606506
238,487424,1784,0.5426721882820129,11.73,282,-0.005320824682712555,0.062301814556121826,1.0992387533187866,0.003237753873690963,0.0091552734375,0.29830750823020935
239,489472,1785,0.48358816623687745,11.07,287,-0.004124924540519714,0.0622335784137249,1.108698844909668,0.0017778943292796612,0.01904296875,0.29201680421829224
240,491520,1785,0.4934710067510605,11.66,265,-0.0023072166368365288,0.056788019835948944,1.160082459449768,0.004197467118501663,0.014892578125,0.29679369926452637
241,493568,1785,0.4938331389427185,11.63,279,-0.0007067099213600159,0.06263824552297592,1.22114896774292,0.00847218744456768,0.0245361328125,0.28928059339523315
242,495616,1786,0.4631514799594879,13.98,248,-0.014624223113059998,0.05595448240637779,1.1384910345077515,0.00923341978341341,0.0172119140625,0.2991499900817871
243,497664,1786,0.5333325433731079,11.82,266,-0.007800411432981491,0.05992399901151657,1.1060073375701904,0.0035514922346919775,0.0048828125,0.2872871160507202
244,499712,1786,0.5037053245306015,12.37,277,-0.013416817411780357,0.06671451777219772,1.0136585235595703,0.004974841605871916,0.029541015625,0.26752012968063354
245,501760,1787,0.4342165678739548,11.08,284,-0.008425342850387096,0.06408846378326416,1.0527701377868652,0.003046027384698391,0.021728515625,0.2681976556777954
246,503808,1787,0.4938650894165039,11.58,275,-0.0027642399072647095,0.061741746962070465,1.108571171760559,0.0031619013752788305,0.022705078125,0.261372447013855
247,505856,1788,0.5427254456281662,13.18,260,-0.0018923403695225716,0.05976833030581474,1.1119654178619385,0.00452039297670126,0.00146484375,0.2703820466995239
248,507904,1788,0.5042485231161118,10.61,286,0.0010414347052574158,0.06458079069852829,1.1317777633666992,0.0017495492938905954,0.0006103515625,0.2707206606864929
249,509952,1789,0.40458934783935546,11.9,282,0.0007503945380449295,0.06202787905931473,1.1675537824630737,0.002869889372959733,0.01123046875,0.27292758226394653
250,512000,1790,0.50363077044487,11.58,264,0.0038813836872577667,0.0573105588555336,1.1783503293991089,0.0030812115874141455,0.0174560546875,0.2834610939025879
251,514048,1790,0.5328745567798614,12.27,267,-0.006394021213054657,0.060926686972379684,1.0427790880203247,0.008526145480573177,0.0445556640625,0.28412896394729614
252,516096,1791,0.5048662716150284,10.38,286,0.002315416932106018,0.0612843818962574,1.040540337562561,0.002339819446206093,0.009033203125,0.27915188670158386
253,518144,1791,0.49404615342617036,11.3,283,-0.005485104396939278,0.06656131148338318,1.0841102600097656,0.003735514357686043,0.0076904296875,0.28559523820877075
254,520192,1792,0.4837798810005188,11.39,279,0.002166206017136574,0.06392496824264526,1.0924299955368042,0.0022769817151129246,0.005859375,0.29201647639274597
255,522240,1793,0.35514319598674776,11.05,272,-0.005095416679978371,0.06286505609750748,1.140720248222351,0.002760400762781501,0.0123291015625,0.28803449869155884
256,524288,1793,0.4247171586751938,12.25,265,-0.012814704328775406,0.055850155651569366,1.1150554418563843,0.00482188630849123,0.0028076171875,0.295049250125885
257,526336,1793,0.44395029842853545,12.18,266,-0.019960695877671242,0.05804329365491867,1.048891544342041,0.007796999532729387,0.0369873046875,0.30527180433273315
258,528384,1793,0.47400355100631714,11.4,278,0.0015062615275382996,0.06892472505569458,1.0612564086914062,0.0024877770338207483,0.0,0.2927936017513275
259,530432,1791,0.5522035521268844,12.54,271,-0.006268106400966644,0.06118118762969971,1.0656652450561523,0.004348313435912132,0.0120849609375,0.29069334268569946
260,532480,1792,0.4744934916496277,11.18,275,-0.005117326974868774,0.06247503310441971,1.0568089485168457,0.0026011604350060225,0.0054931640625,0.3037495017051697
261,534528,1790,0.3951325458288193,11.22,285,-0.0020147478207945824,0.06818880140781403,1.0646086931228638,0.003528652945533395,0.0130615234375,0.30161547660827637
262,536576,1790,0.5233431959152222,11.23,275,-0.014743832871317863,0.06995594501495361,1.1241196393966675,0.0034127484541386366,0.014892578125,0.29285454750061035
263,538624,1789,0.40439763069152834,12.61,260,-0.010465312749147415,0.05771791934967041,1.0703070163726807,0.0037747982423752546,0.0302734375,0.30364856123924255
264,540672,1790,0.4148130184412003,11.88,275,-0.0032934900373220444,0.06394654512405396,1.085970163345337,0.0011215328704565763,0.006103515625,0.29100099205970764
265,542720,1790,0.46415266394615173,12.12,275,-0.006640691310167313,0.0608910396695137,1.0263049602508545,0.005509412847459316,0.0433349609375,0.28980299830436707
266,544768,1790,0.44508993983268735,10.71,282,-0.006058737635612488,0.06459172070026398,0.9536454677581787,0.003254520706832409,0.002197265625,0.30143046379089355
267,546816,1790,0.513417751789093,11.3,288,-0.0033606961369514465,0.0636226087808609,1.0078080892562866,0.002076205564662814,0.016845703125,0.3083885610103607
268,548864,1790,0.44467455506324766,10.91,283,0.0023276805877685547,0.06366972625255585,0.9933843016624451,0.0021138715092092752,0.00048828125,0.3030729591846466
269,550912,1790,0.5329065096378326,11.74,279,-0.0018851961940526962,0.06709884107112885,0.9793182611465454,0.006603581830859184,0.0103759765625,0.31082624197006226
270,552960,1790,0.3758355039358139,9.91,298,-0.0028103310614824295,0.06678308546543121,0.9718046188354492,0.0016068671829998493,0.003173828125,0.31631457805633545
271,555008,1790,0.4649301785230637,10.74,294,-0.0038384851068258286,0.06550934910774231,0.9566020965576172,0.0024635358713567257,0.0030517578125,0.31204134225845337
272,557056,1791,0.4448449695110321,10.51,299,0.0014965496957302094,0.07127934694290161,0.8079846501350403,0.004197500180453062,0.0048828125,0.31189191341400146
273,559104,1790,0.44513254523277285,10.16,302,-0.009368477389216423,0.07058977335691452,0.8196334838867188,0.001829399261623621,0.00830078125,0.31043606996536255
274,561152,1790,0.48500473439693453,9.64,312,-0.0018049273639917374,0.06823752820491791,0.8362279534339905,0.001129228388890624,0.0030517578125,0.2962963581085205
275,563200,1791,0.47550532698631287,9.34,311,-0.004516568034887314,0.06647378206253052,0.8708267211914062,0.002615684410557151,0.0089111328125,0.306373655796051
276,565248,1791,0.5041739630699158,10.05,307,-0.005557185970246792,0.07021165639162064,0.7946717739105225,0.002278217114508152,0.0037841796875,0.30247509479522705
277,567296,1792,0.4944828402996063,9.92,310,-0.004514813423156738,0.06904468685388565,0.8618202805519104,0.002277052029967308,0.0186767578125,0.3066444993019104
278,569344,1792,0.4458461540937424,9.38,309,-0.0037169940769672394,0.06903853267431259,0.9104020595550537,0.0019607613794505596,0.020263671875,0.2952321171760559
279,571392,1793,0.4349727815389633,10.76,301,-0.004550548270344734,0.06849817931652069,0.9320744872093201,0.003221609629690647,0.0233154296875,0.29290497303009033
280,573440,1794,0.4647171598672867,10.43,293,-0.00020288582891225815,0.06555790454149246,1.015320897102356,0.0024919009301811457,0.013916015625,0.2898878753185272
281,575488,1795,0.4538224852085114,11.23,275,-0.003023187629878521,0.05640994384884834,1.0998570919036865,0.004491500556468964,0.0072021484375,0.27382755279541016
282,577536,1795,0.41480236768722534,12.0,281,0.0026598386466503143,0.06145786494016647,1.1464899778366089,0.002720368793234229,0.00634765625,0.2650115489959717
283,579584,1795,0.48382248640060427,12.16,268,0.004701321944594383,0.058569036424160004,1.1911983489990234,0.00396299734711647,0.003662109375,0.25905168056488037
284,581632,1795,0.47400354981422427,12.6,261,0.011584140360355377,0.0582180954515934,1.1251187324523926,0.008064670488238335,0.005859375,0.2706546187400818
285,583680,1795,0.48314082860946655,12.45,266,-0.001272253692150116,0.06240074336528778,1.094303011894226,0.0036598434671759605,0.0106201171875,0.26899245381355286
286,585728,1796,0.5225763309001923,12.11,268,0.0016925453674048185,0.05878012627363205,1.211977481842041,0.0041340310126543045,0.0133056640625,0.27523577213287354
287,587776,1796,0.40377988159656525,13.92,248,-0.005268273875117302,0.056121885776519775,1.2346662282943726,0.00359382014721632,0.0107421875,0.281444787979126
288,589824,1796,0.4829597634077072,13.28,256,0.0015680082142353058,0.059016644954681396,1.1192413568496704,0.006666661240160465,0.0045166015625,0.2922576665878296
289,591872,1797,0.5137266260385513,12.22,269,-0.007177731022238731,0.06155634671449661,1.1329529285430908,0.0028603693936020136,0.001708984375,0.3020726442337036
290,593920,1797,0.5243443793058395,11.16,282,-0.014155246317386627,0.06639495491981506,1.0473066568374634,0.005677111446857452,0.005859375,0.2997812032699585
291,595968,1798,0.5236627221107483,11.5,278,-0.00024451687932014465,0.060434505343437195,1.023147702217102,0.004345084074884653,0.0191650390625,0.29261600971221924
292,598016,1798,0.463364497423172,11.64,271,-0.006238594651222229,0.0564008504152298,1.0838203430175781,0.0038785929791629314,0.0284423828125,0.2836796045303345
293,600064,1799,0.4843550312519074,11.39,277,-0.011851752176880836,0.06340347975492477,1.0458179712295532,0.002782609313726425,0.0079345703125,0.2960638999938965
294,602112,1800,0.5139289927482605,11.24,285,-0.00752316415309906,0.06568926572799683,0.9177485108375549,0.006488751154392958,0.0189208984375,0.3063296675682068
295,604160,1800,0.5436307674646378,11.08,293,-0.0004376489669084549,0.06856870651245117,0.8237777352333069,0.0042982883751392365,0.0096435546875,0.2997967600822449
296,606208,1801,0.4747597622871399,9.61,305,-0.0019656207878142595,0.06954125314950943,0.927089512348175,0.0030884104780852795,0.0057373046875,0.30237144231796265
297,608256,1801,0.563588164448738,10.72,292,-0.0013751909136772156,0.06285729259252548,0.9811671376228333,0.0013886583037674427,0.005859375,0.3140682578086853
298,610304,1800,0.5436307680606842,10.28,296,-0.0016477247700095177,0.06345929205417633,0.9583718180656433,0.0014410694129765034,0.0025634765625,0.3145942986011505
299,612352,1799,0.5141952681541443,10.6,288,-0.005313128232955933,0.0619150809943676,0.8547872304916382,0.006780842784792185,0.0155029296875,0.3118845820426941
300,614400,1799,0.632565678358078,10.61,297,-0.002252573147416115,0.06527462601661682,0.8373064994812012,0.0016613744664937258,0.0032958984375,0.2946873605251312
301,616448,1799,0.41557988405227664,9.39,319,-0.006671503186225891,0.07212431728839874,0.8489468097686768,0.0013947533443570137,0.0032958984375,0.2810296416282654
302,618496,1800,0.48486627399921417,9.66,309,-0.0004671607166528702,0.06463909894227982,0.9084778428077698,0.0030950154177844524,0.011474609375,0.27433907985687256
303,620544,1800,0.4354520696401596,9.76,314,-0.004286728799343109,0.06745687127113342,0.8418667316436768,0.002965973224490881,0.0213623046875,0.2901620864868164
304,622592,1799,0.3759952664375305,9.53,317,-0.007684726268053055,0.0752834752202034,0.7861703038215637,0.0023265955969691277,0.0079345703125,0.29282283782958984
305,624640,1799,0.5438331371545791,9.64,305,0.0022766822949051857,0.06954944133758545,0.8075575828552246,0.0013747063931077719,0.001953125,0.29419517517089844
306,626688,1799,0.395164498090744,10.44,299,-0.0035982131958007812,0.06852607429027557,0.8402377367019653,0.0018985895439982414,0.007568359375,0.2866706848144531
307,628736,1799,0.5048556196689605,9.77,306,-0.0017274226993322372,0.0666784942150116,0.8423241376876831,0.002466494683176279,0.00048828125,0.29030749201774597
308,630784,1799,0.5342059189081192,10.27,306,-0.0013933032751083374,0.0702703669667244,0.8690996170043945,0.0015682375524193048,0.0020751953125,0.2853887677192688
309,632832,1800,0.5140568053722382,10.3,300,-0.002713903784751892,0.06657035648822784,0.9255836606025696,0.0007769314106553793,0.0068359375,0.2784132957458496
310,634880,1800,0.4250473374128342,10.27,295,-0.0041508544236421585,0.06325341761112213,0.8936150074005127,0.001646820455789566,0.006103515625,0.2744244635105133
311,636928,1800,0.5042059171199799,10.65,298,-0.0038275178521871567,0.06699620932340622,0.9897019863128662,0.0026042889803647995,0.013916015625,0.27452027797698975
312,638976,1800,0.5244828408956528,9.44,308,0.0021588243544101715,0.06855299323797226,1.0528662204742432,0.003661022987216711,0.030029296875,0.2768059968948364
313,641024,1800,0.4945467448234558,10.55,288,-0.005440369248390198,0.06424303352832794,1.0103185176849365,0.0016400872264057398,0.0037841796875,0.26288002729415894
314,643072,1801,0.5136733728647233,11.02,283,-0.006134333088994026,0.05903509631752968,1.0082688331604004,0.005004352889955044,0.0130615234375,0.2670927345752716
315,645120,1801,0.5534923082590103,11.4,282,-0.00391877256333828,0.05811306834220886,0.9997796416282654,0.003076876513659954,0.01953125,0.25875890254974365
316,647168,1802,0.5334710055589675,11.12,289,7.87489116191864e-05,0.06495123356580734,1.0509814023971558,0.004648751113563776,0.0321044921875,0.25191742181777954
317,649216,1802,0.5726934915781021,12.98,264,0.0033467281609773636,0.05852202698588371,0.9709028005599976,0.008739953860640526,0.035400390625,0.2670261859893799
318,651264,1802,0.4846106517314911,11.06,287,6.566103547811508e-05,0.06391575187444687,0.9336327910423279,0.0029741234611719847,0.0059814453125,0.2550716698169708
319,653312,1802,0.5041526639461518,11.07,298,-0.0006655771285295486,0.06718994677066803,1.003647804260254,0.0033935674000531435,0.0198974609375,0.24323995411396027
320,655360,1803,0.4646745562553406,11.25,285,-0.010356849059462547,0.06289739906787872,0.9384037256240845,0.004002828616648912,0.0174560546875,0.250949501991272
321,657408,1803,0.47472781121730806,10.28,300,-0.005376335233449936,0.06406951695680618,1.0186054706573486,0.004307049326598644,0.0279541015625,0.23647475242614746
322,659456,1803,0.5241739642620087,10.44,291,0.0009888187050819397,0.06635516881942749,1.0992704629898071,0.003451683558523655,0.0166015625,0.22939302027225494
323,661504,1804,0.46436568200588224,11.19,284,-0.010649087838828564,0.06483565270900726,0.9868776798248291,0.0062040900811553,0.0284423828125,0.23792213201522827
324,663552,1804,0.4747384607791901,10.74,295,-0.00692141056060791,0.06482604891061783,1.0196441411972046,0.003200259990990162,0.02001953125,0.24670717120170593
325,665600,1804,0.6029491144418716,10.89,292,-0.0013249078765511513,0.06484672427177429,0.9713378548622131,0.003882329910993576,0.0130615234375,0.23923331499099731
326,667648,1804,0.4549301767349243,10.71,292,-0.005651423707604408,0.06665001064538956,1.0623822212219238,0.004115262068808079,0.01171875,0.22465309500694275
327,669696,1804,0.4253349107503891,10.39,291,-0.008275100030004978,0.06396178901195526,1.0423765182495117,0.002800999442115426,0.0052490234375,0.2171998918056488
328,671744,1804,0.5134284031391144,11.83,283,-0.0006011351943016052,0.06624485552310944,1.0169284343719482,0.001491485396400094,0.0029296875,0.21639512479305267
329,673792,1804,0.4254733723402023,10.3,284,0.0015998929738998413,0.0634162575006485,1.0925647020339966,0.0033612395636737347,0.02490234375,0.20327544212341309
330,675840,1804,0.48454674482345583,10.64,289,-0.014445986598730087,0.06201855465769768,1.0835435390472412,0.002885931171476841,0.010009765625,0.21156513690948486
331,677888,1804,0.5422887587547303,12.53,270,0.00398227758705616,0.06241902709007263,1.03001070022583,0.0025121199432760477,0.003662109375,0.20189185440540314
332,679936,1804,0.494727811217308,10.22,298,-0.003264554776251316,0.06604371219873428,0.9279237985610962,0.003640701761469245,0.0050048828125,0.2070014774799347
333,681984,1804,0.5433005917072297,10.85,297,-0.004491673782467842,0.061630912125110626,1.017344355583191,0.0037782983854413033,0.03076171875,0.20633333921432495
334,684032,1804,0.4750153833627701,10.79,294,-0.0024767424911260605,0.06491046398878098,1.032671570777893,0.002646311651915312,0.01123046875,0.20835775136947632
335,686080,1805,0.5147065103054047,10.52,287,-0.00674186646938324,0.064336858689785,1.0542290210723877,0.0020997950341552496,0.0150146484375,0.2156391590833664
336,688128,1805,0.5039289957284927,10.93,291,-0.000934024341404438,0.0674728974699974,1.0401979684829712,0.001411923673003912,0.000732421875,0.21352818608283997
337,690176,1805,0.48445088863372804,10.32,291,0.00046394718810915947,0.06447258591651917,1.112304449081421,0.002914406592026353,0.0228271484375,0.20292922854423523
338,692224,1806,0.4640781080722809,12.1,273,-0.008172255009412766,0.06099371612071991,1.1419166326522827,0.0038298105355352163,0.00634765625,0.18833482265472412
339,694272,1806,0.5038970404863358,10.59,284,0.0008045921567827463,0.06556566059589386,1.0955965518951416,0.002422202145680785,0.0018310546875,0.19599023461341858
340,696320,1806,0.48454674482345583,11.23,284,0.0014629596844315529,0.0654398575425148,1.096753716468811,0.0005441806279122829,0.001220703125,0.19173330068588257
341,698368,1807,0.5042804735898971,10.83,289,-0.0021155718713998795,0.06695842742919922,1.0707809925079346,0.00297954841516912,0.023193359375,0.20071864128112793
342,700416,1807,0.6028000009059906,10.98,286,-0.0013833735138177872,0.05896584317088127,1.083431363105774,0.0013763878960162401,0.0029296875,0.2090088129043579
343,702464,1808,0.5341846132278443,10.2,289,-0.00605194503441453,0.06264762580394745,1.0756385326385498,0.0022376133129000664,0.0009765625,0.20147334039211273
344,704512,1808,0.4831195288896561,12.36,275,-0.011157264932990074,0.06296675652265549,1.1414738893508911,0.0021866352763026953,0.025390625,0.19346067309379578
345,706560,1809,0.5930343186855316,11.31,273,-0.0010105026885867119,0.05678296834230423,1.2251362800598145,0.004784790333360434,0.011474609375,0.18932640552520752
346,708608,1809,0.493684024810791,11.92,266,0.003143463283777237,0.05945615842938423,1.0989694595336914,0.008236805908381939,0.02294921875,0.20034772157669067
347,710656,1810,0.45432307839393615,12.26,270,-0.0005978252738714218,0.06134864687919617,1.0921244621276855,0.0031255471985787153,0.014892578125,0.21331267058849335
348,712704,1810,0.5533857989311218,11.06,288,0.0021838322281837463,0.062166616320610046,1.027485966682434,0.007858567871153355,0.041259765625,0.2099309265613556
349,714752,1810,0.5343656802177429,10.54,284,-0.0036739185452461243,0.06185224652290344,1.0679259300231934,0.004075412172824144,0.0247802734375,0.21790271997451782
350,716800,1810,0.4247917175292969,11.11,280,-0.006670771166682243,0.06047958880662918,1.0286601781845093,0.0034879790619015694,0.01025390625,0.2152220904827118
351,718848,1811,0.4746106517314911,10.34,293,-0.0012583211064338684,0.06547129899263382,1.06631338596344,0.0019442618358880281,0.003173828125,0.21551093459129333
352,720896,1810,0.3948875743150711,11.45,279,-0.0013108570128679276,0.06138581782579422,1.1656172275543213,0.00433494383469224,0.0084228515625,0.2011023461818695
353,722944,1809,0.582831951379776,11.71,266,-0.0004086066037416458,0.05667179450392723,1.192847490310669,0.0022049807012081146,0.0028076171875,0.19008827209472656
354,724992,1809,0.5136307686567306,12.68,271,-0.011076530441641808,0.06066322699189186,1.169055700302124,0.006831047590821981,0.0196533203125,0.18178340792655945
355,727040,1810,0.384131361246109,13.21,244,-0.0074473414570093155,0.049747586250305176,1.1867337226867676,0.0051254150457680225,0.0233154296875,0.18159066140651703
356,729088,1810,0.3262615376710892,10.81,289,-0.004339881241321564,0.06417716294527054,1.0383285284042358,0.002652459777891636,0.0166015625,0.19588343799114227
357,731136,1811,0.4647171586751938,10.96,286,-0.00011827051639556885,0.05982734635472298,1.0987768173217773,0.002312824595719576,0.0147705078125,0.20181477069854736
358,733184,1811,0.4840674549341202,11.3,278,-0.011206299066543579,0.06557044386863708,1.0949862003326416,0.0026306346990168095,0.0108642578125,0.19567358493804932
359,735232,1812,0.41517514646053316,10.69,289,-0.007012594491243362,0.06591242551803589,1.0357729196548462,0.0030450590420514345,0.01025390625,0.19773925840854645
360,737280,1812,0.5933005946874619,10.91,287,-0.0020573390647768974,0.06282208114862442,0.9985050559043884,0.0018549072556197643,0.001953125,0.19633589684963226
361,739328,1812,0.4346319532394409,10.94,280,-0.002756476402282715,0.062476594001054764,0.9572774171829224,0.0034080164041370153,0.0203857421875,0.19692400097846985
362,741376,1812,0.4546532541513443,11.09,299,-0.0007860222831368446,0.06716634333133698,0.9592478275299072,0.000895604258403182,0.00244140625,0.1950860619544983
363,743424,1812,0.4352177518606186,10.08,291,-0.001736558973789215,0.06511779874563217,0.9966972470283508,0.001114074606448412,0.005615234375,0.18500229716300964
364,745472,1812,0.49396094620227815,10.91,296,-0.004425902850925922,0.0634557232260704,1.0561378002166748,0.0025129932910203934,0.0107421875,0.17826345562934875
365,747520,1812,0.5437905305624008,11.1,283,-0.00968585442751646,0.06112072244286537,1.0298410654067993,0.0025022008921951056,0.0125732421875,0.19032767415046692
366,749568,1812,0.5029171597957611,11.73,278,-0.009277567267417908,0.05953114107251167,1.0812782049179077,0.004584760405123234,0.0318603515625,0.19554629921913147
367,751616,1812,0.4942272198200226,11.48,278,-0.0070184506475925446,0.06478965282440186,0.9946706891059875,0.003534445073455572,0.0093994140625,0.2143465280532837
368,753664,1812,0.533066274523735,11.17,288,-0.00846344605088234,0.06576494872570038,0.9238054156303406,0.005585754290223122,0.007568359375,0.21642957627773285
369,755712,1812,0.3959846162796021,9.84,311,0.00010217353701591492,0.069333016872406,0.8930389881134033,0.002412935020402074,0.018310546875,0.22084295749664307
370,757760,1812,0.47518579840660097,10.04,304,-0.004807055927813053,0.06553108990192413,0.9839601516723633,0.002642343519255519,0.0079345703125,0.2172752320766449
371,759808,1813,0.5243869835138321,10.01,289,-0.010755443014204502,0.06598112732172012,1.019219160079956,0.0035142989363521338,0.0120849609375,0.2227894365787506
372,761856,1813,0.46491952776908874,10.25,298,-0.010553894564509392,0.06550537794828415,0.9896897077560425,0.002745951758697629,0.0008544921875,0.2371327430009842
373,763904,1814,0.5345041406154633,10.31,298,-0.006161736324429512,0.07044166326522827,0.9317352771759033,0.0016670359764248133,0.0035400390625,0.24379873275756836
374,765952,1814,0.5440035486221313,10.49,296,-0.0023434259928762913,0.06672287732362747,0.9110015034675598,0.0011013345792889595,0.001220703125,0.25463369488716125
375,768000,1814,0.6032899385690689,9.95,307,0.00036157481372356415,0.07078429311513901,0.93546062707901,0.0013425664510577917,0.0037841796875,0.25355976819992065
376,770048,1814,0.4653136080503464,10.21,298,-0.0028314106166362762,0.06933460384607315,0.951555609703064,0.002777575049549341,0.004150390625,0.2527881860733032
377,772096,1814,0.533960947394371,10.67,292,-0.0056823864579200745,0.06617170572280884,1.0103346109390259,0.002767253667116165,0.00830078125,0.24935588240623474
378,774144,1814,0.47428047299385073,10.88,295,0.00021404866129159927,0.06270283460617065,1.0086785554885864,0.003041153075173497,0.0150146484375,0.2567724883556366
379,776192,1814,0.4644189327955246,11.24,286,-0.0018760114908218384,0.06464801728725433,1.013173222541809,0.0004501009825617075,0.0003662109375,0.2559970021247864
380,778240,1814,0.5032579892873764,12.08,271,0.0014836974442005157,0.06064998358488083,1.1024229526519775,0.0038143557030707598,0.0052490234375,0.2546895146369934
381,780288,1814,0.5331301766633988,11.42,283,-0.0039894916117191315,0.06343185156583786,1.086265206336975,0.002735967980697751,0.0035400390625,0.24580663442611694
382,782336,1814,0.524291124343872,11.51,273,-0.0026938579976558685,0.05922183394432068,1.0516600608825684,0.0050741578452289104,0.0181884765625,0.24067215621471405
383,784384,1813,0.4255372780561447,10.32,292,0.0006163623183965683,0.06810793280601501,1.066765308380127,0.0016774884425103664,0.0023193359375,0.244206964969635
384,786432,1814,0.56260828435421,12.06,272,0.0019371397793293,0.060308609157800674,1.140688180923462,0.0028379603754729033,0.012939453125,0.22724275290966034
385,788480,1814,0.43462130188941955,12.53,268,-0.007662056013941765,0.060720402747392654,1.2002291679382324,0.003111309604719281,0.0089111328125,0.21580742299556732
386,790528,1815,0.523140829205513,12.31,259,-0.005224589258432388,0.05850159004330635,1.1520674228668213,0.006115861237049103,0.009765625,0.22221660614013672
387,792576,1815,0.46384378492832185,12.15,276,-0.002278551459312439,0.06390170753002167,1.113750696182251,0.002272213576361537,0.0,0.23494791984558105
388,794624,1816,0.6118094682693481,12.33,271,-0.0018690824508666992,0.06192749738693237,1.036556601524353,0.0036024923902004957,0.0,0.22812002897262573
389,796672,1816,0.4942272168397903,10.73,285,0.008704254403710365,0.06464889645576477,0.9203425645828247,0.006577349733561277,0.011474609375,0.23337844014167786
390,798720,1816,0.4644721907377243,10.79,287,-0.00254659540951252,0.05956121161580086,0.9457284808158875,0.0005103328730911016,0.0015869140625,0.23802587389945984
391,800768,1817,0.5048875737190247,9.46,316,-0.005070379003882408,0.07004428654909134,0.9792724847793579,0.0013040693011134863,0.00390625,0.226408451795578
392,802816,1817,0.4839502954483032,11.18,293,-0.006192428059875965,0.06219307333230972,1.0136723518371582,0.0016607691068202257,0.0020751953125,0.22830477356910706
393,804864,1818,0.474131361246109,11.4,287,-0.005195755045861006,0.06345275789499283,1.0404672622680664,0.0024743101093918085,0.0123291015625,0.2299516797065735
394,806912,1818,0.45461065173149107,11.17,289,0.0017594397068023682,0.06547336280345917,1.054492473602295,0.0048043737187981606,0.0194091796875,0.22253279387950897
395,808960,1818,0.5043656820058823,11.12,281,0.0037723476998507977,0.06389451026916504,1.0402636528015137,0.001266710227355361,0.006103515625,0.22104287147521973
396,811008,1818,0.5537053239345551,10.91,292,-0.007846377789974213,0.06739600747823715,1.0381102561950684,0.002231515245512128,0.0018310546875,0.21347767114639282
397,813056,1819,0.4648982262611389,11.95,284,-0.002441808581352234,0.062389787286520004,1.05735182762146,0.0019375982228666544,0.0111083984375,0.2188945710659027
398,815104,1819,0.49416331231594085,11.12,277,-0.001356201246380806,0.06204250827431679,1.0516421794891357,0.0009530181996524334,0.0003662109375,0.2236824631690979
399,817152,1819,0.4638437861204147,13.01,272,-0.0038488581776618958,0.06092377379536629,1.092757225036621,0.0038105298299342394,0.0223388671875,0.22523009777069092
400,819200,1819,0.5741739648580552,10.09,289,-0.003359805792570114,0.0672914981842041,0.995746374130249,0.0033256050664931536,0.014404296875,0.2453981339931488
401,821248,1819,0.4841420102119446,10.78,292,-0.004083947278559208,0.0658043697476387,1.0667545795440674,0.0035470142029225826,0.0234375,0.23667703568935394
402,823296,1820,0.46564378559589387,10.18,283,-0.005858715623617172,0.06191931292414665,1.0432838201522827,0.0014105408918112516,0.0013427734375,0.24460476636886597
403,825344,1820,0.5239289945363999,10.55,285,-0.010885044932365417,0.06020371988415718,0.9649819731712341,0.006022091954946518,0.01513671875,0.24304717779159546
404,827392,1820,0.5437692308425903,10.64,291,-0.008672477677464485,0.0676426962018013,0.9558398127555847,0.0016073749866336584,0.00146484375,0.23353838920593262
405,829440,1820,0.4942378711700439,10.36,300,-0.008844698779284954,0.06764163821935654,1.0528552532196045,0.004497583024203777,0.0142822265625,0.2238321304321289
406,831488,1820,0.42519645154476166,10.5,289,-0.0030101463198661804,0.059359900653362274,1.0840080976486206,0.0018434729427099228,0.001953125,0.21725678443908691
407,833536,1820,0.49408875823020937,11.3,294,0.0002982020378112793,0.06794402748346329,1.023493766784668,0.0023942177649587393,0.0198974609375,0.21474409103393555
408,835584,1819,0.5531940817832947,11.43,287,-0.004700550809502602,0.06539951264858246,1.0175869464874268,0.0016560473013669252,0.0048828125,0.204123854637146
409,837632,1819,0.5737798815965652,10.86,288,-0.009733282029628754,0.06278585642576218,0.9461113810539246,0.005056601949036121,0.0216064453125,0.21636462211608887
410,839680,1819,0.4441100591421127,11.68,284,-0.0022933147847652435,0.058685965836048126,0.9654731154441833,0.002260967157781124,0.0028076171875,0.21328747272491455
411,841728,1820,0.534663907289505,9.95,306,-0.00473269447684288,0.06822166591882706,0.900443434715271,0.003880531992763281,0.01171875,0.2306559532880783
412,843776,1820,0.6131088757514953,10.24,307,0.0040051937103271484,0.06969261169433594,0.9505560398101807,0.0020427550189197063,0.00439453125,0.2152438461780548
413,845824,1820,0.44510059177875516,10.51,294,-0.0035798195749521255,0.06617952138185501,0.9352361559867859,0.00272301584482193,0.0087890625,0.20553676784038544
414,847872,1820,0.5233751475811005,10.83,304,-0.003176300786435604,0.06947047263383865,0.9469643235206604,0.0014124778099358082,0.005126953125,0.20298126339912415
415,849920,1821,0.5147597622871399,10.06,284,-0.0024020206183195114,0.06007426977157593,0.9611566066741943,0.0012798425741493702,0.0169677734375,0.20142392814159393
416,851968,1821,0.4555692309141159,9.04,316,0.001360572874546051,0.07033662497997284,0.9192017316818237,0.0019143265672028065,0.0020751953125,0.1952109932899475
417,854016,1821,0.5549088752269745,8.74,316,-0.005662195384502411,0.06866085529327393,0.8924566507339478,0.0011493582278490067,0.0035400390625,0.20132535696029663
418,856064,1821,0.3362615376710892,9.91,298,-0.01332755759358406,0.06047965958714485,0.9376653432846069,0.0024796880315989256,0.02978515625,0.19779428839683533
419,858112,1821,0.4748236680030823,10.05,290,-0.0041107721626758575,0.06428781151771545,1.0045336484909058,0.0019635003991425037,0.0062255859375,0.1928098201751709
420,860160,1822,0.4935242587327957,11.92,283,0.006915026344358921,0.06269453465938568,1.0950522422790527,0.004901813343167305,0.0440673828125,0.18327340483665466
421,862208,1821,0.5135988175868988,11.36,284,-0.0044936612248420715,0.06451068818569183,1.1365468502044678,0.0034260894171893597,0.0113525390625,0.1763949990272522
422,864256,1821,0.5235562139749527,11.91,270,-0.011502274312078953,0.060569342225790024,1.228440523147583,0.004073695745319128,0.0264892578125,0.1609358787536621
423,866304,1821,0.4539822524785995,13.18,253,-0.00595678249374032,0.058839716017246246,1.2553375959396362,0.003263611812144518,0.0048828125,0.15645632147789001
424,868352,1821,0.5422781056165695,12.9,256,-0.008944712579250336,0.057134855538606644,1.2673137187957764,0.0042379978112876415,0.013671875,0.16591715812683105
425,870400,1820,0.44314082980155944,13.13,254,0.006837870925664902,0.056056808680295944,1.3168461322784424,0.005431673489511013,0.0167236328125,0.16121789813041687
426,872448,1821,0.44294911205768583,14.93,240,-0.0005803480744361877,0.05487910658121109,1.3235989809036255,0.002404597355052829,0.0179443359375,0.16347166895866394
427,874496,1821,0.41442958533763885,13.18,250,-0.013443570584058762,0.05045829713344574,1.3555712699890137,0.0035530386958271265,0.018310546875,0.16049250960350037
428,876544,1822,0.4623207080364227,14.53,236,0.0022917473688721657,0.04967556893825531,1.3649065494537354,0.0033739525824785233,0.0137939453125,0.1618170142173767
429,878592,1822,0.4416497057676315,15.9,226,0.005104497075080872,0.04567631334066391,1.4122282266616821,0.0028606171254068613,0.003662109375,0.15522697567939758
430,880640,1822,0.4799349111318588,16.68,232,-0.009050967171788216,0.04977940768003464,1.4143054485321045,0.0034539224579930305,0.0029296875,0.1590881198644638
431,882688,1823,0.4223100596666336,15.3,237,-0.00859843660145998,0.04771805182099342,1.4888345003128052,0.005058157257735729,0.009033203125,0.15636193752288818
432,884736,1823,0.4994769221544266,19.06,207,-0.0062554385513067245,0.04265121743083,1.5030739307403564,0.001196712488308549,0.0,0.15455949306488037
433,886784,1823,0.4808082854747772,17.96,214,-0.0055346377193927765,0.04438477009534836,1.3618583679199219,0.010119114071130753,0.0433349609375,0.17835742235183716
434,888832,1822,0.5713088744878769,14.31,242,1.2891367077827454e-05,0.05312281847000122,1.3611778020858765,0.0013857479207217693,0.0042724609375,0.17011579871177673
435,890880,1821,0.49161775290966037,16.94,228,-0.009687560610473156,0.04929722473025322,1.373630404472351,0.005967536475509405,0.0152587890625,0.17067360877990723
436,892928,1820,0.4131727826595306,15.22,231,0.0028462870977818966,0.04759271815419197,1.390734076499939,0.0042429640889167786,0.0235595703125,0.17544539272785187
437,894976,1820,0.45102129995822904,16.78,224,-0.0015665190294384956,0.05157759413123131,1.3762706518173218,0.002332229632884264,0.0009765625,0.1718849241733551
438,897024,1820,0.5023952686786651,14.93,238,-0.007681259885430336,0.05139594152569771,1.3120481967926025,0.010599430650472641,0.0423583984375,0.17558009922504425
439,899072,1820,0.532331360578537,13.62,251,-0.010108758695423603,0.05549940839409828,1.2920721769332886,0.004504815675318241,0.0166015625,0.18072055280208588
440,901120,1820,0.42466390669345855,12.51,263,-0.0024876669049263,0.05589771270751953,1.31019926071167,0.0017758787143975496,0.000244140625,0.1833392232656479
441,903168,1820,0.48305562376976013,13.93,249,3.2714568078517914e-05,0.05502970144152641,1.2747329473495483,0.003410744247958064,0.0025634765625,0.18703733384609222
442,905216,1820,0.43411005854606627,13.04,257,-0.006618984043598175,0.057762302458286285,1.316750407218933,0.0021862350404262543,0.0010986328125,0.17322584986686707
443,907264,1821,0.47383313775062563,12.39,256,0.005867166444659233,0.05910653993487358,1.336448073387146,0.0016930156853049994,0.0,0.16497096419334412
444,909312,1821,0.4734923070669174,12.55,261,-0.012406906113028526,0.05988968163728714,1.353562593460083,0.0015257485210895538,0.0001220703125,0.17183524370193481
445,911360,1821,0.5619372791051864,13.59,243,0.012486226856708527,0.05895136296749115,1.3276296854019165,0.007968357764184475,0.01123046875,0.1647505760192871
446,913408,1822,0.4835242593288422,13.66,251,-0.00370034109801054,0.053979113698005676,1.3094298839569092,0.0010955608449876308,0.0001220703125,0.169597327709198
447,915456,1821,0.5622461551427841,12.48,262,-0.004835683852434158,0.05923386290669441,1.242201566696167,0.0032650253269821405,0.001220703125,0.1807466745376587
448,917504,1822,0.43297041416168214,14.26,245,-0.004866030067205429,0.05107032507658005,1.2324923276901245,0.0017364316154271364,0.0,0.1892995834350586
449,919552,1823,0.4837905317544937,11.84,267,-0.004684491083025932,0.06039935350418091,1.2960855960845947,0.0041414229199290276,0.0064697265625,0.18339523673057556
450,921600,1822,0.5612875753641129,14.48,250,-0.006956797093153,0.05556038022041321,1.2506763935089111,0.0032495693303644657,0.0003662109375,0.19188904762268066
451,923648,1822,0.5429491132497788,12.71,261,-0.007731590420007706,0.058727115392684937,1.297670841217041,0.0028225353453308344,0.0025634765625,0.1838637888431549
452,925696,1822,0.39494082927703855,13.5,261,-0.004535529762506485,0.05580173805356026,1.3142000436782837,0.0036876522935926914,0.00732421875,0.176967054605484
453,927744,1822,0.6011491119861603,13.03,245,-0.00899842381477356,0.053587380796670914,1.2916735410690308,0.0016748453490436077,0.0001220703125,0.1789255440235138
454,929792,1821,0.453407102227211,13.06,254,-0.004972809925675392,0.057779476046562195,1.2609496116638184,0.0012299406807869673,0.0,0.1918790638446808
455,931840,1822,0.5231514811515808,12.08,258,-0.013926247134804726,0.05750572681427002,1.2421879768371582,0.006711989175528288,0.0120849609375,0.18036103248596191
456,933888,1822,0.5130982238054276,12.05,275,-0.004895420745015144,0.06290674209594727,1.1893861293792725,0.001826992491260171,0.0,0.18910467624664307
457,935936,1822,0.5326295852661133,12.75,260,-0.003381764516234398,0.05876003950834274,1.2348624467849731,0.0021651957649737597,0.007568359375,0.18193569779396057
458,937984,1822,0.5331408268213272,12.03,271,-0.00552448071539402,0.06304839253425598,1.170339584350586,0.001848292537033558,0.0,0.19677631556987762
459,940032,1822,0.6030236703157424,11.89,269,-0.0006234757602214813,0.058009132742881775,1.147143006324768,0.005510061047971249,0.013427734375,0.2079458236694336
460,942080,1822,0.5134390532970429,11.74,276,-0.01027425192296505,0.06054358556866646,1.0705715417861938,0.0030245319940149784,0.0047607421875,0.20976369082927704
461,944128,1821,0.5140035510063171,10.97,286,-0.005824089050292969,0.06337050348520279,1.0195345878601074,0.003580921096727252,0.00244140625,0.2080751657485962
462,946176,1821,0.5440781044960022,10.2,293,-0.002531135454773903,0.06516563147306442,0.9188892245292664,0.0015997993759810925,0.0001220703125,0.21209841966629028
463,948224,1821,0.445728994011879,9.42,309,0.00012132897973060608,0.06993231922388077,1.030436635017395,0.0014898653607815504,0.0009765625,0.18832910060882568
464,950272,1821,0.4747491133213043,10.88,283,0.0014895526692271233,0.061743564903736115,0.9819848537445068,0.00318235089071095,0.0015869140625,0.18938255310058594
465,952320,1821,0.5345360940694809,10.17,303,-0.019208993762731552,0.06737302243709564,1.0003526210784912,0.0034881019964814186,0.0096435546875,0.18980851769447327
466,954368,1822,0.47480236530303954,10.42,304,0.0062578096985816956,0.06862616539001465,1.0245938301086426,0.0011926267761737108,0.0023193359375,0.19304515421390533
467,956416,1821,0.5147065085172653,9.78,303,-0.004113548435270786,0.0643732026219368,0.9506256580352783,0.0036368987057358027,0.005126953125,0.20151901245117188
468,958464,1820,0.5037905329465866,11.08,297,-0.0026240721344947815,0.06700735539197922,0.9762577414512634,0.0011563356965780258,0.0010986328125,0.19172970950603485
469,960512,1820,0.6032260358333588,10.19,292,-0.0008163079619407654,0.06527253985404968,0.9380785226821899,0.0025126785039901733,0.0045166015625,0.20790092647075653
470,962560,1820,0.5735349106788635,10.17,300,-0.005646440200507641,0.06326138973236084,0.9573222398757935,0.0010709925554692745,0.0126953125,0.20752942562103271
471,964608,1820,0.47490887641906737,10.61,291,-0.005439832806587219,0.06554009765386581,1.011965274810791,0.002492835745215416,0.010986328125,0.20405220985412598
472,966656,1821,0.41514319717884063,10.35,297,-0.004818488843739033,0.07163045555353165,1.0367696285247803,0.002369567984715104,0.013916015625,0.21185380220413208
473,968704,1820,0.45451479256153104,10.97,277,-0.0034187734127044678,0.057855796068906784,1.100377082824707,0.0036390426103025675,0.0115966796875,0.20943552255630493
474,970752,1820,0.484003546833992,11.05,279,-0.0007604127749800682,0.06439362466335297,1.0083576440811157,0.007127055898308754,0.02294921875,0.21389293670654297
475,972800,1820,0.5040568041801453,11.45,281,-0.004290382377803326,0.06291023641824722,1.027727484703064,0.002154348883777857,0.0020751953125,0.2092629075050354
476,974848,1819,0.4943656826019287,10.54,292,-0.005766965448856354,0.06468183547258377,1.0696181058883667,0.002219732152298093,0.0074462890625,0.20550218224525452
477,976896,1819,0.5335029584169387,10.72,289,-0.0032640062272548676,0.06691734492778778,1.1637442111968994,0.003794007236137986,0.0118408203125,0.19038793444633484
478,978944,1818,0.4347491121292114,10.92,280,-0.001315123401582241,0.06410728394985199,1.1754292249679565,0.0013272534124553204,0.0,0.19406315684318542
479,980992,1819,0.5232899397611618,11.0,279,-0.007010061759501696,0.057405952364206314,1.0824764966964722,0.003697634907439351,0.0028076171875,0.20873066782951355
480,983040,1818,0.6036094671487808,10.44,284,-0.00816095620393753,0.06572471559047699,1.0672142505645752,0.003041657153517008,0.0008544921875,0.20551656186580658
481,985088,1819,0.5241633152961731,10.45,294,-0.0020612478256225586,0.0667194053530693,1.0280407667160034,0.0011981597635895014,0.0,0.20736825466156006
482,987136,1819,0.5341739648580551,9.85,302,-0.008138414472341537,0.07283109426498413,0.9758869409561157,0.002651526127010584,0.000244140625,0.22416019439697266
483,989184,1819,0.5046532523632049,9.98,307,0.00023304368369281292,0.06914909183979034,0.9990413188934326,0.0037629834841936827,0.0057373046875,0.2185034304857254
484,991232,1820,0.46457869946956637,10.14,301,0.0015987223014235497,0.0683644562959671,1.0410358905792236,0.0018217961769551039,0.006591796875,0.2051536589860916
485,993280,1820,0.42513254523277283,11.21,285,-0.003583912504836917,0.0595158152282238,0.9708660244941711,0.004828110337257385,0.02783203125,0.20509667694568634
486,995328,1820,0.5738757407665253,10.63,287,-0.000565181951969862,0.06609168648719788,1.0484462976455688,0.001151697477325797,0.008544921875,0.2009197175502777
487,997376,1820,0.47419526398181916,10.56,293,0.0018967315554618835,0.06851539760828018,1.0073771476745605,0.0018519789446145296,0.0006103515625,0.2027779072523117
488,999424,1819,0.4549514806270599,10.33,304,-0.00641380250453949,0.07079542428255081,0.9960004687309265,0.00304490071721375,0.01220703125,0.21372166275978088
489,1001472,1819,0.4747810655832291,10.7,296,-0.009997827932238579,0.06395350396633148,0.9431231021881104,0.0026074382476508617,0.0013427734375,0.21713563799858093
490,1003520,1819,0.48496213018894196,10.26,301,-0.0027426667511463165,0.06799387186765671,0.9923259019851685,0.002445945516228676,0.0181884765625,0.2133018523454666
491,1005568,1819,0.4355266261100769,10.65,291,-0.002076162025332451,0.06654492020606995,1.0177781581878662,0.0017927337903529406,0.00390625,0.20559071004390717
492,1007616,1820,0.5337905329465866,10.04,294,0.0017771776765584946,0.06197215989232063,0.9555061459541321,0.002455020323395729,0.0181884765625,0.1986333727836609
493,1009664,1820,0.42568639159202576,9.59,299,-0.00875492487102747,0.06707495450973511,0.9863020181655884,0.0026852961163967848,0.009521484375,0.19501543045043945
494,1011712,1819,0.4356650882959366,9.44,311,-0.0014704149216413498,0.06582317501306534,1.0150425434112549,0.00199525966309011,0.0101318359375,0.18989819288253784
495,1013760,1819,0.50381183385849,10.82,298,0.008212015964090824,0.06189694255590439,0.990776777267456,0.0035655060783028603,0.010986328125,0.17892377078533173
496,1015808,1819,0.38561183094978335,10.02,299,0.0010303109884262085,0.06768081337213516,0.9998219609260559,0.002419323893263936,0.0028076171875,0.18131598830223083
497,1017856,1819,0.47448283910751343,11.03,289,-0.003973796963691711,0.06027844920754433,0.9854148626327515,0.005712958984076977,0.021484375,0.19560541212558746
498,1019904,1819,0.4350366854667664,10.27,302,-0.001880698837339878,0.06651358306407928,0.9885883927345276,0.000941060483455658,0.0057373046875,0.19255667924880981
499,1021952,1819,0.4550473362207413,10.14,296,-0.003418929874897003,0.06859718263149261,1.0337871313095093,0.0015761994291096926,0.000732421875,0.18209639191627502
500,1024000,1820,0.4254946756362915,10.5,300,-0.005768699571490288,0.0628705769777298,1.0061511993408203,0.0027825392317026854,0.0157470703125,0.1861545592546463
501,1026048,1820,0.4847597646713257,10.72,294,-0.009792082011699677,0.060243986546993256,0.9894036054611206,0.00328395189717412,0.0225830078125,0.1904524564743042
502,1028096,1820,0.4551538467407227,9.88,311,-0.007855050265789032,0.06875930726528168,0.9860904216766357,0.002957127057015896,0.0068359375,0.20350465178489685
503,1030144,1820,0.5042165696620942,10.42,301,-0.0038359984755516052,0.06960847228765488,1.0656235218048096,0.003518775338307023,0.0108642578125,0.1983782947063446
504,1032192,1820,0.48421656668186186,10.59,285,-0.0008628815412521362,0.07037075608968735,1.0263832807540894,0.0019648270681500435,0.0,0.19423362612724304
505,1034240,1821,0.5831088763475418,10.52,301,-0.00777236744761467,0.06941454857587814,1.0491344928741455,0.0017944141291081905,0.0,0.19888527691364288
506,1036288,1821,0.5436840236186982,10.61,303,-0.0019154706969857216,0.06652428209781647,1.0349488258361816,0.002299527171999216,0.0169677734375,0.203865647315979
507,1038336,1821,0.474813015460968,9.63,304,0.0005106963217258453,0.0653807744383812,1.0612550973892212,0.001528673805296421,0.0013427734375,0.21353548765182495
508,1040384,1821,0.41456804871559144,12.14,272,0.002161361277103424,0.06070779636502266,1.0201882123947144,0.0014600662980228662,0.0003662109375,0.21176686882972717
509,1042432,1821,0.4847384625673294,9.86,294,-0.0026337523013353348,0.07175512611865997,1.0263586044311523,0.0013473203871399164,0.0035400390625,0.2176741063594818
510,1044480,1820,0.5440781056880951,10.14,305,0.0013351680245250463,0.06665599346160889,1.0241992473602295,0.0016073822043836117,0.0001220703125,0.21243372559547424
511,1046528,1820,0.5047065079212188,9.99,296,-0.0006519472226500511,0.06622637063264847,1.0268429517745972,0.003652381943538785,0.001708984375,0.22501853108406067
512,1048576,1821,0.43519645035266874,9.9,303,0.0058907680213451385,0.06562770903110504,1.0142303705215454,0.001977173611521721,0.002197265625,0.23682406544685364
513,1050624,1820,0.4941952657699585,10.92,286,0.00014580972492694855,0.06332337111234665,0.9481930136680603,0.0028443667106330395,0.0015869140625,0.2367009073495865
514,1052672,1819,0.5637372756004333,10.52,302,0.0017064660787582397,0.0684700459241867,0.9023532867431641,0.0027695405296981335,0.0025634765625,0.24250417947769165
515,1054720,1819,0.485068638920784,10.24,300,0.004457553848624229,0.06375209242105484,0.8408211469650269,0.0014567202888429165,0.0003662109375,0.2468799203634262
516,1056768,1820,0.4847384625673294,9.96,319,-0.005262069404125214,0.06929583102464676,0.8872380256652832,0.0009882862213999033,0.0001220703125,0.23568937182426453
517,1058816,1820,0.5932899385690689,10.11,307,0.0022533107548952103,0.0699508786201477,0.965657114982605,0.00299727451056242,0.0140380859375,0.22539621591567993
518,1060864,1821,0.5933964478969574,10.42,301,-0.0013525262475013733,0.06497994810342789,0.9197269678115845,0.0030996466521173716,0.0050048828125,0.23026229441165924
519,1062912,1821,0.49522840201854706,9.13,315,-0.0067035360261797905,0.07205735892057419,1.020495891571045,0.0036281512584537268,0.0191650390625,0.22300557792186737
520,1064960,1822,0.4059526640176773,10.27,300,-0.003443945199251175,0.06869050860404968,1.068576693534851,0.0040348186157643795,0.0068359375,0.22736814618110657
521,1067008,1822,0.44438698172569274,10.72,296,-0.005751816090196371,0.06588084995746613,1.0944898128509521,0.00275977305136621,0.0047607421875,0.229438915848732
522,1069056,1822,0.49463195145130157,10.58,285,-0.0001540258526802063,0.06488531082868576,1.0991696119308472,0.0016018268652260303,0.0008544921875,0.21732041239738464
523,1071104,1823,0.5433431935310363,11.39,287,-0.0014085620641708374,0.06528491526842117,1.1050994396209717,0.0023777796886861324,0.003173828125,0.20978716015815735
524,1073152,1823,0.48413136184215544,11.6,286,-0.0021105296909809113,0.06558600813150406,1.157564401626587,0.0036665722727775574,0.0078125,0.21022018790245056
525,1075200,1823,0.6621715986728668,10.87,281,0.00555436173453927,0.06339201331138611,1.1212198734283447,0.0031791594810783863,0.00341796875,0.20799723267555237
526,1077248,1823,0.46407810628414153,11.72,284,-0.0003134980797767639,0.06507766246795654,1.1769154071807861,0.004267589654773474,0.0096435546875,0.19919176399707794
527,1079296,1824,0.43478106558322904,11.24,284,-0.0020782873034477234,0.06440836936235428,1.1804242134094238,0.0018083574250340462,0.00244140625,0.21252447366714478
528,1081344,1824,0.5030449706315995,12.34,268,0.00020710378885269165,0.05975990742444992,1.1944295167922974,0.0007807132788002491,0.0,0.21440938115119934
529,1083392,1824,0.49331124126911163,12.81,258,-0.000806812196969986,0.057580798864364624,1.1907987594604492,0.0008723377250134945,0.0030517578125,0.2114001214504242
530,1085440,1824,0.42408875823020936,11.79,279,-0.00987803004682064,0.05863533541560173,1.2621409893035889,0.0036373171024024487,0.0130615234375,0.1996232569217682
531,1087488,1825,0.4643124258518219,12.16,266,-0.008084660395979881,0.05957309156656265,1.221298336982727,0.0026054687332361937,0.0003662109375,0.20475620031356812
532,1089536,1825,0.5920970416069031,12.27,269,-0.0027416590601205826,0.05962814763188362,1.1875911951065063,0.0037597890477627516,0.0113525390625,0.20063060522079468
533,1091584,1825,0.4545147943496704,10.99,282,-0.012451276183128357,0.06762932986021042,1.210720181465149,0.004189211875200272,0.0152587890625,0.19803835451602936
534,1093632,1825,0.5034071028232574,11.63,269,0.0075178323313593864,0.0642169937491417,1.0891903638839722,0.007026962004601955,0.0069580078125,0.2238667607307434
535,1095680,1824,0.4442272162437439,11.82,271,-0.0006115660071372986,0.05838854983448982,1.089168667793274,0.002045530593022704,0.00390625,0.2221207618713379
536,1097728,1825,0.5332047331333161,11.85,285,0.0023607872426509857,0.062209997326135635,1.1514596939086914,0.002615812001749873,0.007568359375,0.21733765304088593
537,1099776,1825,0.44405680656433105,11.58,285,-0.006227901205420494,0.06361223757266998,1.1607565879821777,0.0031951407436281443,0.0111083984375,0.2096007764339447
538,1101824,1825,0.5232047355175018,12.71,262,-0.004105284810066223,0.05731828138232231,1.141613245010376,0.0030570714734494686,0.0089111328125,0.20992597937583923
539,1103872,1825,0.4444508868455887,11.13,290,-0.0010071899741888046,0.061418723315000534,1.1030603647232056,0.004025469534099102,0.0128173828125,0.21245980262756348
540,1105920,1825,0.5238757407665253,11.28,272,-0.007334779482334852,0.060661621391773224,1.0451408624649048,0.006451373919844627,0.0076904296875,0.21615146100521088
541,1107968,1825,0.5040142017602921,10.96,289,-0.0019255056977272034,0.05791803076863289,1.0476210117340088,0.002819670829921961,0.0050048828125,0.21404653787612915
542,1110016,1825,0.563247337937355,10.59,295,0.002165878191590309,0.06723097711801529,1.1078147888183594,0.004247062373906374,0.009033203125,0.2134021818637848
543,1112064,1825,0.46327928960323334,12.13,272,0.0003778664395213127,0.0605553463101387,1.1226692199707031,0.001055744243785739,0.0076904296875,0.2085571587085724
544,1114112,1825,0.5335455632209778,10.75,279,-0.004273771308362484,0.061720024794340134,1.1258360147476196,0.001265243859961629,0.0087890625,0.20267346501350403
545,1116160,1825,0.5434497040510178,11.24,281,-0.0013105617836117744,0.06698864698410034,1.0512605905532837,0.005389041732996702,0.047607421875,0.2069244533777237
546,1118208,1825,0.5240568059682846,10.51,286,-0.0015061970334500074,0.06439466029405594,1.04555344581604,0.0007215307559818029,0.0030517578125,0.20796117186546326
547,1120256,1825,0.5733644968271255,11.36,290,-0.010319316759705544,0.06584572792053223,0.9929081201553345,0.002297712257131934,0.0069580078125,0.21338310837745667
548,1122304,1825,0.4653881651163101,10.27,300,-0.0034193601459264755,0.06665490567684174,1.0438638925552368,0.0017008271533995867,0.0042724609375,0.20480786263942719
549,1124352,1825,0.5343230766057968,10.67,289,-0.0013186577707529068,0.06500158458948135,0.9404212236404419,0.007563871331512928,0.0185546875,0.22696053981781006
550,1126400,1826,0.5039076912403107,10.77,295,-0.005522130057215691,0.06588277220726013,0.9655717015266418,0.0007909603882580996,0.00048828125,0.22103148698806763
551,1128448,1826,0.5838757401704788,9.9,304,0.002800658345222473,0.06987660378217697,0.9860670566558838,0.0005088048055768013,0.0015869140625,0.2088116556406021
552,1130496,1827,0.49508994042873383,9.75,301,-0.0033571757376194,0.06574482470750809,0.9661796689033508,0.001367973629385233,0.001708984375,0.2063363641500473
553,1132544,1827,0.4853988146781921,9.19,307,0.005639137700200081,0.06660741567611694,0.9002071619033813,0.0027535969857126474,0.0013427734375,0.21333710849285126
554,1134592,1827,0.4948875725269318,10.01,307,-0.009137211367487907,0.06543555855751038,0.9374279379844666,0.0029410868883132935,0.00830078125,0.2134101390838623
555,1136640,1827,0.4838757401704788,10.66,295,-0.006530798971652985,0.06588202714920044,1.0525670051574707,0.006283847615122795,0.0225830078125,0.2034352421760559
556,1138688,1828,0.48438698291778565,10.82,285,0.0010167458094656467,0.0619051530957222,1.0504378080368042,0.0009329770691692829,0.0029296875,0.2023206651210785
557,1140736,1828,0.4647065085172653,10.56,298,9.497441351413727e-05,0.0694485753774643,1.0305612087249756,0.0016849935054779053,0.00146484375,0.20846381783485413
558,1142784,1827,0.5142378687858582,10.53,293,0.0036015408113598824,0.06520985811948776,0.9617375135421753,0.004003164358437061,0.0006103515625,0.21129782497882843
559,1144832,1827,0.4151325452327728,10.29,302,-0.0017200401052832603,0.06662020087242126,0.9063217043876648,0.002378894481807947,0.0,0.2337101846933365
560,1146880,1827,0.5636627209186554,9.94,311,-0.004642670974135399,0.06641262024641037,0.8891592025756836,0.0016600722447037697,0.0018310546875,0.2392181009054184
561,1148928,1827,0.5343230772018432,9.78,313,-0.003411557525396347,0.06740279495716095,0.8660709261894226,0.0008129172492772341,0.0,0.24010691046714783
562,1150976,1828,0.5245786994695664,10.35,311,-0.0017036963254213333,0.06863990426063538,0.8633122444152832,0.0011132382787764072,0.000732421875,0.24163655936717987
563,1153024,1827,0.4455053263902664,9.28,316,-0.0019923504441976547,0.07201267033815384,0.8855465650558472,0.0010447865352034569,0.0,0.2502012848854065
564,1155072,1827,0.41511124432086943,10.08,305,-0.0016975514590740204,0.06715807318687439,0.9223417043685913,0.0009299982339143753,0.0003662109375,0.2443045973777771
565,1157120,1827,0.514962130188942,9.57,313,-0.0022543128579854965,0.06887885183095932,0.9170728921890259,0.0010393448173999786,0.0,0.2411498725414276
566,1159168,1827,0.42572899401187897,9.49,318,-0.003863375633955002,0.06705331057310104,0.9510409832000732,0.0011082475539296865,0.0009765625,0.23986271023750305
567,1161216,1828,0.5441846114397049,9.66,304,-0.0017657699063420296,0.06444557756185532,0.9910236597061157,0.0008125626482069492,0.0,0.2317361831665039
568,1163264,1828,0.46502603590488434,10.69,300,-0.00011291354894638062,0.07061801850795746,0.9778110384941101,0.0006628965493291616,0.0001220703125,0.23542314767837524
569,1165312,1828,0.4351325458288193,10.64,304,-0.007296179886907339,0.07259101420640945,0.9252998232841492,0.0024378274101763964,0.00048828125,0.24741679430007935
570,1167360,1828,0.5238224852085114,10.3,305,-0.0005112886428833008,0.06736838817596436,0.8958753347396851,0.00016773585230112076,0.0,0.2593584954738617
571,1169408,1828,0.5542378705739975,10.04,310,-0.0016795843839645386,0.06799537688493729,0.953023374080658,0.000960721168667078,0.000244140625,0.24058422446250916
572,1171456,1828,0.5348875749111176,9.06,313,0.0015630219131708145,0.06726541370153427,0.9217703342437744,0.0006670244038105011,0.0,0.24251660704612732
573,1173504,1828,0.44555857956409456,9.78,315,-0.003728225827217102,0.06806827336549759,0.922516405582428,0.00045206304639577866,0.0,0.2567349672317505
574,1175552,1829,0.43528165817260744,10.18,302,5.515478551387787e-05,0.06821083277463913,0.9327471852302551,0.0006623317021876574,0.0,0.257673978805542
575,1177600,1829,0.5643869805335998,9.34,315,-0.010059894993901253,0.0705515667796135,0.8819870352745056,0.0016629202291369438,0.0001220703125,0.2622830867767334
576,1179648,1829,0.4548236691951752,9.74,304,0.0026256516575813293,0.06629334390163422,0.935003936290741,0.0027572172693908215,0.0084228515625,0.26172834634780884
577,1181696,1829,0.4553775119781494,9.68,303,0.0009524542838335037,0.0664980486035347,0.9686389565467834,0.0009418081026524305,0.0,0.25396960973739624
578,1183744,1830,0.47431242644786836,10.88,292,0.0031101778149604797,0.06918001174926758,0.9789035320281982,0.001744906883686781,0.0,0.2510942816734314
579,1185792,1830,0.5337905323505402,10.32,294,-0.00036355480551719666,0.06466451287269592,1.026857614517212,0.0016777862329035997,0.0008544921875,0.2540656328201294
580,1187840,1830,0.5534390538930893,11.81,277,-0.0023289434611797333,0.05874110758304596,1.048105001449585,0.001687531592324376,0.0001220703125,0.24950236082077026
581,1189888,1830,0.5238331359624863,11.29,288,0.0005153613165020943,0.06315407902002335,1.0811697244644165,0.002129392931237817,0.0008544921875,0.23491322994232178
582,1191936,1831,0.5243550282716751,10.03,297,-0.002673078328371048,0.06579738855361938,1.0427849292755127,0.001126146875321865,0.000244140625,0.2519521117210388
583,1193984,1831,0.6124272203445434,11.47,281,-0.0010919275227934122,0.061138786375522614,1.0441250801086426,0.0023590142372995615,0.001953125,0.25240716338157654
584,1196032,1831,0.4645041435956955,10.27,300,0.0013674194924533367,0.06765621155500412,1.0449820756912231,0.0005844207480549812,0.0128173828125,0.24668726325035095
585,1198080,1831,0.4943337243795395,10.68,298,0.0001955181360244751,0.06536606699228287,1.098557710647583,0.0016953484155237675,0.0,0.24314969778060913
586,1200128,1831,0.5036094659566879,11.82,272,-0.003252606838941574,0.059985704720020294,1.0800682306289673,0.004227797035127878,0.0050048828125,0.22977173328399658
587,1202176,1832,0.4446532529592514,11.19,277,0.00348683912307024,0.06240813434123993,1.1489845514297485,0.0035372416023164988,0.00537109375,0.21753443777561188
588,1204224,1832,0.46425917267799377,11.67,286,-0.0063019380904734135,0.06355997920036316,1.1064561605453491,0.0020326944068074226,0.0,0.2267749011516571
589,1206272,1832,0.5138224852085114,11.07,284,0.003638201393187046,0.06729041039943695,1.118966817855835,0.0017548548057675362,0.0001220703125,0.230155348777771
590,1208320,1832,0.45385443925857544,12.02,277,-0.0034194160252809525,0.06380438059568405,1.1241201162338257,0.0005855544004589319,0.0,0.2372095286846161
591,1210368,1832,0.503758579492569,11.5,272,-0.0011778753250837326,0.06096266210079193,1.1695666313171387,0.0020070536993443966,0.0030517578125,0.23436854779720306
592,1212416,1832,0.42503668665885924,11.63,273,-0.000973232090473175,0.05925363302230835,1.1577141284942627,0.000763170886784792,0.001953125,0.23171404004096985
593,1214464,1831,0.543524260520935,11.37,280,-0.00890394113957882,0.0616568848490715,1.1514898538589478,0.0030729554127901793,0.00146484375,0.22911006212234497
594,1216512,1831,0.5128212988376617,12.28,271,9.548664093017578e-05,0.05946207046508789,1.184449553489685,0.0025894036516547203,0.0020751953125,0.2194419503211975
595,1218560,1830,0.5329810667037964,12.15,259,-0.0009122351184487343,0.05575815960764885,1.209477186203003,0.0016518649645149708,0.001220703125,0.20354537665843964
596,1220608,1830,0.44471716046333315,11.35,274,-0.00024186447262763977,0.0576697513461113,1.1803970336914062,0.0013531541917473078,0.00439453125,0.2129572182893753
597,1222656,1829,0.572469824552536,12.5,267,-0.0015030410140752792,0.05935388058423996,1.1590073108673096,0.000482447212561965,0.0003662109375,0.22289127111434937
598,1224704,1829,0.5530343198776245,11.88,271,-0.0008938033133745193,0.059391189366579056,1.153596043586731,0.0010302059818059206,0.0006103515625,0.22872944176197052
599,1226752,1828,0.5231834328174592,12.26,274,-0.00152529776096344,0.0655304417014122,1.1670427322387695,0.0010949147399514914,0.000244140625,0.22827237844467163
600,1228800,1828,0.5330556225776673,11.69,276,-0.002778124064207077,0.0622139498591423,1.186947226524353,0.0019798921421170235,0.0018310546875,0.22829286754131317
601,1230848,1828,0.47385443687438966,12.41,261,-0.0027368543669581413,0.05758285894989967,1.2091916799545288,0.0013962003868073225,0.0008544921875,0.23181065917015076
602,1232896,1828,0.49354556322097776,12.67,263,-0.004258147440850735,0.0601704902946949,1.1958463191986084,0.0013415215071290731,0.0015869140625,0.23308727145195007
603,1234944,1828,0.5139928996562958,11.79,272,-0.0011276965960860252,0.06023573502898216,1.1828882694244385,0.0014804378151893616,0.001953125,0.23771551251411438
604,1236992,1828,0.38512189328670504,12.69,262,-0.0027443543076515198,0.05834658816456795,1.173142671585083,0.0025145041290670633,0.0028076171875,0.24485847353935242
605,1239040,1828,0.5822781080007553,12.24,271,-0.001925293356180191,0.06361211091279984,1.137590765953064,0.0005648289807140827,0.0,0.2472902089357376
606,1241088,1829,0.4336414188146591,12.78,262,-0.0012687034904956818,0.062078073620796204,1.1504915952682495,0.0005284235812723637,0.000244140625,0.2484535127878189
607,1243136,1829,0.5321289938688278,12.39,263,-0.0014327913522720337,0.0562872514128685,1.1591854095458984,0.0006473937537521124,0.000244140625,0.2575879693031311
608,1245184,1829,0.44475976288318636,11.87,272,-0.0049625784158706665,0.061856240034103394,1.1512616872787476,0.0005949630867689848,0.0,0.2540087401866913
609,1247232,1829,0.4541952657699585,11.93,273,-0.0034120408818125725,0.06354944407939911,1.1420259475708008,0.001756205689162016,0.001220703125,0.26620280742645264
610,1249280,1830,0.5046213018894196,10.05,282,-0.010001476854085922,0.06139640882611275,1.0937405824661255,0.004864415619522333,0.0015869140625,0.2754535973072052
611,1251328,1830,0.45495147824287413,10.87,275,-0.01289832778275013,0.061398621648550034,1.028783917427063,0.004275362007319927,0.0322265625,0.2700848877429962
612,1253376,1830,0.5739502930641174,10.96,287,-0.0018868595361709595,0.06440302729606628,0.9923429489135742,0.0020546200685203075,0.0009765625,0.2590065598487854
613,1255424,1830,0.4547278106212616,10.49,297,-0.0017046723514795303,0.06460994482040405,0.9857420921325684,0.00032385741360485554,0.0,0.2549695372581482
614,1257472,1830,0.5041100597381591,10.7,291,-0.009107334539294243,0.06536874920129776,1.0297235250473022,0.0018606241792440414,0.0003662109375,0.2595772445201874
615,1259520,1831,0.54381183385849,10.58,292,-0.006756928749382496,0.0681566670536995,0.9640917181968689,0.006261802278459072,0.02294921875,0.25318443775177
616,1261568,1831,0.543747929930687,10.62,300,-0.0023908852599561214,0.06396501511335373,0.9383786916732788,0.0009292177855968475,0.0010986328125,0.2506178021430969
617,1263616,1831,0.5840355038642884,9.85,307,-0.0004063807427883148,0.0704219713807106,0.9108284711837769,0.002358322963118553,0.0,0.2520630657672882
618,1265664,1831,0.5345999991893768,9.45,310,-0.003220699727535248,0.07195447385311127,0.90770024061203,0.0007729316130280495,0.0,0.2483135610818863
619,1267712,1831,0.48499408304691316,9.98,304,-0.001894308254122734,0.06381082534790039,0.8986083269119263,0.002766911406069994,0.0084228515625,0.24451413750648499
620,1269760,1831,0.534024852514267,10.19,309,-0.0017221197485923767,0.06828269362449646,0.9550126194953918,0.0026543759740889072,0.0079345703125,0.24478434026241302
621,1271808,1831,0.5636733722686768,9.55,301,0.0006118891760706902,0.06466056406497955,0.9599132537841797,0.0006580736953765154,0.0,0.2472965121269226
622,1273856,1832,0.5639396452903748,10.05,298,-0.0029215882532298565,0.06157088279724121,0.9399291276931763,0.0009322313126176596,0.0,0.2443525493144989
623,1275904,1832,0.36617632925510407,10.14,304,-0.005961377173662186,0.06892020255327225,0.9557568430900574,0.0019242414273321629,0.0018310546875,0.2458825260400772
624,1277952,1832,0.494355029463768,9.97,317,-0.0011345595121383667,0.0676264837384224,1.007290005683899,0.0022684792056679726,0.002197265625,0.2557027339935303
625,1280000,1832,0.5044828408956528,10.38,295,0.002033811993896961,0.06811013072729111,1.0185527801513672,0.0002675172872841358,0.0,0.24916043877601624
626,1282048,1832,0.5632579874992371,10.62,295,0.0019485019147396088,0.0668431743979454,1.0484628677368164,0.0010527295526117086,0.0,0.24089771509170532
627,1284096,1833,0.46441893339157103,10.91,288,-0.0036390405148267746,0.058860260993242264,1.099770188331604,0.0016833574045449495,0.00048828125,0.2371271550655365
628,1286144,1833,0.41553727865219114,10.2,288,0.0006437674164772034,0.06791262328624725,1.1329538822174072,0.0009929686784744263,0.0,0.23881895840168
629,1288192,1834,0.5036201173067093,11.79,273,8.554570376873016e-05,0.06267378479242325,1.1009321212768555,0.0013815301936119795,0.0,0.23158085346221924
630,1290240,1834,0.5236094665527343,11.16,282,-0.0016802437603473663,0.06308029592037201,1.112746000289917,0.001046126475557685,0.0001220703125,0.23132695257663727
631,1292288,1834,0.4342698234319687,11.51,272,-0.0005130451172590256,0.06286782771348953,1.168217658996582,0.0016026061493903399,0.0009765625,0.21638762950897217
632,1294336,1834,0.5042698228359223,10.79,285,0.001719307154417038,0.06398547440767288,1.1766794919967651,0.00035063130781054497,0.0,0.21768590807914734
633,1296384,1834,0.44482366800308226,11.84,275,-0.0005354632157832384,0.059650719165802,1.166037917137146,0.0013351200614124537,0.0008544921875,0.22355321049690247
634,1298432,1834,0.5032047337293625,12.02,272,-0.0007985569536685944,0.05688515305519104,1.1775609254837036,0.0008599732536822557,0.0,0.23652303218841553
635,1300480,1834,0.5334284019470215,11.59,276,-0.011014774441719055,0.06288455426692963,1.211291790008545,0.0023355092853307724,0.0185546875,0.23268556594848633
636,1302528,1834,0.5920224863290787,11.79,280,-0.0002562417648732662,0.05562705919146538,1.198871374130249,0.001273743575438857,0.0001220703125,0.23403917253017426
637,1304576,1834,0.4140994083881378,11.99,267,-0.001232961192727089,0.060172248631715775,1.1494120359420776,0.001422999193891883,0.0,0.24209493398666382
638,1306624,1834,0.5235136097669602,11.09,288,-0.0008140509016811848,0.06373146921396255,1.1372456550598145,0.0005462223198264837,0.0,0.2478274405002594
639,1308672,1834,0.503321892619133,12.17,269,-0.00024341419339179993,0.05780389532446861,1.123181939125061,0.0012407135218381882,0.000732421875,0.268210768699646
640,1310720,1834,0.45411006033420565,11.81,271,-0.002896578051149845,0.0625079795718193,1.0846654176712036,0.0013405545614659786,0.0013427734375,0.2726268172264099
641,1312768,1834,0.4050579881668091,11.45,279,-0.005646524950861931,0.06069367006421089,1.0528687238693237,0.002849514363333583,0.00146484375,0.2734265923500061
642,1314816,1834,0.4848236680030823,10.38,296,-0.003157779574394226,0.0646883025765419,1.0319570302963257,0.00041478220373392105,0.0,0.2723727226257324
643,1316864,1834,0.45458934783935545,9.93,307,-0.0012699635699391365,0.06874546408653259,1.1089192628860474,0.0031438502483069897,0.0006103515625,0.26375505328178406
644,1318912,1835,0.444131361246109,11.65,275,-0.0007429551333189011,0.06027704477310181,1.123428463935852,0.0009957063011825085,0.0,0.2650861144065857
645,1320960,1835,0.514578697681427,9.98,295,-0.0038018887862563133,0.06462438404560089,1.1660587787628174,0.002487395191565156,0.0003662109375,0.2570125162601471
646,1323008,1835,0.4350686413049698,11.16,279,-0.0024091918021440506,0.06439977884292603,1.1531176567077637,0.0006142561323940754,0.0001220703125,0.2659958302974701
647,1325056,1835,0.5237372767925262,11.06,285,-0.0046945177018642426,0.06114356964826584,1.1983747482299805,0.002295590238645673,0.0029296875,0.25102704763412476
648,1327104,1835,0.5137053263187409,11.54,273,-0.005012708716094494,0.061549823731184006,1.2650678157806396,0.0032396845053881407,0.013427734375,0.25076186656951904
649,1329152,1835,0.5525656819343567,12.85,259,-0.003307955339550972,0.05564171075820923,1.252345323562622,0.0009918403811752796,0.000732421875,0.2617526054382324
650,1331200,1836,0.5223526632785798,13.18,258,-0.0018750634044408798,0.055528633296489716,1.1672098636627197,0.005293821915984154,0.003662109375,0.2779485285282135
651,1333248,1836,0.44363077044487,12.05,267,0.0012779352255165577,0.05673559010028839,1.22263765335083,0.0033554774709045887,0.0010986328125,0.26632022857666016
652,1335296,1836,0.45325798749923707,12.89,262,-0.0028208978474140167,0.05614469572901726,1.270256757736206,0.00186678278259933,0.00439453125,0.2719241976737976
653,1337344,1836,0.46403550267219545,12.64,257,-0.013038214296102524,0.0599469393491745,1.3240206241607666,0.003287137020379305,0.0067138671875,0.27688899636268616
654,1339392,1836,0.522650887966156,13.21,254,-0.0024161003530025482,0.058615926653146744,1.3331407308578491,0.0009464062750339508,0.000244140625,0.28644859790802
655,1341440,1836,0.4721076917648315,14.32,245,-0.0022659599781036377,0.0545944906771183,1.3124427795410156,0.002295508747920394,0.0045166015625,0.2788523733615875
656,1343488,1836,0.5427254450321197,12.91,255,-0.00511641101911664,0.05425739288330078,1.3143739700317383,0.0032643224112689495,0.0030517578125,0.2787412106990814
657,1345536,1836,0.4041526627540588,12.85,254,0.0008010715246200562,0.057259056717157364,1.3062407970428467,0.0007889519911259413,0.0,0.2664673626422882
658,1347584,1836,0.5515858012437821,14.05,247,-0.001955561339855194,0.05551367998123169,1.2726213932037354,0.0027480486314743757,0.0003662109375,0.2718390226364136
659,1349632,1837,0.43400354743003844,12.81,255,-0.0036629196256399155,0.05693533644080162,1.2773168087005615,0.0018525565974414349,0.001220703125,0.2627928853034973
660,1351680,1837,0.5127467489242554,13.38,253,-0.011015108786523342,0.0580093190073967,1.2474761009216309,0.002057543722912669,0.0006103515625,0.26596787571907043
661,1353728,1837,0.5520118361711502,13.3,261,-0.004151143133640289,0.0553608201444149,1.1877714395523071,0.003980868496000767,0.000732421875,0.2683700621128082
662,1355776,1837,0.39418461740016936,12.77,254,0.0007085977122187614,0.05734550580382347,1.1930955648422241,0.0002966015599668026,0.0001220703125,0.26227036118507385
663,1357824,1837,0.5627360951900482,12.07,275,-0.0015540476888418198,0.06335864961147308,1.2008622884750366,0.0003328290767967701,0.0,0.2504093647003174
664,1359872,1837,0.5432047331333161,12.05,268,-0.0029894672334194183,0.06220689415931702,1.2600270509719849,0.002547495998442173,0.0,0.2536123991012573
665,1361920,1837,0.4436840230226517,13.29,259,-0.002281222492456436,0.05950671434402466,1.2414594888687134,0.0006168705876916647,0.0,0.25300371646881104
666,1363968,1837,0.5236414200067521,11.95,269,-6.548315286636353e-05,0.0631369799375534,1.2250752449035645,0.0007136822678148746,0.0,0.2521173357963562
667,1366016,1838,0.45436567902565,12.2,268,0.0010450351983308792,0.06235407292842865,1.2482528686523438,0.0009297290816903114,0.0,0.25203460454940796
668,1368064,1838,0.47349230766296385,12.63,259,8.98260623216629e-06,0.061528727412223816,1.2201306819915771,0.0007901932112872601,0.000244140625,0.24292173981666565
669,1370112,1838,0.4241526621580124,13.04,268,-0.004921838641166687,0.05781097710132599,1.2331712245941162,0.0010785378981381655,0.0,0.24473924934864044
670,1372160,1838,0.4639502960443497,12.51,263,-0.0024302173405885696,0.0591958686709404,1.2461063861846924,0.0007071623113006353,0.0,0.24578499794006348
671,1374208,1838,0.5425337278842925,12.52,263,-0.0008579008281230927,0.055823128670454025,1.2284672260284424,0.0013170409947633743,0.000244140625,0.24576006829738617
672,1376256,1838,0.4547278106212616,11.65,270,-0.0035806167870759964,0.06002376601099968,1.2285754680633545,0.0006494713015854359,0.0,0.24779056012630463
673,1378304,1838,0.5032899415493012,12.3,260,-0.000280795618891716,0.05790264159440994,1.209887981414795,0.0014029988087713718,0.0,0.265142560005188
674,1380352,1838,0.5428213006258011,12.73,262,-0.0002283230423927307,0.05877712368965149,1.1910722255706787,0.00045822421088814735,0.0,0.25832587480545044
675,1382400,1838,0.39511124312877655,12.72,263,-0.0007543517276644707,0.053040895611047745,1.22392737865448,0.0010414524003863335,0.000244140625,0.2590445876121521
676,1384448,1838,0.5225124269723892,12.58,266,-0.0022159311920404434,0.05923580750823021,1.2179619073867798,0.00027619278989732265,0.0,0.2613903880119324
677,1386496,1838,0.43455739617347716,11.97,267,-0.0010980525985360146,0.061329349875450134,1.2153667211532593,0.000826691510155797,0.0001220703125,0.28090205788612366
678,1388544,1837,0.43418461561203003,12.51,266,-0.0021257996559143066,0.05832390487194061,1.2610584497451782,0.0024189064279198647,0.0064697265625,0.28141239285469055
679,1390592,1837,0.5524272191524505,12.45,254,-0.004926064983010292,0.05783359333872795,1.2293086051940918,0.0020854014437645674,0.0,0.28093421459198
680,1392640,1836,0.4051538461446762,12.02,264,0.0004499666392803192,0.05926095321774483,1.1751925945281982,0.002169368090108037,0.0,0.2786942422389984
681,1394688,1836,0.43513254523277284,11.21,282,-0.003469180315732956,0.06000756472349167,1.1852813959121704,0.001091217389330268,0.00048828125,0.2732959985733032
682,1396736,1835,0.5327893495559692,12.23,260,-0.009568068198859692,0.06148795783519745,1.2078096866607666,0.0013549455907195807,0.0,0.2648165822029114
683,1398784,1835,0.47375858068466187,12.52,261,-0.0013900678604841232,0.05721457302570343,1.2151750326156616,0.0013117440976202488,0.0001220703125,0.2641836702823639
684,1400832,1835,0.5534603554010391,11.79,276,-0.0026778988540172577,0.06108527630567551,1.1894961595535278,0.0010863379575312138,0.0001220703125,0.2524917721748352
685,1402880,1835,0.45418461561203005,11.77,274,-0.0004237028770148754,0.059267304837703705,1.2022857666015625,0.0003546401858329773,0.000244140625,0.2574359178543091
686,1404928,1835,0.3558142024278641,11.11,270,1.5027821063995361e-05,0.06257767975330353,1.199926495552063,9.748386219143867e-05,0.0003662109375,0.2633611559867859
687,1406976,1835,0.4931301778554916,12.78,273,-0.0002633240073919296,0.060270391404628754,1.2052028179168701,0.0002501530107110739,0.0,0.26158392429351807
688,1409024,1835,0.4736946755647659,12.09,268,-0.0026704706251621246,0.059143997728824615,1.1754953861236572,0.0006665720138698816,0.0,0.25606104731559753
689,1411072,1835,0.46405680537223815,11.85,268,-0.0020517613738775253,0.05850550904870033,1.2025556564331055,0.0008908859454095364,0.0006103515625,0.2593519389629364
690,1413120,1835,0.4838331377506256,11.98,267,-0.001664196141064167,0.06381925195455551,1.1658518314361572,0.000408948864787817,0.0,0.2581416070461273
691,1415168,1835,0.4736733722686768,11.8,278,-0.0011152289807796478,0.0612354576587677,1.1622309684753418,0.0004755712579935789,0.0,0.2673431634902954
692,1417216,1835,0.5235775154829025,11.25,281,-0.002763107419013977,0.062330152839422226,1.1893117427825928,0.0007993732579052448,0.0,0.260161429643631
693,1419264,1835,0.4834497046470642,12.63,271,-0.004142105579376221,0.05986003577709198,1.198850154876709,0.0024138742592185736,0.0,0.26542332768440247
694,1421312,1835,0.45418461501598356,12.77,260,0.0026889219880104065,0.05706652253866196,1.1481103897094727,0.0015375970397144556,0.0,0.2680981755256653
695,1423360,1835,0.5047171586751937,10.52,287,0.0002854401245713234,0.06474640965461731,1.1393166780471802,0.00033959117718040943,0.0006103515625,0.26111075282096863
696,1425408,1835,0.5236094683408737,11.41,274,-0.005406714975833893,0.06268158555030823,1.1339762210845947,0.000988164683803916,0.0,0.2567247152328491
697,1427456,1836,0.4452071011066437,10.92,280,-0.004220657050609589,0.06276827305555344,1.0847443342208862,0.0013942269142717123,0.0,0.25597119331359863
698,1429504,1836,0.5537479293346405,10.22,294,-0.0003610905259847641,0.062101058661937714,1.0799707174301147,0.0003687366843223572,0.0,0.25889384746551514
699,1431552,1836,0.42534556090831754,10.18,291,0.0018152138218283653,0.06628718972206116,1.1101130247116089,0.0004079823847860098,0.0,0.2553381323814392
700,1433600,1836,0.4632686370611191,12.24,273,0.0005765985697507858,0.06055375933647156,1.1351571083068848,0.0010037703905254602,0.000244140625,0.24994058907032013
701,1435648,1836,0.4444295853376389,11.04,287,-0.005658373236656189,0.06180945038795471,1.1636607646942139,0.0027589232195168734,0.0009765625,0.25740373134613037
702,1437696,1836,0.41373727679252625,12.91,259,0.0004825955256819725,0.05996635556221008,1.2014875411987305,0.0006249556317925453,0.0003662109375,0.2593558430671692
703,1439744,1836,0.44466390371322634,11.45,272,-0.0007571298629045486,0.06203301623463631,1.1777781248092651,0.00030644237995147705,0.0,0.2703061103820801
704,1441792,1836,0.5030343198776245,11.51,279,-0.0015055276453495026,0.05939067155122757,1.115168809890747,0.0016183990519493818,0.0,0.27125298976898193
705,1443840,1836,0.5132899439334869,12.16,273,-0.0019637998193502426,0.06210360676050186,1.1019008159637451,0.0006892245728522539,0.0,0.2644801139831543
706,1445888,1836,0.5832579863071442,11.24,292,-0.0031180488876998425,0.06411869823932648,1.138849139213562,0.0009140192996710539,0.0001220703125,0.25602686405181885
707,1447936,1835,0.42512189388275146,10.76,287,-0.012786932289600372,0.0616045705974102,1.1726757287979126,0.002590964548289776,0.0,0.26418280601501465
708,1449984,1835,0.3751751488447189,11.98,272,-0.005363062955439091,0.058027103543281555,1.1612356901168823,0.0011421686504036188,0.0,0.2563183903694153
709,1452032,1835,0.46445088684558866,11.04,278,-0.0007420480251312256,0.06292612105607986,1.1491658687591553,0.0007825605571269989,0.0,0.25954100489616394
710,1454080,1835,0.48417396485805514,11.13,274,-7.761083543300629e-05,0.0636342391371727,1.1461049318313599,0.000462936470285058,0.000244140625,0.25450873374938965
711,1456128,1835,0.43530295968055727,11.02,283,-0.004396816715598106,0.05844499170780182,1.1189146041870117,0.001285582548007369,0.0,0.25347068905830383
712,1458176,1835,0.3952070987224579,11.26,283,-0.0016369633376598358,0.06197374314069748,1.0930054187774658,0.0006786847952753305,0.0,0.2500893473625183
713,1460224,1835,0.4647171604633331,10.82,281,-0.002057839184999466,0.06640560925006866,1.070098638534546,0.000314855482429266,0.000244140625,0.24441149830818176
714,1462272,1835,0.5533644962310791,10.69,278,-0.008651562966406345,0.06169985234737396,1.113944172859192,0.0011427239514887333,0.0,0.2493693232536316
715,1464320,1834,0.5438544362783432,10.72,295,-0.006191723980009556,0.0660114511847496,1.1231428384780884,0.0012267380952835083,0.0006103515625,0.2543565630912781
716,1466368,1835,0.5525976353883744,11.59,280,-0.00443049892783165,0.062282782047986984,1.1768300533294678,0.0030075854156166315,0.0023193359375,0.24662907421588898
717,1468416,1835,0.5134603559970856,11.34,277,-0.0035234661772847176,0.06409381330013275,1.1925880908966064,0.0004381521139293909,0.0006103515625,0.23704960942268372
718,1470464,1835,0.5031088769435883,12.65,272,9.393133223056793e-05,0.062379635870456696,1.1977941989898682,0.00019719544798135757,0.0,0.22509042918682098
719,1472512,1835,0.5230023664236069,11.41,269,0.0010439418256282806,0.05777265131473541,1.156914472579956,0.0009610583074390888,0.0,0.22676077485084534
720,1474560,1835,0.39511124312877655,10.67,287,-0.0006212326698005199,0.06353003531694412,1.173121690750122,0.0003191106952726841,0.000244140625,0.22659118473529816
721,1476608,1835,0.5327147936820984,12.62,266,-0.003975158091634512,0.05895746871829033,1.1594737768173218,0.0011675253044813871,0.000244140625,0.23542821407318115
722,1478656,1835,0.5133644956350326,11.51,274,-0.001007208600640297,0.06394412368535995,1.1121337413787842,0.0007952358573675156,0.0,0.24236488342285156
723,1480704,1835,0.5336201173067093,11.13,281,-0.0021679475903511047,0.06561256945133209,1.0968356132507324,0.0004401835612952709,0.0,0.24729372560977936
724,1482752,1836,0.45454674661159516,10.74,292,-0.0005119526758790016,0.06511896848678589,1.1107840538024902,0.000658457400277257,0.0008544921875,0.23304161429405212
725,1484800,1836,0.6130556201934815,10.8,293,-0.001078442670404911,0.0616183765232563,1.1054948568344116,0.000506869750097394,0.0,0.22992125153541565
726,1486848,1836,0.5134816575050354,11.42,289,-0.001695716753602028,0.0639551430940628,1.11005437374115,0.0006960055325180292,0.0009765625,0.23270955681800842
727,1488896,1836,0.5244402366876603,10.83,283,-0.00618827436119318,0.06270314007997513,1.0881975889205933,0.0009022904559969902,0.0,0.23562461137771606
728,1490944,1836,0.49417396426200866,10.95,283,-0.0023732557892799377,0.0651712492108345,1.0854049921035767,0.00015696347691118717,0.0003662109375,0.23292560875415802
729,1492992,1836,0.4945573979616165,10.84,283,0.0004802411422133446,0.061454545706510544,1.0976568460464478,0.00017476128414273262,0.0,0.24034062027931213
730,1495040,1836,0.5047491109371185,10.59,289,-0.0022868625819683075,0.06216149777173996,1.0890769958496094,0.00029938574880361557,0.000244140625,0.23449477553367615
731,1497088,1835,0.42488757491111756,10.84,287,-0.00023232027888298035,0.06685851514339447,1.0630238056182861,0.0005267453379929066,0.0,0.24273303151130676
732,1499136,1835,0.4842591726779938,10.7,292,7.699429988861084e-05,0.06437499821186066,1.0811797380447388,0.0004952659364789724,0.0,0.23229235410690308
733,1501184,1833,0.5043763309717179,10.35,293,-0.0029781945049762726,0.06218065321445465,1.0684369802474976,0.000617077574133873,0.0,0.22300985455513
734,1503232,1832,0.4347704142332077,11.72,273,-0.0026253238320350647,0.059878159314394,1.069482684135437,0.0005052718333899975,0.0003662109375,0.2201545089483261
735,1505280,1831,0.5643230789899826,9.88,283,-0.0022914083674550056,0.06207166612148285,1.0740106105804443,0.0002646429929882288,0.0009765625,0.21368320286273956
736,1507328,1831,0.505057989358902,9.66,301,-0.002710312604904175,0.06316882371902466,1.0225756168365479,0.001536836614832282,0.0,0.22161957621574402
737,1509376,1831,0.5145041429996491,10.79,289,-0.002449796535074711,0.06550252437591553,1.0273643732070923,0.0003503276966512203,0.0,0.2274397611618042
738,1511424,1831,0.47480236768722534,9.96,300,0.0006846832111477852,0.06738419085741043,1.0291571617126465,0.0001560961827635765,0.0,0.22560709714889526
739,1513472,1831,0.4452710050344467,9.67,292,-0.0006514829583466053,0.05976579710841179,1.0323938131332397,0.0005465419963002205,0.003662109375,0.21816441416740417
740,1515520,1831,0.5642165690660477,10.1,306,-0.004536204040050507,0.0685102790594101,1.0174367427825928,0.0005595972761511803,0.0,0.21344667673110962
741,1517568,1831,0.503577516078949,10.86,287,-0.0023222551681101322,0.06563257426023483,1.0378665924072266,0.0007001433987170458,0.0003662109375,0.20134732127189636
742,1519616,1831,0.4742911231517792,10.7,285,-0.001927059143781662,0.0650624930858612,1.0057555437088013,0.0008392625022679567,0.0018310546875,0.20393842458724976
743,1521664,1831,0.4744615375995636,10.86,288,0.0005365079268813133,0.06686193495988846,1.025174617767334,7.705413736402988e-05,0.0,0.19825436174869537
744,1523712,1831,0.5046639037132263,9.79,309,0.0012111589312553406,0.06766621023416519,0.9903362393379211,0.0004904433153569698,0.0,0.2171522080898285
745,1525760,1831,0.4751112425327301,10.4,310,-0.0013191448524594307,0.07006823271512985,0.9953732490539551,0.00014042225666344166,0.0,0.20810475945472717
746,1527808,1831,0.4551857978105545,9.81,302,-0.0015384070575237274,0.07056740671396255,1.040320873260498,0.0007405586075037718,0.000244140625,0.19259485602378845
747,1529856,1831,0.5535455620288849,10.71,306,0.0019740075804293156,0.06847712397575378,1.0322840213775635,0.0005924487486481667,0.006591796875,0.19654881954193115
748,1531904,1831,0.5640142005681992,10.12,297,-0.002133559435606003,0.06450124084949493,0.9935161471366882,0.0004984608385711908,0.0,0.20514920353889465
749,1533952,1831,0.5729384601116181,11.11,291,-0.001942019909620285,0.06443274766206741,0.9866454601287842,0.000188806327059865,0.0,0.21225059032440186
750,1536000,1831,0.4942804718017578,10.19,300,-0.0005066581070423126,0.06536860764026642,1.0169566869735718,0.00011313869617879391,0.0,0.1983185112476349
751,1538048,1831,0.5342272198200226,10.27,305,-0.0026765726506710052,0.06808006018400192,1.0445955991744995,0.0009558133315294981,0.0,0.19891256093978882
752,1540096,1831,0.5441952675580979,9.89,306,-0.0020130882039666176,0.0724945142865181,1.0815789699554443,0.000863577937707305,0.0,0.1982695758342743
753,1542144,1832,0.47453609585762024,10.54,291,0.000903937965631485,0.061285361647605896,1.1011509895324707,0.0012982769403606653,0.0,0.201584130525589
754,1544192,1832,0.5740887570381165,10.43,296,0.0013172877952456474,0.06600561738014221,1.0849053859710693,0.0005774872843176126,0.0003662109375,0.2062925100326538
755,1546240,1832,0.544120711684227,10.31,300,-0.0008610039949417114,0.07326030731201172,1.0818815231323242,0.0002389035653322935,0.0,0.2073587328195572
756,1548288,1832,0.5036627215147018,11.0,292,-0.0007644221186637878,0.06773056089878082,1.0964634418487549,0.001060778507962823,0.0001220703125,0.2120407074689865
757,1550336,1832,0.5640887600183487,9.94,296,-0.0010675201192498207,0.06497114151716232,1.107045292854309,0.00042620161548256874,0.0,0.2115616351366043
758,1552384,1832,0.5239183449745178,11.37,274,-0.007261721882969141,0.06448681652545929,1.0600260496139526,0.0016026913654059172,0.000732421875,0.21901100873947144
759,1554432,1832,0.5038331359624862,11.04,285,-0.0047296518459916115,0.06185469403862953,1.0823825597763062,0.000997287454083562,0.0,0.20953664183616638
760,1556480,1831,0.524035502076149,10.84,288,-0.0006842538714408875,0.06465218961238861,1.0582019090652466,0.0008438914082944393,0.0,0.2192438542842865
761,1558528,1831,0.47477041363716127,10.39,291,-0.0017860047519207,0.0664958730340004,1.043649435043335,0.0006732293404638767,0.0,0.21258649230003357
762,1560576,1831,0.4345360952615738,11.43,287,-0.0012628976255655289,0.06822868436574936,1.0548123121261597,0.0003579759504646063,0.0003662109375,0.21337121725082397
763,1562624,1831,0.5236520719528198,11.13,288,0.00026585720479488373,0.0695086121559143,1.0398292541503906,0.00033272220753133297,0.0,0.21123898029327393
764,1564672,1831,0.48465325474739074,9.93,298,0.004023505374789238,0.06857165694236755,1.0552202463150024,0.0007466636598110199,0.004638671875,0.20494723320007324
765,1566720,1831,0.4641526633501053,11.37,287,-0.0021665971726179123,0.06358884274959564,1.1068329811096191,0.002384801860898733,0.0037841796875,0.19408294558525085
766,1568768,1831,0.4746000009775162,11.06,285,-0.004227828234434128,0.06565047055482864,1.120140552520752,0.0008351730648428202,0.0,0.19339412450790405
767,1570816,1831,0.463865088224411,11.79,279,-0.00449740793555975,0.05971492454409599,1.0734338760375977,0.00177813321352005,0.00537109375,0.19774548709392548
768,1572864,1831,0.514312424659729,10.48,289,0.0006632190197706223,0.06465455144643784,1.0921179056167603,0.0006572778802365065,0.0001220703125,0.19506099820137024
769,1574912,1831,0.523652070760727,11.17,286,-0.000588810071349144,0.06264115124940872,1.0718748569488525,0.0009190053679049015,0.0023193359375,0.1977567821741104
770,1576960,1831,0.5633644968271255,10.85,294,-0.003839626908302307,0.06391635537147522,1.0981125831604004,0.0013309626374393702,0.003173828125,0.19397419691085815
771,1579008,1831,0.4645893484354019,10.9,281,-0.004293553531169891,0.06471224129199982,1.1136592626571655,0.0011047024745494127,0.0078125,0.18934302031993866
772,1581056,1831,0.38543076992034914,10.68,299,0.002446955069899559,0.06676868349313736,1.141122579574585,0.0005495012737810612,0.0,0.18640506267547607
773,1583104,1832,0.5339822489023208,11.05,282,-0.0009758621454238892,0.061612602323293686,1.131967544555664,0.0011884535197168589,0.0,0.18942523002624512
774,1585152,1832,0.4549834334850311,10.62,282,-0.0035445045214146376,0.06818263977766037,1.0974377393722534,0.0011796727776527405,0.0037841796875,0.2018766701221466
775,1587200,1832,0.5131940847635269,11.91,276,0.000982481986284256,0.06488851457834244,1.0902583599090576,0.00022459402680397034,0.0,0.2056320756673813
776,1589248,1832,0.5043656808137894,10.62,295,-0.0019945837557315826,0.06580328941345215,1.1175947189331055,0.00024413922801613808,0.000244140625,0.19694265723228455
777,1591296,1832,0.46473846077919007,10.39,287,0.001957000233232975,0.06296881288290024,1.0895788669586182,0.0007119390647858381,0.0,0.20059919357299805
778,1593344,1832,0.5335455620288849,10.92,287,-0.009230516850948334,0.06555868685245514,1.1088871955871582,0.0007330027874559164,0.0008544921875,0.19350074231624603
779,1595392,1832,0.4843656814098358,11.02,282,0.000665716826915741,0.06594496220350266,1.1148710250854492,0.000361049547791481,0.0,0.19619138538837433
780,1597440,1832,0.4543976354598999,11.63,280,-0.0031561795622110367,0.06667537987232208,1.1421253681182861,0.0008880638051778078,0.0,0.1867716759443283
781,1599488,1832,0.5431301784515381,11.14,280,-0.000291578471660614,0.06599337607622147,1.1741786003112793,0.0015525128692388535,0.00244140625,0.18112461268901825
782,1601536,1832,0.46434437692165376,10.63,286,-0.002538265660405159,0.06139669939875603,1.1586699485778809,0.00015593087300658226,0.0,0.18596988916397095
783,1603584,1832,0.50381183385849,11.29,281,5.6605786085128784e-05,0.06703679263591766,1.2284084558486938,0.001320564653724432,0.0,0.17667177319526672
784,1605632,1832,0.5340887576341629,10.59,287,-0.0021704616956412792,0.06415112316608429,1.2221547365188599,0.0006996409501880407,0.0,0.1817542314529419
785,1607680,1833,0.5131301772594452,11.89,261,-0.003496836870908737,0.052387021481990814,1.2581861019134521,0.0008350294083356857,0.0,0.1788140833377838
786,1609728,1832,0.4929810643196106,12.67,231,0.0010490939021110535,0.04476303607225418,1.2931843996047974,0.0017473471816629171,0.0,0.17119494080543518
787,1611776,1832,0.4710958564281464,14.31,257,-0.0030364133417606354,0.05480571091175079,1.2714207172393799,0.00037335860542953014,0.0009765625,0.18033692240715027
788,1613824,1832,0.44358816504478454,12.21,272,-0.00041913893073797226,0.06314737349748611,1.263505220413208,0.0002080989070236683,0.0,0.17966504395008087
789,1615872,1832,0.533002370595932,12.13,263,-0.0010907966643571854,0.057639315724372864,1.2511119842529297,0.0008596533443778753,0.0,0.18021447956562042
790,1617920,1832,0.49352426052093507,12.55,271,-0.001032855361700058,0.058362480252981186,1.2374751567840576,0.0005602564197033644,0.0001220703125,0.18331974744796753
791,1619968,1833,0.4744934898614883,12.21,264,-0.0030367448925971985,0.059995681047439575,1.2219269275665283,0.00014715315774083138,0.0,0.1831628978252411
792,1622016,1833,0.4638331371545792,12.87,254,-0.0016880449838936329,0.05381261184811592,1.2157560586929321,0.000403465935960412,0.0,0.18582847714424133
793,1624064,1833,0.45469585835933685,12.63,253,-0.0023683886975049973,0.05435343086719513,1.249870777130127,0.0014682214241474867,0.00146484375,0.18245822191238403
794,1626112,1833,0.46163905203342437,14.4,264,-0.0006675440818071365,0.06053461506962776,1.1922110319137573,0.0008393081370741129,0.0010986328125,0.19231435656547546
795,1628160,1833,0.5530982267856598,11.57,277,3.929156810045242e-05,0.06004421040415764,1.1884689331054688,0.00014207465574145317,0.0,0.19466707110404968
796,1630208,1833,0.4435668647289276,11.77,274,-0.0008416688069701195,0.06482692807912827,1.227083683013916,0.0004625534638762474,0.0,0.18414390087127686
797,1632256,1833,0.5634923088550567,11.19,271,-0.0010180845856666565,0.06001365929841995,1.2255693674087524,0.0009468360804021358,0.0,0.1895410418510437
798,1634304,1833,0.46437633216381075,11.86,266,-0.0023765359073877335,0.059199340641498566,1.2378374338150024,0.0006915631238371134,0.0,0.19112178683280945
799,1636352,1834,0.4245467436313629,12.44,265,-0.0014451537281274796,0.05705204978585243,1.2389123439788818,0.000227426178753376,0.0,0.192396342754364
800,1638400,1834,0.5318627214431763,13.53,264,-0.0005942843854427338,0.05819791927933693,1.2570878267288208,0.0003544962964951992,0.0001220703125,0.18100765347480774
801,1640448,1834,0.45395029544830323,12.87,260,-0.00043391715735197067,0.05811589956283569,1.240768313407898,0.00017553474754095078,0.0,0.18611392378807068
802,1642496,1834,0.48308757424354554,12.13,270,-0.0009283497929573059,0.06196274235844612,1.240594744682312,0.00014073215425014496,0.000244140625,0.1882096529006958
803,1644544,1834,0.5323420107364655,13.64,254,0.00039718206971883774,0.05447769910097122,1.2114317417144775,0.0010245242156088352,0.0,0.19067856669425964
804,1646592,1833,0.4936627221107483,11.68,274,-0.0022108247503638268,0.06212681159377098,1.2078032493591309,0.0006145269144326448,0.0,0.1912829875946045
805,1648640,1834,0.46425917208194734,12.21,266,-0.0025736168026924133,0.061067063361406326,1.2059736251831055,0.000218214001506567,0.0,0.1851523220539093
806,1650688,1834,0.5124272191524506,12.86,260,-0.0008683931082487106,0.0581137053668499,1.2184531688690186,0.0004029087722301483,0.0,0.18387232720851898
807,1652736,1834,0.5320118355751038,13.37,256,0.0005544382147490978,0.06002713739871979,1.2138538360595703,0.0009807990863919258,0.0006103515625,0.1836753934621811
808,1654784,1834,0.43396094620227815,12.6,270,-0.0025024544447660446,0.060799822211265564,1.2065461874008179,0.00034038140438497066,0.000244140625,0.17786690592765808
809,1656832,1834,0.3753562134504318,11.93,276,-0.0013654539361596107,0.06312009692192078,1.2238099575042725,0.00034046778455376625,0.0,0.1713677942752838
810,1658880,1834,0.44417396366596223,12.18,270,-0.0023978427052497864,0.06060190126299858,1.196422815322876,0.0004917352925986052,0.0,0.17834177613258362
811,1660928,1834,0.5621183443069458,11.76,271,-0.0005374923348426819,0.06207474321126938,1.178876280784607,9.8078278824687e-05,0.0,0.1847289353609085
812,1662976,1833,0.47388638973236086,11.95,279,-0.0013647284358739853,0.06389649957418442,1.1865540742874146,0.00033508543856441975,0.0,0.18651652336120605
813,1665024,1833,0.5133431947231293,12.02,271,-0.0046587055549025536,0.06421680003404617,1.2273106575012207,0.0011390438303351402,0.000732421875,0.17138057947158813
814,1667072,1833,0.4833005917072296,12.49,265,0.00026225484907627106,0.05835268646478653,1.2011442184448242,0.00010280963033437729,0.0,0.1845138669013977
815,1669120,1833,0.5329704147577286,12.55,263,-0.004243098199367523,0.05953932926058769,1.23838210105896,0.0007142897229641676,0.0,0.17776869237422943
816,1671168,1833,0.5925230765342713,11.83,270,-0.0010091778822243214,0.059948962181806564,1.2420620918273926,0.00021552457474172115,0.0,0.184895321726799
817,1673216,1833,0.5221822488307953,12.72,258,-0.00030767032876610756,0.05490214377641678,1.2379595041275024,5.870917811989784e-05,0.0,0.18535791337490082
818,1675264,1833,0.4839289927482605,12.08,270,-0.00027364492416381836,0.05715351551771164,1.2412309646606445,0.00014457060024142265,0.0,0.18599596619606018
819,1677312,1833,0.4735668641328812,12.74,257,-0.001695983111858368,0.056361932307481766,1.2371762990951538,0.00026446208357810974,0.0,0.18613535165786743
820,1679360,1833,0.5729171609878541,11.78,273,-0.004886173643171787,0.05965133756399155,1.2179899215698242,0.0007990943267941475,0.0,0.1867351531982422
821,1681408,1833,0.532469824552536,12.67,269,-0.0015178397297859192,0.06270542740821838,1.2076267004013062,0.0004507843405008316,0.0,0.18315771222114563
822,1683456,1833,0.4149301779270172,11.34,282,-0.003064379096031189,0.06270800530910492,1.188284158706665,0.000611091498285532,0.0001220703125,0.18765735626220703
823,1685504,1833,0.4437479305267334,12.61,275,0.0015730708837509155,0.06333928555250168,1.2109073400497437,0.0003999930340796709,0.0001220703125,0.18040290474891663
824,1687552,1833,0.5525124239921569,12.32,272,-9.700655937194824e-06,0.062197476625442505,1.216388463973999,0.0003230231814086437,0.0,0.17735612392425537
825,1689600,1833,0.4238650888204575,12.65,260,6.882287561893463e-05,0.057732321321964264,1.218502402305603,0.0005196754354983568,0.0,0.17762362957000732
826,1691648,1833,0.5226189368963241,12.77,266,-0.001186821609735489,0.056099556386470795,1.2071161270141602,0.0004884859081357718,0.0,0.17907845973968506
827,1693696,1833,0.42428047478199005,11.82,281,-0.0006442880257964134,0.06273674219846725,1.2163500785827637,7.523247040808201e-05,0.0,0.17966410517692566
828,1695744,1833,0.5037372779846191,11.73,273,0.00034875236451625824,0.060519374907016754,1.2148842811584473,0.0002522887662053108,0.0,0.17910245060920715
829,1697792,1833,0.6118733739852905,12.34,267,-0.002757379785180092,0.0569550022482872,1.1958647966384888,0.00032991101033985615,0.0,0.1840735375881195
830,1699840,1834,0.5037372809648514,11.51,278,-0.0022637732326984406,0.06354379653930664,1.1815464496612549,0.00029291980899870396,0.0,0.1867520809173584
831,1701888,1834,0.5332047355175018,11.64,274,-0.0003174934536218643,0.05841019004583359,1.1895889043807983,0.00018913531675934792,0.0,0.18741704523563385
832,1703936,1834,0.5430556225776673,12.02,270,-0.0022734664380550385,0.05695965513586998,1.1966552734375,0.0005139065906405449,0.0,0.1902323067188263
833,1705984,1834,0.42456804811954496,11.28,278,-1.8049031496047974e-06,0.059948187321424484,1.21437406539917,0.00028844852931797504,0.0,0.1895548403263092
834,1708032,1834,0.5327254456281661,11.75,272,-0.001659231260418892,0.05963051691651344,1.2194135189056396,0.0002857604995369911,0.0,0.18702903389930725
835,1710080,1834,0.3562615370750427,11.82,263,-0.001633601263165474,0.054889000952243805,1.2163509130477905,0.0003856413532048464,0.0,0.18752259016036987
836,1712128,1835,0.5427786982059479,13.5,256,-0.0010863970965147018,0.060441240668296814,1.168053150177002,0.0007413905113935471,0.0,0.1953665316104889
837,1714176,1834,0.43402485370635985,12.01,273,0.0012822449207305908,0.062010809779167175,1.173995852470398,0.0001016219612210989,0.0,0.1906159520149231
838,1716224,1834,0.41514319539070127,11.88,272,-0.001989200711250305,0.05916260555386543,1.1740227937698364,0.00016341404989361763,0.0,0.19075629115104675
839,1718272,1834,0.5822142040729523,12.08,274,-0.0035655274987220764,0.05964391306042671,1.1516741514205933,0.000385102117434144,0.0,0.19657433032989502
840,1720320,1834,0.5036946737766266,11.01,273,0.0017227893695235252,0.061223354190588,1.1488605737686157,0.00017042504623532295,0.0,0.19295261800289154
841,1722368,1833,0.5039928978681565,11.0,281,-0.0017285002395510674,0.060962237417697906,1.1576467752456665,0.0005986983887851238,0.000732421875,0.19083856046199799
842,1724416,1833,0.4246639060974121,12.2,267,-0.00028685107827186584,0.05603412538766861,1.1612752676010132,0.00038096681237220764,0.0,0.18999598920345306
843,1726464,1833,0.4049408280849457,10.98,270,-0.001259499229490757,0.06156827509403229,1.1757826805114746,0.0001729070208966732,0.0,0.18318232893943787
844,1728512,1833,0.5533857983350754,11.29,281,-0.002529351506382227,0.057532962411642075,1.1401711702346802,0.00018791505135595798,0.0,0.18643034994602203
845,1730560,1833,0.47400355219841006,11.63,281,-0.0013845562934875488,0.062256403267383575,1.151309847831726,0.0002989766653627157,0.0,0.18750613927841187
846,1732608,1833,0.46409941017627715,10.67,277,0.0010276101529598236,0.06017008796334267,1.1481847763061523,0.0001377479638904333,0.0,0.18708407878875732
847,1734656,1833,0.5236946731805802,11.43,280,-0.0025419071316719055,0.06073232740163803,1.1226861476898193,0.0002754479646682739,0.0,0.19359879195690155
848,1736704,1833,0.5037692308425903,11.43,277,-0.00019573792815208435,0.06276373565196991,1.1214470863342285,0.00010434840805828571,0.0,0.19310471415519714
849,1738752,1833,0.4446852087974548,11.87,276,-0.0007072407752275467,0.06317286938428879,1.1376550197601318,0.0002184102777391672,0.0001220703125,0.18837690353393555
850,1740800,1833,0.5134497034549713,11.07,281,-0.001900204923003912,0.06554392725229263,1.1582589149475098,0.0004926940891891718,0.00048828125,0.18492478132247925
851,1742848,1833,0.5236733740568161,11.35,286,-0.0011390205472707748,0.06338850408792496,1.1212282180786133,6.308639422059059e-05,0.0,0.19448569416999817
852,1744896,1833,0.5335455608367919,11.35,278,-0.0019865739159286022,0.0666244626045227,1.163733959197998,0.00045432313345372677,0.0,0.18137194216251373
853,1746944,1834,0.43512189388275146,11.49,285,-0.0009940825402736664,0.06334748864173889,1.1260496377944946,0.00021321605890989304,0.0,0.19096636772155762
854,1748992,1834,0.5437266266345978,11.29,282,-0.00011471845209598541,0.06285937130451202,1.1234432458877563,5.070469342172146e-05,0.0,0.18873116374015808
855,1751040,1834,0.4839822494983673,11.76,275,-0.0035715140402317047,0.05951036512851715,1.1121050119400024,0.0002903759013861418,0.0,0.18899205327033997
856,1753088,1834,0.5038224828243255,11.01,283,-0.0012491680681705475,0.06668934971094131,1.1495132446289062,0.00012135040014982224,0.0,0.17954154312610626
857,1755136,1834,0.444408283829689,12.23,268,-0.001386500895023346,0.05796849727630615,1.1621114015579224,0.00044696847908198833,0.0,0.17298656702041626
858,1757184,1834,0.4644721895456314,10.63,279,0.001856926828622818,0.05798514932394028,1.1791168451309204,0.0006723839323967695,0.0,0.1698148548603058
859,1759232,1834,0.5825337266921997,11.72,280,-0.0013826973736286163,0.057976942509412766,1.1848597526550293,0.00014945585280656815,0.0,0.16978776454925537
860,1761280,1835,0.42499408304691316,11.54,273,0.0010192194022238255,0.06016327068209648,1.1696337461471558,0.00029113609343767166,0.0,0.16813260316848755
861,1763328,1835,0.43456804752349854,11.73,277,-0.0015202108770608902,0.06087598577141762,1.1467912197113037,8.556386455893517e-05,0.0,0.17246991395950317
862,1765376,1835,0.5432366865873337,11.51,289,-0.001970795914530754,0.06303071230649948,1.1348447799682617,0.00024207355454564095,0.0,0.1800505667924881
863,1767424,1835,0.5629278111457825,11.7,285,-0.0018344074487686157,0.06297263503074646,1.1364209651947021,0.00014562811702489853,0.0,0.17563240230083466
864,1769472,1835,0.49386509001255036,11.73,266,-0.0012420173734426498,0.0593079999089241,1.1549029350280762,0.0002457981463521719,0.0,0.17050793766975403
865,1771520,1835,0.5428639072179794,12.61,268,0.00035868212580680847,0.059560444205999374,1.17397141456604,0.00021270359866321087,0.0,0.16373291611671448
866,1773568,1835,0.5333005940914154,11.46,286,-0.0013774298131465912,0.06314902007579803,1.164563775062561,0.0005329670384526253,0.0001220703125,0.16810107231140137
867,1775616,1835,0.5433644974231719,11.75,273,-0.0023076869547367096,0.0629645586013794,1.1737080812454224,0.00016294489614665508,0.0,0.16706575453281403
868,1777664,1835,0.6122781085968018,11.82,281,-0.0019200891256332397,0.06367073208093643,1.1809064149856567,0.000212125014513731,0.0,0.16788628697395325
869,1779712,1834,0.4051538461446762,11.81,280,0.0005351733416318893,0.06397662311792374,1.1527817249298096,0.00021820887923240662,0.0,0.16531892120838165
870,1781760,1834,0.4337692326307297,11.83,277,-0.00012704357504844666,0.05914483591914177,1.1509231328964233,2.436782233417034e-05,0.0,0.16350990533828735
871,1783808,1834,0.3753136092424393,11.28,287,0.0005610622465610504,0.06366316229104996,1.1593073606491089,0.000307377427816391,0.0,0.16374769806861877
872,1785856,1834,0.601915974020958,11.98,275,-0.000918135978281498,0.0642559826374054,1.1739848852157593,9.194295853376389e-05,0.0,0.16091659665107727
873,1787904,1834,0.46428047478199,11.07,283,0.0005874116905033588,0.06161170452833176,1.1371678113937378,3.454904071986675e-05,0.0,0.17227058112621307
874,1789952,1834,0.513524260520935,11.36,283,-0.0013077259063720703,0.06417765468358994,1.1519849300384521,0.00011765048839151859,0.0,0.1690104901790619
875,1792000,1834,0.5928319531679154,11.59,284,-0.0016305800527334213,0.060903530567884445,1.1401571035385132,0.000352662755176425,0.0,0.17131280899047852
876,1794048,1835,0.49432307720184326,10.89,284,0.000843539834022522,0.061524391174316406,1.1151103973388672,0.00012601632624864578,0.0,0.1775294989347458
877,1796096,1835,0.4938757407665253,10.51,287,-0.0004522111266851425,0.05969034135341644,1.1371445655822754,0.000104531180113554,0.0,0.1726236790418625
878,1798144,1835,0.5236414206027985,11.44,287,0.0002928953617811203,0.0593344084918499,1.1537227630615234,0.0002487481106072664,0.0,0.1717844307422638
879,1800192,1835,0.48416331291198733,11.68,280,0.0006487499922513962,0.06248713657259941,1.1761696338653564,0.0003700817469507456,0.0,0.16768014430999756
880,1802240,1835,0.5030982261896133,12.07,273,-0.0004124026745557785,0.05612000450491905,1.1783311367034912,7.653818465769291e-05,0.0,0.16945651173591614
881,1804288,1835,0.4552390509843826,11.04,279,-0.0002761688083410263,0.0646091029047966,1.1720566749572754,6.24216627329588e-05,0.0,0.16954293847084045
882,1806336,1834,0.46453609466552737,10.87,285,-0.0003934986889362335,0.06719981878995895,1.185176968574524,0.00011955387890338898,0.0,0.16898037493228912
883,1808384,1834,0.5617881673574447,12.57,263,0.00034729577600955963,0.06060366332530975,1.2061076164245605,8.366210386157036e-05,0.0,0.16391712427139282
884,1810432,1834,0.47392899453639986,12.02,280,-0.0030265552923083305,0.06382285058498383,1.1843907833099365,0.0002048145979642868,0.0,0.16682520508766174
885,1812480,1834,0.5131514793634415,12.03,268,0.00015747826546430588,0.05654885619878769,1.2159168720245361,8.153938688337803e-05,0.0,0.16060999035835266
886,1814528,1834,0.562981064915657,12.32,272,-0.0015005897730588913,0.06053738296031952,1.2134097814559937,0.0002592753153294325,0.0,0.16052010655403137
887,1816576,1834,0.47404615581035614,12.02,273,-0.0010459059849381447,0.06470277905464172,1.2311062812805176,5.57915773242712e-05,0.0,0.15727472305297852
888,1818624,1834,0.3840355044603348,13.09,264,-0.003951452672481537,0.056686870753765106,1.2333165407180786,0.0004195717629045248,0.0,0.15678764879703522
889,1820672,1834,0.4647491133213043,11.2,277,-0.001363561488687992,0.0594853013753891,1.2259571552276611,7.40555115044117e-05,0.0,0.16110111773014069
890,1822720,1834,0.46380118310451507,12.78,270,-0.00040123797953128815,0.05780060589313507,1.2439769506454468,0.00010289927013218403,0.0001220703125,0.15746915340423584
891,1824768,1834,0.48328994274139403,12.25,270,0.00027893297374248505,0.060146864503622055,1.2640950679779053,7.536355406045914e-05,0.0,0.1509891152381897
892,1826816,1834,0.52335384786129,11.86,271,-0.001137291081249714,0.0591559037566185,1.2549933195114136,0.00010847160592675209,0.0,0.155095636844635
893,1828864,1834,0.5328745567798614,11.69,277,-0.0015551000833511353,0.06075957044959068,1.2610242366790771,0.00012041023001074791,0.0,0.15751726925373077
894,1830912,1834,0.4630556219816208,14.05,253,-0.004782292991876602,0.053593121469020844,1.2342416048049927,0.0003801877610385418,0.0,0.16229134798049927
895,1832960,1834,0.5828532540798187,12.05,274,-0.00010682735592126846,0.05804549902677536,1.2244758605957031,0.0001505457330495119,0.0,0.16635113954544067
896,1835008,1834,0.5042378681898118,10.93,281,0.00044075772166252136,0.06605333834886551,1.2183480262756348,7.091974839568138e-05,0.0,0.16851356625556946
897,1837056,1834,0.5427786982059479,12.16,264,-0.00025647133588790894,0.05608544871211052,1.2287418842315674,0.00010891398414969444,0.0,0.17101125419139862
898,1839104,1834,0.4055266261100769,10.63,286,-0.000504516065120697,0.060929279774427414,1.2223190069198608,0.00013383408077061176,0.0,0.16648228466510773
899,1841152,1834,0.4542911261320114,11.76,271,-0.0038563814014196396,0.05706353858113289,1.224544644355774,0.00019980804063379765,0.0,0.17217351496219635
900,1843200,1834,0.5230236685276032,12.34,269,-0.0003869403153657913,0.0620720349252224,1.2399641275405884,3.914022818207741e-05,0.0,0.1671183556318283
901,1845248,1834,0.4140035516023636,12.99,252,-0.0013370441738516092,0.04934488236904144,1.2395997047424316,0.00010447553358972073,0.0,0.1631963849067688
902,1847296,1834,0.6108402377367019,13.43,252,-0.0006406651809811592,0.05564507842063904,1.2499617338180542,5.9791142120957375e-05,0.0,0.16019955277442932
903,1849344,1834,0.46315148055553435,13.06,264,-0.0002439301460981369,0.05727376043796539,1.2392008304595947,7.765693590044975e-05,0.0,0.16225087642669678
904,1851392,1835,0.5133857989311218,11.49,277,0.00014160294085741043,0.06303587555885315,1.2210506200790405,6.3746701925992966e-06,0.0,0.16866914927959442
905,1853440,1834,0.5232047343254089,11.72,268,-0.0018553473055362701,0.06322204321622849,1.2248001098632812,4.666764289140701e-05,0.0,0.16594961285591125
906,1855488,1835,0.5230130189657212,12.91,260,-0.0010877419263124466,0.05769001692533493,1.2238911390304565,4.8296526074409485e-05,0.0,0.1649061143398285
907,1857536,1835,0.5727467459440231,12.0,272,-0.000237402506172657,0.05768755078315735,1.198337435722351,6.04214146733284e-05,0.0,0.1732216775417328
908,1859584,1835,0.4539396452903748,11.74,273,-0.00047607533633708954,0.060635656118392944,1.2105963230133057,5.3516821935772896e-05,0.0,0.16940608620643616
909,1861632,1835,0.42497278153896334,11.23,271,-0.0013664043508470058,0.06162742152810097,1.214353084564209,3.487034700810909e-05,0.0,0.171158567070961
910,1863680,1835,0.5039502948522567,11.51,277,0.0007578525692224503,0.06074940785765648,1.2018754482269287,9.29306261241436e-05,0.0,0.17376312613487244
911,1865728,1835,0.41494082927703857,12.17,263,-0.0006033983081579208,0.05648030713200569,1.205397605895996,8.522369898855686e-05,0.0,0.1712859869003296
912,1867776,1835,0.3855159759521484,11.64,274,-0.00036655645817518234,0.060878753662109375,1.202957034111023,0.00011857971549034119,0.0,0.1758631020784378
913,1869824,1835,0.5719692313671112,13.3,264,-0.001130327582359314,0.05862056091427803,1.209256649017334,9.170034900307655e-05,0.0,0.17363235354423523
914,1871872,1835,0.41500473201274873,11.66,281,0.00017680227756500244,0.06056267023086548,1.196160912513733,6.756046786904335e-05,0.0,0.17800763249397278
915,1873920,1835,0.47391834735870364,11.48,277,-0.0005424672272056341,0.061800092458724976,1.1947835683822632,9.68684908002615e-05,0.0,0.17428424954414368
916,1875968,1835,0.5133112448453904,12.44,270,-0.0011576982215046883,0.059985365718603134,1.1748300790786743,6.7099928855896e-05,0.0,0.17891404032707214
917,1878016,1835,0.5038331371545791,11.83,272,-0.0005683824419975281,0.056621111929416656,1.1713182926177979,2.6337336748838425e-05,0.0,0.17975807189941406
918,1880064,1835,0.4543230754137039,11.25,287,-0.0008180821314454079,0.06620316207408905,1.1599979400634766,5.858158692717552e-05,0.0,0.1807350218296051
919,1882112,1835,0.4047704154253006,11.87,277,0.0001264619641005993,0.06301373988389969,1.1583209037780762,2.7348287403583527e-05,0.0,0.1834164708852768
920,1884160,1836,0.4841207104921341,11.41,287,-0.0008127056062221527,0.0642375722527504,1.1679269075393677,3.06770671159029e-05,0.0,0.1763310730457306
921,1886208,1836,0.5235242617130279,11.98,270,-0.000609041191637516,0.06236117333173752,1.1544115543365479,8.74074175953865e-05,0.0,0.181160569190979
922,1888256,1835,0.44436567842960356,11.1,286,-0.0005171298980712891,0.05880192294716835,1.156746745109558,3.678281791508198e-05,0.0,0.1785924732685089
923,1890304,1835,0.493875737786293,11.73,271,-0.0012722015380859375,0.06160227209329605,1.161210060119629,4.929397255182266e-05,0.0,0.17935597896575928
924,1892352,1835,0.4641952675580978,11.48,285,-0.0009254831820726395,0.06456847488880157,1.1689914464950562,0.00012529571540653706,0.0,0.17891928553581238
925,1894400,1835,0.5137053251266479,11.33,279,-0.00044624553993344307,0.0610993355512619,1.1902954578399658,4.8274872824549675e-05,0.0,0.16957834362983704
926,1896448,1835,0.5132686376571656,11.85,268,0.000725187361240387,0.06032035872340202,1.1752703189849854,4.8467423766851425e-05,0.0,0.17313463985919952
927,1898496,1835,0.4144615375995636,11.32,280,-0.000770453829318285,0.0649089366197586,1.1882431507110596,6.626872345805168e-05,0.0,0.1736050248146057
928,1900544,1835,0.5917988181114197,12.23,268,0.0003958381712436676,0.0596749521791935,1.1807538270950317,2.636644057929516e-05,0.0,0.17290447652339935
929,1902592,1835,0.42493017911911013,11.17,277,-8.394010365009308e-05,0.06063484773039818,1.1746623516082764,5.203625187277794e-05,0.0,0.1749974489212036
930,1904640,1835,0.5124485224485398,12.65,269,-0.0006837770342826843,0.0595577247440815,1.1935231685638428,1.810840331017971e-05,0.0,0.16594058275222778
931,1906688,1835,0.5137053251266479,11.76,287,2.826005220413208e-05,0.06400367617607117,1.164552927017212,4.775333218276501e-05,0.0,0.17456358671188354
932,1908736,1835,0.5134390532970429,11.67,269,-0.00021877512335777283,0.06507972627878189,1.174343228340149,3.9232196286320686e-05,0.0,0.1750568300485611
933,1910784,1835,0.5919266271591187,11.29,285,-0.00011651217937469482,0.06281790137290955,1.1732693910598755,1.4197779819369316e-05,0.0,0.17698271572589874
934,1912832,1835,0.46446153879165647,10.89,273,-0.0007622465491294861,0.05769377946853638,1.1853238344192505,3.4332508221268654e-05,0.0,0.16834616661071777
935,1914880,1835,0.40516449630260465,11.67,273,0.0007031913846731186,0.06270214915275574,1.1913608312606812,4.413723945617676e-05,0.0,0.1690290868282318
936,1916928,1835,0.4446000015735626,11.46,278,0.0004404778592288494,0.05968664214015007,1.1803227663040161,2.7324073016643524e-05,0.0,0.1706104576587677
937,1918976,1835,0.4541633129119873,11.29,276,1.635029911994934e-05,0.0641082227230072,1.1719415187835693,7.7798031270504e-06,0.0,0.17563197016716003
938,1921024,1835,0.5428745579719544,11.95,275,-2.496875822544098e-05,0.05935949459671974,1.1804583072662354,4.831003025174141e-06,0.0,0.16932153701782227
939,1923072,1835,0.46465325593948364,11.51,271,0.0002439841628074646,0.06517070531845093,1.1709257364273071,6.927154026925564e-05,0.0,0.17204369604587555
940,1925120,1835,0.5925869828462601,11.07,277,-0.00012298859655857086,0.06291496008634567,1.2057359218597412,6.340350955724716e-05,0.0,0.16841071844100952
941,1927168,1835,0.4745786988735199,11.79,278,-0.00028913887217640877,0.06405969709157944,1.179807424545288,1.4770310372114182e-05,0.0,0.17375168204307556
942,1929216,1835,0.444791716337204,11.54,278,-0.0007616886869072914,0.06157923489809036,1.1740185022354126,1.076539047062397e-05,0.0,0.17400477826595306
943,1931264,1835,0.5032260346412659,11.89,276,-0.0004304163157939911,0.060584500432014465,1.1808233261108398,1.2825941666960716e-05,0.0,0.16994543373584747
944,1933312,1835,0.4541207104921341,11.88,274,-0.0013901246711611748,0.06130227819085121,1.1822569370269775,4.3560052290558815e-05,0.0,0.1711750328540802
945,1935360,1836,0.5432686376571655,11.82,275,-0.00011012796312570572,0.06032694876194,1.1968889236450195,6.1015598475933075e-06,0.0,0.16468681395053864
946,1937408,1836,0.46456804692745207,11.99,276,-0.0006040092557668686,0.06008146330714226,1.1936545372009277,6.536138243973255e-05,0.0,0.17109861969947815
947,1939456,1836,0.4735668611526489,11.81,277,-0.0006635962054133415,0.06486830860376358,1.1928094625473022,1.7935875803232193e-05,0.0,0.1713961958885193
948,1941504,1836,0.5029384613037109,12.09,274,0.00019983947277069092,0.0627836138010025,1.1918673515319824,7.060123607516289e-06,0.0,0.17141392827033997
949,1943552,1836,0.49374792993068695,12.0,273,-0.0005337842740118504,0.06195446103811264,1.207318902015686,1.9306782633066177e-05,0.0,0.16842839121818542
950,1945600,1835,0.5233751475811005,11.92,277,-0.0008087623864412308,0.06515130400657654,1.1834425926208496,1.515890471637249e-05,0.0,0.17597590386867523
951,1947648,1835,0.43523905336856844,10.68,280,0.0006245579570531845,0.06576250493526459,1.191662311553955,1.9619939848780632e-05,0.0,0.17270678281784058
952,1949696,1835,0.42461064994335174,11.47,281,-0.0001781592145562172,0.0648399367928505,1.194993257522583,1.174071803689003e-05,0.0,0.16998961567878723
953,1951744,1836,0.43458934903144836,12.18,268,-0.0006744824349880219,0.06056573614478111,1.196052074432373,8.244533091783524e-06,0.0,0.16845166683197021
954,1953792,1836,0.5430236685276032,12.21,268,-9.971670806407928e-06,0.06024813652038574,1.199678659439087,3.187917172908783e-06,0.0,0.16780570149421692
955,1955840,1836,0.4839715987443924,11.99,271,-0.00038315728306770325,0.060175295919179916,1.1937599182128906,2.4777837097644806e-06,0.0,0.17276637256145477
956,1957888,1836,0.45448283970355985,10.93,282,-0.00014013051986694336,0.06395129859447479,1.1949015855789185,3.1532254070043564e-06,0.0,0.1696319580078125
957,1959936,1836,0.4145467436313629,12.5,266,-7.194001227617264e-06,0.060906726866960526,1.1921578645706177,3.594905138015747e-06,0.0,0.17042756080627441
958,1961984,1836,0.5230875754356384,12.34,271,-0.0002302415668964386,0.06054968386888504,1.1830778121948242,1.0483432561159134e-05,0.0,0.1738075315952301
959,1964032,1836,0.4740142017602921,11.56,274,-0.00029578618705272675,0.0625515952706337,1.19245445728302,2.26474367082119e-06,0.0,0.17104187607765198
960,1966080,1836,0.4440461534261704,11.9,268,-0.0004245266318321228,0.05863877385854721,1.1891131401062012,1.1792872101068497e-05,0.0,0.17273709177970886
961,1968128,1836,0.55270414352417,11.36,269,-0.00030000717379152775,0.057557135820388794,1.2003874778747559,4.285713657736778e-06,0.0,0.16904941201210022
962,1970176,1836,0.5333431935310364,11.19,271,-8.474709466099739e-05,0.0578073188662529,1.1999428272247314,1.1932570487260818e-06,0.0,0.1693052053451538
963,1972224,1837,0.43437633097171785,11.45,279,-0.00010208599269390106,0.06476956605911255,1.200424313545227,1.3434328138828278e-06,0.0,0.17111752927303314
964,1974272,1837,0.5135455626249313,12.47,266,0.00011755060404539108,0.06146341189742088,1.1992931365966797,2.523418515920639e-06,0.0,0.17214541137218475
965,1976320,1837,0.49390769243240357,11.71,273,-8.939206600189209e-05,0.06416884809732437,1.1928088665008545,3.0209776014089584e-06,0.0,0.17236381769180298
966,1978368,1837,0.4743976336717606,11.61,270,-0.00017879344522953033,0.058802541345357895,1.1911945343017578,8.596107363700867e-07,0.0,0.17160764336585999
967,1980416,1836,0.49356686234474184,11.86,274,6.762519478797913e-05,0.05895332619547844,1.201648473739624,3.4552067518234253e-07,0.0,0.1685783714056015
968,1982464,1837,0.5128639066219329,12.17,274,1.7026439309120178e-05,0.06133982911705971,1.1947213411331177,2.7455389499664307e-06,0.0,0.16926217079162598
969,1984512,1837,0.5042165684700012,10.93,280,4.669139161705971e-05,0.06101171672344208,1.1998772621154785,1.701992005109787e-07,0.0,0.16796833276748657
970,1986560,1837,0.5330982255935669,12.11,273,-0.00016393139958381653,0.06232931464910507,1.20060133934021,1.6582198441028595e-06,0.0,0.1669146567583084
971,1988608,1837,0.45457869887351987,11.25,278,2.917274832725525e-05,0.060756754130125046,1.1993658542633057,1.3271346688270569e-06,0.0,0.16747725009918213
972,1990656,1837,0.5229384613037109,11.81,269,-0.00010823458433151245,0.06318140029907227,1.1894614696502686,2.698507159948349e-07,0.0,0.17301622033119202
973,1992704,1837,0.5133964496850968,12.11,270,2.4464912712574005e-05,0.05859445407986641,1.1932427883148193,8.754432201385498e-08,0.0,0.17321352660655975
974,1994752,1837,0.4447384601831436,11.46,282,-4.518777132034302e-06,0.05902531370520592,1.1910400390625,2.7474015951156616e-08,0.0,0.1724482625722885
975,1996800,1837,0.43432307600975034,11.97,272,-3.193225711584091e-05,0.06055223196744919,1.1942511796951294,2.2817403078079224e-08,0.0,0.17104066908359528
976,1998848,1837,0.45399290025234224,11.83,271,-7.722526788711548e-06,0.060736414045095444,1.187567949295044,1.862645149230957e-09,0.0,0.17632268369197845
