update,frames,fps,ep_return,ep_len,n_episodes,pg_loss,v_loss,entropy,approx_kl,clipfrac,enc_activity
1,2048,594,0.37528994083404543,42.8,5,-0.0016231723129749298,0.002780176931992173,1.9458235502243042,8.243252523243427e-05,0.0,0.056636713445186615
2,4096,603,0.3850361572371589,109.77777777777777,9,-7.795356214046478e-05,0.001967101823538542,1.9414180517196655,0.0036965624894946814,0.0008544921875,0.14884963631629944
3,6144,642,0.3659861932198207,117.75,12,-0.0014822091907262802,0.0017016830388456583,1.9180718660354614,0.015271143056452274,0.075927734375,0.21390126645565033
4,8192,664,0.31370245133127483,161.14285714285714,14,-0.013685639947652817,0.00010016170563176274,1.9147552251815796,0.012986901216208935,0.0279541015625,0.21629835665225983
5,10240,682,0.33589279651641846,204.52941176470588,17,0.010291144251823425,0.002723302925005555,1.8907915353775024,0.007874286733567715,0.060791015625,0.2783588469028473
6,12288,689,0.33589279651641846,204.52941176470588,17,-0.006233451887965202,0.00013031577691435814,1.9112979173660278,0.007556924130767584,0.046142578125,0.2346513867378235
7,14336,689,0.2724408283829689,366.75,24,-0.015840141102671623,0.0011296890443190932,1.9072904586791992,0.004013276658952236,0.0439453125,0.2115628719329834
8,16384,692,0.26117233745753765,371.90625,32,-0.002566153183579445,0.0026829747948795557,1.8902959823608398,0.004088985733687878,0.0,0.23786687850952148
9,18432,683,0.2395000010728836,380.975,40,-0.01314840093255043,0.001981276087462902,1.8761767148971558,0.009654486551880836,0.0296630859375,0.24333356320858002
10,20480,681,0.27284869125911165,365.5238095238095,42,0.005084644537419081,0.004887757357209921,1.891473650932312,0.0048246365040540695,0.0,0.2135605812072754
11,22528,685,0.27284869125911165,365.5238095238095,42,-0.006376538425683975,4.82875038869679e-05,1.8607250452041626,0.006138605996966362,0.02978515625,0.2749817967414856
12,24576,681,0.266546645697127,381.78723404255317,47,-0.006882913410663605,6.18647609371692e-05,1.825215220451355,0.009260542690753937,0.1190185546875,0.33093714714050293
13,26624,683,0.29281123070155873,366.7647058823529,51,-0.005140386521816254,0.0032221863511949778,1.7267820835113525,0.016316421329975128,0.0865478515625,0.4607507884502411
14,28672,683,0.28975107084060536,378.63793103448273,58,-0.012011801823973656,0.0037797605618834496,1.760862112045288,0.01707329973578453,0.0849609375,0.4153604209423065
15,30720,683,0.2625869079492986,416.53125,64,-0.014328479766845703,8.25134920887649e-05,1.7639460563659668,0.006046178750693798,0.0308837890625,0.4674418270587921
16,32768,684,0.2765560413616291,420.6811594202899,69,-0.003687754273414612,0.0062728989869356155,1.7454754114151,0.00957309640944004,0.0074462890625,0.4986388087272644
17,34816,686,0.2959921109676361,399.16,75,-0.009363864548504353,0.0028826012276113033,1.7016865015029907,0.00695920130237937,0.0921630859375,0.4888685941696167
18,36864,684,0.29460772766786464,381.7529411764706,85,-0.003044974058866501,0.002213535364717245,1.6884748935699463,0.012989813461899757,0.071044921875,0.49262309074401855
19,38912,684,0.29924391905466713,365.53333333333336,90,-0.004324325360357761,0.0011324353981763124,1.610642433166504,0.01321231760084629,0.1224365234375,0.5577766299247742
20,40960,686,0.30512862111392774,370.65263157894736,95,-0.013830520212650299,0.002231048885732889,1.5023452043533325,0.014896638691425323,0.0673828125,0.5869003534317017
21,43008,686,0.3138319532573223,383.87,103,0.005203777924180031,0.0022554846946150064,1.4051451683044434,0.01452637929469347,0.0302734375,0.6158220767974854
22,45056,670,0.33417159870266916,392.93,111,-0.023499365895986557,0.005168726667761803,1.5398640632629395,0.015204383060336113,0.1053466796875,0.5189885497093201
23,47104,667,0.32734556302428247,354.48,109,-0.0034183617681264877,0.0011510696494951844,1.4608852863311768,0.010493826121091843,0.0501708984375,0.5629698634147644
24,49152,668,0.3812544386088848,318.28,115,-0.00798893440514803,0.0089390454813838,1.3711975812911987,0.005070696119219065,0.0191650390625,0.5441077351570129
25,51200,667,0.40493017867207526,253.02,119,0.00020511634647846222,0.012923253700137138,1.419041633605957,0.002820204710587859,0.0042724609375,0.5562505722045898
26,53248,658,0.40403550401329996,236.83,104,0.002576565369963646,0.0016074195737019181,1.299811601638794,0.011402258649468422,0.015625,0.5873178839683533
27,55296,654,0.40125680461525914,218.36,115,-0.0017399147618561983,0.006854225415736437,1.3335868120193481,0.002314480021595955,0.001953125,0.5644707679748535
28,57344,648,0.4369349120557308,169.53,125,-0.008045967668294907,0.013543074950575829,1.3597240447998047,0.0036687073297798634,0.0350341796875,0.531213641166687
29,59392,649,0.4384153851866722,162.0,114,-0.013476007618010044,0.005294939503073692,1.414830207824707,0.005359159782528877,0.0294189453125,0.5192750692367554
30,61440,649,0.425360946059227,133.69,128,0.0011608339846134186,0.014021494425833225,1.3425500392913818,0.0032078027725219727,0.0047607421875,0.5853480100631714
31,63488,648,0.4137751477956772,91.53,137,-0.0050882380455732346,0.015911635011434555,1.3147246837615967,0.006628649774938822,0.0413818359375,0.5080581307411194
32,65536,650,0.4063964480161667,64.76,132,-0.0003631860017776489,0.013663089834153652,1.3935346603393555,0.007697859313338995,0.060546875,0.48199576139450073
33,67584,649,0.47260473370552064,57.46,133,-0.009011862799525261,0.017921241000294685,1.3828973770141602,0.004252810962498188,0.0224609375,0.4822145104408264
34,69632,645,0.523138462305069,53.67,166,-0.005551137961447239,0.030361266806721687,1.1645327806472778,0.0065415771678090096,0.053466796875,0.5255639553070068
35,71680,642,0.5071337276697159,29.87,180,-0.004378162324428558,0.03611690178513527,1.1883540153503418,0.006672688759863377,0.0556640625,0.46607404947280884
36,73728,643,0.5134804755449295,26.7,157,-0.007264416664838791,0.024607811123132706,1.192912220954895,0.004986745771020651,0.0379638671875,0.4708859920501709
37,75776,645,0.46155266642570497,33.97,178,-0.007283221930265427,0.03145978972315788,1.0436949729919434,0.007388344034552574,0.025390625,0.421572744846344
38,77824,646,0.47709112346172333,26.77,175,-0.018026988953351974,0.03207576274871826,0.9839013814926147,0.007284711115062237,0.04541015625,0.4976317286491394
39,79872,647,0.4770698219537735,25.96,175,-0.008951818570494652,0.030995046719908714,0.9743128418922424,0.003663819283246994,0.0225830078125,0.49815356731414795
40,81920,642,0.4300094681978226,27.53,181,0.001747270580381155,0.02769450470805168,0.94169682264328,0.0033180881291627884,0.0162353515625,0.4775661826133728
41,83968,644,0.49537633180618285,23.65,191,-0.009080668911337852,0.037640880793333054,1.0609486103057861,0.003994436003267765,0.0289306640625,0.39453408122062683
42,86016,646,0.4782307696342468,20.17,206,-0.017296835780143738,0.04479939863085747,0.9319099187850952,0.004823063500225544,0.0242919921875,0.35235488414764404
43,88064,648,0.5179751479625702,21.87,174,-0.00461525097489357,0.02843748964369297,1.0678956508636475,0.0044204071164131165,0.0235595703125,0.3977598547935486
44,90112,650,0.5451846164464951,28.9,172,-0.004937296733260155,0.02704089693725109,1.0291752815246582,0.005931515246629715,0.0421142578125,0.3647700548171997
45,92160,650,0.5645349127054214,25.51,177,-0.0048144785687327385,0.03596397861838341,1.0054157972335815,0.004260784946382046,0.0284423828125,0.3795240819454193
46,94208,650,0.4491680479049683,29.66,182,-0.007691394537687302,0.03192419558763504,1.0830743312835693,0.0037610698491334915,0.0303955078125,0.3722327947616577
47,96256,652,0.46922130286693575,22.26,195,-0.004844573326408863,0.03956562280654907,1.0175719261169434,0.006323732435703278,0.0372314453125,0.3690834641456604
48,98304,653,0.4501692312955856,20.63,190,-0.010737400501966476,0.03778788074851036,1.0165470838546753,0.005219089798629284,0.0416259765625,0.4010554552078247
49,100352,652,0.4402757400274277,21.74,187,-0.012551626190543175,0.03795976936817169,1.003661870956421,0.0025123669765889645,0.020751953125,0.43615418672561646
50,102400,649,0.40128757297992707,22.97,194,-0.006278824992477894,0.03439458832144737,0.909360945224762,0.0035546470899134874,0.02099609375,0.4530198574066162
51,104448,650,0.43216094732284543,23.24,184,-0.01763531193137169,0.03217793256044388,1.0888808965682983,0.006251419894397259,0.0443115234375,0.47042953968048096
52,106496,652,0.46943432211875913,19.89,209,-0.009652376174926758,0.041925329715013504,1.011922001838684,0.004686485044658184,0.0394287109375,0.470927357673645
53,108544,651,0.6083053278923035,19.25,190,-0.012603573501110077,0.03675824776291847,1.0014508962631226,0.0056891851127147675,0.0350341796875,0.4635787308216095
54,110592,650,0.48020118474960327,22.06,203,-0.00419832207262516,0.04009226709604263,1.0105786323547363,0.005076468922197819,0.03564453125,0.46157920360565186
55,112640,650,0.4885076928138733,22.06,186,-0.016573777422308922,0.03550311177968979,1.0522292852401733,0.005487336777150631,0.01708984375,0.4658588767051697
56,114688,651,0.45742130279541016,21.77,200,-0.006627628579735756,0.03922220319509506,0.8786467909812927,0.004935804288834333,0.0413818359375,0.46932274103164673
57,116736,650,0.5495621311664581,20.77,211,-0.005207067355513573,0.04469303786754608,0.8369641304016113,0.0031421976163983345,0.0155029296875,0.48071181774139404
58,118784,646,0.42076568126678465,20.61,186,-0.007750934921205044,0.030761994421482086,0.9013636112213135,0.0040889643132686615,0.044677734375,0.5007753968238831
59,120832,643,0.4398390543460846,20.69,216,-0.008241224102675915,0.04134365916252136,0.750978946685791,0.00326107838191092,0.040283203125,0.46735090017318726
60,122880,641,0.44097870111465454,17.43,213,-0.0015464499592781067,0.04017078876495361,0.8573326468467712,0.005747015587985516,0.0384521484375,0.4743025302886963
61,124928,640,0.5604035526514053,14.78,232,0.0017659887671470642,0.050956953316926956,0.6998971700668335,0.003062649630010128,0.0272216796875,0.49068427085876465
62,126976,641,0.5603822505474091,15.68,216,-0.009331513196229935,0.04094776138663292,0.7528878450393677,0.005861389916390181,0.03955078125,0.5434309244155884
63,129024,641,0.4796260344982147,17.65,225,-0.0018894635140895844,0.04716658592224121,0.7486101388931274,0.004493844695389271,0.0269775390625,0.5200920701026917
64,131072,642,0.4235881668329239,13.26,245,0.0012523960322141647,0.053873270750045776,0.7059558033943176,0.005318215116858482,0.036376953125,0.45013803243637085
65,133120,643,0.4605739641189575,16.79,225,-0.0057234130799770355,0.04729146510362625,0.7552722692489624,0.0028974744491279125,0.0184326171875,0.4614565968513489
66,135168,642,0.5010745567083359,16.33,226,-0.0025491751730442047,0.05035238713026047,0.8858821392059326,0.004868277348577976,0.0462646484375,0.4159832000732422
67,137216,643,0.5101692283153534,17.09,220,-0.010828178375959396,0.04688166454434395,0.7924135327339172,0.004558332730084658,0.0198974609375,0.46594324707984924
68,139264,641,0.46964733898639677,20.02,209,-0.015586270950734615,0.04476948454976082,0.8904488682746887,0.005611411761492491,0.025146484375,0.47564125061035156
69,141312,636,0.45206508815288543,15.91,222,-0.0027468048501759768,0.04641018807888031,0.7662193179130554,0.0017155797686427832,0.0142822265625,0.48716920614242554
70,143360,633,0.4988165694475174,17.91,208,-0.011838959529995918,0.04457814246416092,0.7922669649124146,0.0026367336977273226,0.01513671875,0.47019892930984497
71,145408,629,0.5276023697853088,20.03,216,-0.003376680426299572,0.04624069482088089,0.8560563921928406,0.004463012330234051,0.01171875,0.4776293635368347
72,147456,627,0.48156449794769285,15.16,231,-0.012355831451714039,0.05201900005340576,0.7643387913703918,0.003812589216977358,0.021240234375,0.48352953791618347
73,149504,624,0.5005952697992325,16.64,219,-0.013266071677207947,0.04807616025209427,0.8057781457901001,0.0039829472079873085,0.048583984375,0.5126746892929077
74,151552,623,0.5117242628335953,17.58,216,-0.00781833566725254,0.04413639381527901,0.7686575651168823,0.0038185296580195427,0.0302734375,0.5733720660209656
75,153600,619,0.4527254456281662,14.94,227,-0.0019602635875344276,0.05122463032603264,0.8955647945404053,0.0033227296080440283,0.038330078125,0.4982067942619324
76,155648,616,0.511021301150322,17.71,218,-0.005675679072737694,0.04683408886194229,0.8730067014694214,0.0027278403285890818,0.012451171875,0.5160155296325684
77,157696,616,0.4895195245742798,16.03,222,-0.009814351797103882,0.046515271067619324,0.9288235306739807,0.0037994105368852615,0.024169921875,0.5076811909675598
78,159744,616,0.4928106516599655,15.73,228,-0.008325228467583656,0.04771345853805542,0.8636443018913269,0.0031000152230262756,0.028076171875,0.5360910892486572
79,161792,616,0.42274674713611604,14.87,232,-0.0037094801664352417,0.05363081023097038,0.8432503938674927,0.002204070333391428,0.021728515625,0.5003304481506348
80,163840,617,0.3637372797727585,17.41,207,0.0005097445100545883,0.03935801982879639,0.8059248328208923,0.007701181340962648,0.031494140625,0.5075323581695557
81,165888,617,0.5079964500665665,18.85,216,0.015362642705440521,0.04293539747595787,0.775856077671051,0.0038095649797469378,0.0196533203125,0.549941897392273
82,167936,618,0.530233138203621,15.27,236,-0.006919671781361103,0.05055263638496399,0.7383140325546265,0.0029092261102050543,0.0172119140625,0.5074057579040527
83,169984,619,0.4925017774105072,13.86,252,-0.005189286544919014,0.05769335851073265,0.6907023787498474,0.006660249084234238,0.035888671875,0.5443510413169861
84,172032,619,0.3839502966403961,14.15,243,-0.0004627229645848274,0.049588389694690704,0.7166011929512024,0.0026605133898556232,0.037353515625,0.5465556383132935
85,174080,619,0.5017668652534485,15.87,221,-0.006168206222355366,0.04476352035999298,0.7311014533042908,0.0026857967022806406,0.0130615234375,0.6202566623687744
86,176128,620,0.5302118343114853,16.21,232,-0.012152548879384995,0.049196939915418625,0.7034751772880554,0.0029820543713867664,0.0252685546875,0.6017781496047974
87,178176,621,0.5304994088411331,16.36,226,-0.001553037203848362,0.048376891762018204,0.7502197623252869,0.0023847075644880533,0.0296630859375,0.6132420897483826
88,180224,621,0.4908721911907196,15.69,231,-0.00785367377102375,0.05129602178931236,0.8369246125221252,0.005967403296381235,0.0152587890625,0.5675951242446899
89,182272,621,0.45215029656887057,16.52,221,-0.004272570833563805,0.04437895491719246,0.87875896692276,0.004143514204770327,0.010986328125,0.5898040533065796
90,184320,621,0.45252307772636413,14.73,236,-0.004772298038005829,0.04940600320696831,0.7963150143623352,0.0020083896815776825,0.0181884765625,0.6081287860870361
91,186368,621,0.45055266439914704,17.11,235,-0.004670050926506519,0.05433477461338043,0.9046857357025146,0.003919531591236591,0.0213623046875,0.5784481763839722
92,188416,622,0.4420970433950424,16.27,222,-0.0047916024923324585,0.04561734199523926,0.9268137216567993,0.004505128599703312,0.045166015625,0.5774007439613342
93,190464,622,0.4713514816761017,16.53,231,-0.007254704833030701,0.04748819023370743,0.918149471282959,0.0026670615188777447,0.0137939453125,0.5859869122505188
94,192512,622,0.49193727791309355,15.89,218,-0.003142876550555229,0.044496070593595505,0.8437014818191528,0.00461933109909296,0.026611328125,0.5943869352340698
95,194560,623,0.5607230764627457,17.22,229,-0.006506679113954306,0.04923754930496216,0.8230278491973877,0.0019118390046060085,0.0155029296875,0.5346634984016418
96,196608,623,0.5004781103134155,16.12,224,-0.013151232153177261,0.04652727022767067,0.950904130935669,0.004037932027131319,0.0384521484375,0.518497109413147
97,198656,624,0.5106165677309036,16.62,223,-0.009521136060357094,0.04690849035978317,1.0245262384414673,0.005719062872231007,0.019775390625,0.534904956817627
98,200704,624,0.5215431952476501,17.4,211,-0.0021913154050707817,0.042671121656894684,1.0090082883834839,0.0050371065735816956,0.021728515625,0.5724575519561768
99,202752,624,0.4693384611606598,20.76,205,0.006654743105173111,0.04084549844264984,1.0941601991653442,0.0058133164420723915,0.0267333984375,0.5301029086112976
100,204800,625,0.40288520634174346,19.3,204,-0.015434564091265202,0.03820899873971939,1.109567403793335,0.005572960712015629,0.02978515625,0.6041215658187866
101,206848,625,0.5085396444797516,23.24,186,-0.0049731070175766945,0.03653833642601967,1.035270094871521,0.010728261433541775,0.0628662109375,0.6566175222396851
102,208896,626,0.5609254455566406,15.01,230,-0.005220731720328331,0.046867769211530685,1.0063730478286743,0.0039550503715872765,0.021240234375,0.6262755393981934
103,210944,626,0.4510319519042969,17.26,209,-0.004087155684828758,0.04345625638961792,1.0605658292770386,0.007101963274180889,0.0181884765625,0.6353829503059387
104,212992,625,0.518411836028099,20.04,208,-0.012070070952177048,0.04549901932477951,1.0804903507232666,0.005620913580060005,0.0379638671875,0.5965667963027954
105,215040,625,0.39239526689052584,18.46,201,-0.01366361603140831,0.038328539580106735,1.0158576965332031,0.008448688313364983,0.02099609375,0.6464982628822327
106,217088,625,0.4312769240140915,17.1,213,0.0013637878000736237,0.044921308755874634,1.0413644313812256,0.003639324102550745,0.0240478515625,0.6062604188919067
107,219136,626,0.5222355026006699,14.89,222,-0.028116045519709587,0.045238740742206573,0.9828925132751465,0.009647632017731667,0.0499267578125,0.5801764726638794
108,221184,626,0.5306911242008209,17.37,210,-0.012911759316921234,0.04102526605129242,0.9806334972381592,0.004191684070974588,0.02783203125,0.5622783303260803
109,223232,626,0.53120236992836,15.43,235,-0.0044164955615997314,0.052583228796720505,0.914756178855896,0.0030660158954560757,0.0201416015625,0.526953935623169
110,225280,626,0.42140473425388336,15.62,228,-0.0015522046014666557,0.05044792965054512,0.9609516263008118,0.0052259317599236965,0.038330078125,0.5506048202514648
111,227328,626,0.48127692461013794,15.98,231,0.0026441095396876335,0.04885346442461014,0.8952476978302002,0.0053176614455878735,0.0361328125,0.6082778573036194
112,229376,627,0.5900201183557511,16.85,208,0.004857663065195084,0.03903172165155411,0.8945795297622681,0.004002109169960022,0.0228271484375,0.6332923173904419
113,231424,627,0.46025443732738497,18.53,210,-0.0005849194712936878,0.04170935973525047,0.9356880784034729,0.003631606698036194,0.0194091796875,0.6332980394363403
114,233472,627,0.5701479297876358,15.93,228,0.0023856721818447113,0.043895088136196136,1.01213800907135,0.0029130238108336926,0.021728515625,0.5328450202941895
115,235520,627,0.5003929018974305,16.76,227,-0.004299311898648739,0.05136974900960922,0.9420700073242188,0.006523054093122482,0.0118408203125,0.5350427031517029
116,237568,627,0.41318343341350555,13.48,252,-0.005627639591693878,0.05691338703036308,0.9076995253562927,0.004999352619051933,0.030029296875,0.5141572952270508
117,239616,627,0.5318520730733871,14.39,240,-0.0011118799448013306,0.053179290145635605,0.8368698954582214,0.0030117095448076725,0.0120849609375,0.5411654710769653
118,241664,628,0.5489656835794449,17.77,225,0.0010251440107822418,0.04840008169412613,0.7977688908576965,0.0057135093957185745,0.0157470703125,0.5389434099197388
119,243712,628,0.5410745573043824,14.11,241,-0.0037547405809164047,0.05167285352945328,0.8631183505058289,0.003495202399790287,0.03125,0.5365801453590393
120,245760,628,0.452640238404274,13.92,238,0.0025355741381645203,0.04886070638895035,0.9184123277664185,0.0034820346627384424,0.01416015625,0.5803028345108032
121,247808,629,0.5005100619792938,17.06,233,-0.004400433972477913,0.0481150858104229,0.9299139380455017,0.0029994247015565634,0.01025390625,0.6162288188934326
122,249856,629,0.403471006155014,15.29,220,-0.004238596186041832,0.04757503420114517,0.9537127017974854,0.0009109063539654016,0.01123046875,0.6475017070770264
123,251904,629,0.5024485224485398,18.0,227,-0.0029541822150349617,0.04519380256533623,0.880078911781311,0.007579107768833637,0.0269775390625,0.6555996537208557
124,253952,629,0.47331124484539033,13.12,249,-0.01833462342619896,0.05317332595586777,0.9249433279037476,0.005926711019128561,0.0496826171875,0.5679196119308472
125,256000,629,0.45079763650894167,18.15,212,-0.01318967156112194,0.04011053591966629,0.9590492844581604,0.0043784137815237045,0.01171875,0.6349081993103027
126,258048,629,0.5116603565216065,14.47,223,-0.0023269522935152054,0.047229692339897156,1.0225567817687988,0.007883887737989426,0.031982421875,0.6155352592468262
127,260096,629,0.4912130177021027,16.0,212,-0.008748771622776985,0.04066087678074837,1.0622483491897583,0.0054285842925310135,0.0435791015625,0.6270943880081177
128,262144,629,0.5175278115272522,24.34,202,-0.0036715827882289886,0.03977341949939728,1.127018690109253,0.008027049712836742,0.01806640625,0.5611497163772583
129,264192,630,0.5880816578865051,18.8,203,0.000338967889547348,0.043112389743328094,1.0924259424209595,0.01097901351749897,0.0281982421875,0.6311782598495483
130,266240,630,0.49059526801109316,18.56,211,-0.012262552976608276,0.04343458637595177,1.1337759494781494,0.0036696549504995346,0.014404296875,0.6270705461502075
131,268288,630,0.4797751498222351,20.65,200,-0.007733495905995369,0.04357841983437538,1.061748743057251,0.014098995365202427,0.05615234375,0.6345640420913696
132,270336,630,0.5494556200504302,17.94,201,-0.009240337647497654,0.03954055905342102,1.0348433256149292,0.0048038531094789505,0.0528564453125,0.6031249165534973
133,272384,630,0.4885076957941055,22.19,211,-0.005553314462304115,0.04124376177787781,1.0177421569824219,0.0079288799315691,0.0128173828125,0.6080065965652466
134,274432,631,0.5318520724773407,14.88,236,-0.005098668858408928,0.05226512998342514,1.0439980030059814,0.005099503323435783,0.015380859375,0.5865732431411743
135,276480,631,0.5012023675441742,15.81,221,-0.006239017006009817,0.04006432369351387,0.9774059057235718,0.014368370175361633,0.0189208984375,0.6382878422737122
136,278528,631,0.383364497423172,17.57,214,-0.009962666779756546,0.03993518650531769,0.9528447389602661,0.011907575652003288,0.0184326171875,0.5885568857192993
137,280576,632,0.49275739550590514,15.66,232,-0.011708658188581467,0.051126040518283844,0.9377455711364746,0.0033571880776435137,0.019775390625,0.594924807548523
138,282624,632,0.5125230783224106,13.69,243,-0.007810103707015514,0.04775616154074669,0.9728281497955322,0.0032666223123669624,0.0147705078125,0.5991219282150269
139,284672,632,0.560723078250885,16.08,227,-0.012181958183646202,0.04528666287660599,0.9359337091445923,0.006650734227150679,0.011962890625,0.662092387676239
140,286720,632,0.43314082980155943,14.94,239,-0.010897718369960785,0.05386589094996452,0.9339878559112549,0.0009141545742750168,0.016357421875,0.5913429856300354
141,288768,631,0.49231006264686583,15.71,217,-0.006863593123853207,0.04930858686566353,1.0521999597549438,0.006253446917980909,0.0228271484375,0.616270124912262
142,290816,631,0.4692106521129608,17.64,225,-0.008426086977124214,0.0468318834900856,1.0709763765335083,0.0028111201245337725,0.0247802734375,0.6161961555480957
143,292864,631,0.45255502939224246,16.29,219,-0.00562017597258091,0.047158822417259216,1.0467242002487183,0.0049074795097112656,0.0201416015625,0.6254782676696777
144,294912,631,0.511873374581337,15.07,226,0.0021432042121887207,0.05257716029882431,1.0327763557434082,0.0048844353295862675,0.0184326171875,0.636601448059082
145,296960,631,0.48133017897605895,15.38,221,-0.005692245438694954,0.04149175435304642,1.0127261877059937,0.0053322287276387215,0.0125732421875,0.6109658479690552
146,299008,631,0.46241656959056854,15.13,212,-0.0031623970717191696,0.04502123221755028,1.0880619287490845,0.004966241307556629,0.0128173828125,0.6216161251068115
147,301056,631,0.5364733731746674,26.33,211,-0.008933410048484802,0.041557736694812775,1.101426124572754,0.005372888408601284,0.0130615234375,0.6632906198501587
148,303104,631,0.4612023675441742,16.29,226,-0.012086587026715279,0.04512495547533035,1.0325431823730469,0.010566200129687786,0.0316162109375,0.631791353225708
149,305152,631,0.5799242603778839,15.66,232,-0.0024908818304538727,0.04921787232160568,1.101589322090149,0.005453998688608408,0.021240234375,0.599989652633667
150,307200,630,0.4624378716945648,15.62,233,-0.014052044600248337,0.04945504665374756,1.0452053546905518,0.006176683120429516,0.020751953125,0.5779421925544739
151,309248,630,0.46182011902332304,15.27,225,-0.011784113943576813,0.048316795378923416,1.005389928817749,0.005798730533570051,0.0289306640625,0.5731120109558105
152,311296,630,0.4427573961019516,18.85,219,-0.0012376084923744202,0.04418329522013664,1.062117576599121,0.006478367373347282,0.013916015625,0.5805206298828125
153,313344,630,0.5411065089702606,14.55,241,-0.00874290056526661,0.05544857308268547,1.10012948513031,0.003050354542210698,0.02734375,0.5571097135543823
154,315392,630,0.5025230765342712,14.63,241,0.00011987239122390747,0.05008332431316376,1.0025501251220703,0.008136840537190437,0.069091796875,0.5704913139343262
155,317440,630,0.4719266259670258,16.62,228,-0.004294040612876415,0.05101415142416954,1.03196382522583,0.0028479681350290775,0.0169677734375,0.5687230825424194
156,319488,630,0.4722142016887665,14.73,226,-0.009938634932041168,0.04449108988046646,0.9464921951293945,0.004231613129377365,0.0244140625,0.5729562044143677
157,321536,630,0.4435775142908096,13.51,248,-0.005986467003822327,0.056693434715270996,1.026916742324829,0.004365704488009214,0.01611328125,0.5218347311019897
158,323584,630,0.512629588842392,13.92,229,-0.0020449012517929077,0.04942984879016876,1.0684089660644531,0.006106104701757431,0.0416259765625,0.5624386072158813
159,325632,630,0.39097869753837583,20.81,204,-0.009153785184025764,0.03904750943183899,1.0953139066696167,0.008317419327795506,0.02783203125,0.6333887577056885
160,327680,630,0.5002224850654602,17.66,222,-0.0029748580418527126,0.046845074743032455,1.1399295330047607,0.007132348604500294,0.042724609375,0.5925577878952026
161,329728,630,0.5497858005762101,15.87,212,0.007116202265024185,0.04469745606184006,1.2389678955078125,0.011657092720270157,0.054931640625,0.5865134000778198
162,331776,630,0.5562177550792694,22.29,193,-0.0035522207617759705,0.0359840951859951,1.1807187795639038,0.011131308041512966,0.0220947265625,0.6423519253730774
163,333824,630,0.4598177516460419,18.6,226,-0.006562875583767891,0.04750313237309456,1.1333985328674316,0.002528221346437931,0.018798828125,0.5985477566719055
164,335872,630,0.5681349098682403,16.98,220,-0.017712781205773354,0.04378240182995796,1.2086734771728516,0.009773272089660168,0.0289306640625,0.6262503862380981
165,337920,629,0.4009147936105728,19.04,204,-0.00600072368979454,0.04195766523480415,1.138658881187439,0.0113339489325881,0.042724609375,0.6297276020050049
166,339968,629,0.47010532438755037,19.75,209,-0.003448021598160267,0.03984719142317772,1.08231782913208,0.006119441241025925,0.030029296875,0.6328532099723816
167,342016,630,0.4529917162656784,16.02,218,0.0005303015932440758,0.04649524390697479,1.0099157094955444,0.009894607588648796,0.0567626953125,0.6404722929000854
168,344064,629,0.4789550310373306,18.13,221,-0.022503549233078957,0.04255098104476929,0.9851446151733398,0.007910956628620625,0.0545654296875,0.6572728157043457
169,346112,629,0.47218225002288816,14.72,225,-0.0072841523215174675,0.04787106812000275,0.9101748466491699,0.005106586962938309,0.032958984375,0.6629996299743652
170,348160,629,0.4625443810224533,14.75,231,-0.009724222123622894,0.05036737397313118,0.9529321789741516,0.0027458821423351765,0.0252685546875,0.6723549365997314
171,350208,629,0.5628000009059906,13.23,251,-0.007627662271261215,0.056908316910266876,0.9031966924667358,0.003923396579921246,0.03466796875,0.6366450786590576
172,352256,629,0.4233005917072296,14.37,239,-0.00033100880682468414,0.053410038352012634,0.9012746810913086,0.0038146660663187504,0.0523681640625,0.6745983958244324
173,354304,630,0.5222035509347915,16.02,230,-0.009279908612370491,0.04770490899682045,0.9107463955879211,0.0028627365827560425,0.0224609375,0.6992381811141968
174,356352,630,0.5218414229154587,15.36,243,0.0029049795120954514,0.050754617899656296,0.9939393401145935,0.0037557180039584637,0.0255126953125,0.6215745210647583
175,358400,630,0.5024591714143753,14.1,239,-0.006140147335827351,0.05517889931797981,1.0100138187408447,0.0034730308689177036,0.0443115234375,0.6308082342147827
176,360448,630,0.5194343197345733,17.16,225,-0.008822042495012283,0.04474576190114021,0.9359035491943359,0.004192716907709837,0.0240478515625,0.679204523563385
177,362496,630,0.5712662732601166,14.1,234,-0.009701985865831375,0.04871165752410889,0.9366711974143982,0.006226046942174435,0.029052734375,0.6669320464134216
178,364544,629,0.5022355037927627,15.15,225,-0.003853023052215576,0.0456584133207798,0.8978376388549805,0.0024912175722420216,0.026611328125,0.6836402416229248
179,366592,630,0.47276804625988006,14.52,243,0.002016662620007992,0.05348266288638115,0.977622389793396,0.003947035409510136,0.015869140625,0.6997286081314087
180,368640,630,0.4630982255935669,14.06,239,-0.0019811028614640236,0.04612655192613602,0.9119763374328613,0.008550555445253849,0.025146484375,0.7178280353546143
181,370688,630,0.5030769240856171,14.14,222,-0.0071924105286598206,0.044664785265922546,0.9434123039245605,0.002398404059931636,0.0218505859375,0.7082343101501465
182,372736,630,0.5033112436532974,14.53,222,-0.013864332810044289,0.047627296298742294,1.004934310913086,0.004340565297752619,0.0452880859375,0.7202608585357666
183,374784,630,0.5609041422605514,15.67,207,-0.008645040914416313,0.045294590294361115,1.0442312955856323,0.0055305492132902145,0.050537109375,0.7134901881217957
184,376832,630,0.5117668646574021,16.17,231,-0.018221767619252205,0.05034647136926651,0.9693549871444702,0.007126468233764172,0.0589599609375,0.717730700969696
185,378880,630,0.580627219080925,14.33,234,-0.016634004190564156,0.04722312465310097,0.9837234020233154,0.007114493288099766,0.0406494140625,0.6564016938209534
186,380928,630,0.4905420124530792,15.98,234,-0.008992737159132957,0.05433056503534317,0.9416642189025879,0.002239815890789032,0.008056640625,0.6762090921401978
187,382976,630,0.5721289938688279,13.34,231,-0.010688194073736668,0.04867721349000931,0.902883768081665,0.0056305560283362865,0.03955078125,0.7057080268859863
188,385024,630,0.4335029602050781,14.72,223,-0.014371465891599655,0.044688448309898376,0.8544461727142334,0.0060004182159900665,0.0400390625,0.715056836605072
189,387072,630,0.4694982260465622,16.46,233,0.0027662944048643112,0.046390678733587265,0.9414135217666626,0.004355143755674362,0.027099609375,0.6534309983253479
190,389120,630,0.5535656803846359,23.64,219,-0.00967491790652275,0.044763121753931046,0.9980135560035706,0.003710880409926176,0.019775390625,0.642711341381073
191,391168,630,0.5516923105716706,14.09,247,-0.0074097272008657455,0.05487903207540512,0.8938597440719604,0.006198751740157604,0.0521240234375,0.6153442859649658
192,393216,630,0.5223952662944794,12.93,258,-0.012648563832044601,0.05427546426653862,0.9169775247573853,0.004187148064374924,0.0263671875,0.6100834608078003
193,395264,630,0.5684863924980164,16.18,233,-0.013827227987349033,0.048868995159864426,1.002278447151184,0.005555019713938236,0.0296630859375,0.6583691835403442
194,397312,630,0.5418627232313156,14.49,239,-0.011813990771770477,0.051252905279397964,0.9181552529335022,0.004218289628624916,0.0172119140625,0.6574041843414307
195,399360,631,0.47243787109851837,14.4,232,-0.001161196269094944,0.04851478710770607,0.882813036441803,0.0041868481785058975,0.0369873046875,0.7201290130615234
196,401408,631,0.5127573990821839,14.36,247,-0.010783137753605843,0.05473494902253151,0.867087185382843,0.0033272113651037216,0.016845703125,0.6768103241920471
197,403456,631,0.492160946726799,14.03,241,-0.009317334741353989,0.05209442600607872,0.8627281785011292,0.002468597376719117,0.028076171875,0.7091085314750671
198,405504,631,0.4630662739276886,14.08,242,-0.011577555909752846,0.05001823976635933,0.8832377791404724,0.004932984709739685,0.0423583984375,0.6542454361915588
199,407552,631,0.483311243057251,12.95,255,-0.01952633447945118,0.05681561678647995,0.8193520307540894,0.0030859867110848427,0.0341796875,0.6187617182731628
200,409600,632,0.4739396458864212,12.49,254,0.0032286960631608963,0.054378584027290344,0.8098600506782532,0.004752768203616142,0.019287109375,0.6168045997619629
201,411648,632,0.47334319710731504,14.15,242,-0.009157732129096985,0.05203233286738396,0.7247326374053955,0.004667000379413366,0.020751953125,0.6480478644371033
202,413696,632,0.5130875760316849,13.63,255,-0.021599028259515762,0.05274524167180061,0.7047715783119202,0.0048739369958639145,0.0299072265625,0.6581635475158691
203,415744,632,0.4642378681898117,11.25,261,-0.005856357514858246,0.05226324126124382,0.6783015131950378,0.004662876017391682,0.019775390625,0.691774845123291
204,417792,632,0.44365207076072694,13.05,248,-0.00938796903938055,0.053145717829465866,0.7150129079818726,0.002590958261862397,0.0145263671875,0.6667990684509277
205,419840,632,0.48328994154930116,12.42,257,-0.001628480851650238,0.05280271917581558,0.6978748440742493,0.002223505172878504,0.0150146484375,0.6395436525344849
206,421888,631,0.5427680498361588,12.62,246,-0.0007133614271879196,0.05423395335674286,0.6654586791992188,0.0026171139907091856,0.0211181640625,0.6756327152252197
207,423936,631,0.3451005929708481,13.36,244,-0.006392776034772396,0.0501447468996048,0.7255145907402039,0.0037822092417627573,0.023193359375,0.6637330651283264
208,425984,631,0.4144721883535385,14.45,250,-0.013179807923734188,0.05251862853765488,0.656650722026825,0.0030149691738188267,0.038818359375,0.6317825317382812
209,428032,631,0.5315218943357468,14.18,239,-0.01044485904276371,0.051754530519247055,0.615442156791687,0.007134992629289627,0.018798828125,0.6493790745735168
210,430080,631,0.5327041411399841,14.52,246,-0.006582196801900864,0.05547139048576355,0.6500649452209473,0.0037469062954187393,0.01171875,0.6090566515922546
211,432128,632,0.4633964502811432,12.81,240,-0.0027320953086018562,0.050617821514606476,0.6528911590576172,0.0021203903015702963,0.014892578125,0.6568378210067749
212,434176,632,0.5230769228935241,12.54,244,-0.007182498462498188,0.049586836248636246,0.6191473007202148,0.006648097187280655,0.0225830078125,0.683646559715271
213,436224,632,0.5230130195617676,13.97,231,0.0035347500815987587,0.0536838099360466,0.6076123714447021,0.0027494379319250584,0.020751953125,0.735098123550415
214,438272,632,0.5231834310293197,12.35,231,-0.00147160142660141,0.046678196638822556,0.5916901230812073,0.0023433705791831017,0.0218505859375,0.7026791572570801
215,440320,632,0.6101585817337036,14.4,231,-0.0054834578186273575,0.04954633489251137,0.6029889583587646,0.0012339625973254442,0.017822265625,0.7149232625961304
216,442368,632,0.4559727808833122,20.84,218,-0.011526267975568771,0.04207514226436615,0.6312383413314819,0.002969650086015463,0.0269775390625,0.7655302286148071
217,444416,633,0.48298106670379637,18.22,235,-0.008624850772321224,0.05008295550942421,0.7291092872619629,0.00315565662458539,0.017578125,0.7172542810440063
218,446464,633,0.524311241209507,21.68,236,-0.0035163280554115772,0.05419975146651268,0.7169519662857056,0.0019115370232611895,0.0211181640625,0.6917464137077332
219,448512,633,0.5329171603918076,12.14,259,-0.0171331986784935,0.058254264295101166,0.6826409101486206,0.008088856004178524,0.04541015625,0.7039817571640015
220,450560,632,0.5317136090993881,13.89,249,-0.00894617848098278,0.048050686717033386,0.603160560131073,0.0026825452223420143,0.0234375,0.7103369235992432
221,452608,633,0.5231195276975632,12.52,258,-0.008435897529125214,0.05450832098722458,0.6157878637313843,0.002199325943365693,0.02587890625,0.662528395652771
222,454656,633,0.4729278117418289,13.06,251,-0.008527087979018688,0.05206363648176193,0.6479959487915039,0.0026460157241672277,0.0335693359375,0.6590226888656616
223,456704,633,0.4833325469493866,11.78,256,0.011428453959524632,0.05496864765882492,0.6332733631134033,0.005873126443475485,0.0347900390625,0.6640671491622925
224,458752,633,0.46349230825901033,12.1,232,-0.0016524437814950943,0.04550279676914215,0.7085609436035156,0.0019700131379067898,0.03076171875,0.6663709878921509
225,460800,633,0.45372662782669065,12.39,240,0.0010845493525266647,0.05011679232120514,0.624417781829834,0.0009640119969844818,0.01318359375,0.6643414497375488
226,462848,633,0.5626828414201737,13.08,245,-0.00655750185251236,0.048486389219760895,0.6511173248291016,0.0037603878881782293,0.0218505859375,0.6730934381484985
227,464896,633,0.5659195283055305,23.57,251,-0.008696535602211952,0.05508296191692352,0.6125905513763428,0.004126847721636295,0.0283203125,0.6622741222381592
228,466944,633,0.44439763367176055,11.96,267,-0.01578856073319912,0.05533377826213837,0.6654940843582153,0.0025034265127032995,0.025146484375,0.5859975814819336
229,468992,633,0.4925230783224106,12.7,251,-0.006546607706695795,0.05217326059937477,0.6831783056259155,0.002894326578825712,0.0274658203125,0.6271740198135376
230,471040,633,0.6013514810800552,13.8,249,-0.00045854970812797546,0.0514107346534729,0.6824120283126831,0.0037355269305408,0.01904296875,0.5845269560813904
231,473088,633,0.49367337584495546,12.33,268,-0.006498720496892929,0.05775709077715874,0.6704131364822388,0.00563573744148016,0.0369873046875,0.6233009099960327
232,475136,633,0.4641633147001267,12.03,257,-0.005152760073542595,0.058843158185482025,0.7338619828224182,0.0030235506128519773,0.0194091796875,0.5602532625198364
233,477184,633,0.49342840373516084,12.2,273,-0.0037187617272138596,0.058992814272642136,0.7096614241600037,0.00305687403306365,0.0281982421875,0.5770136713981628
234,479232,633,0.4538757419586182,12.37,259,-0.008184663951396942,0.05723632127046585,0.7536951303482056,0.003933791071176529,0.0274658203125,0.5664165019989014
235,481280,632,0.4638544398546219,11.94,263,-0.004304978996515274,0.05678355693817139,0.7872376441955566,0.0014885824639350176,0.01708984375,0.5606745481491089
236,483328,632,0.5625124275684357,12.75,259,-0.012180114164948463,0.0547490157186985,0.8683693408966064,0.0022961965296417475,0.0211181640625,0.5747401714324951
237,485376,632,0.5909786981344223,13.49,252,-0.010572719387710094,0.05644422769546509,0.9083900451660156,0.00342944310978055,0.019775390625,0.5510247945785522
238,487424,632,0.4834390538930893,13.13,253,0.006482670083642006,0.05876008793711662,0.8043469786643982,0.0033809442538768053,0.0224609375,0.5955227613449097
239,489472,632,0.49300236999988556,14.5,244,-0.00844208151102066,0.05383756756782532,0.8392905592918396,0.003147432114928961,0.0281982421875,0.6324080228805542
240,491520,632,0.542746747136116,13.18,258,-0.007479395717382431,0.057428836822509766,0.7802754640579224,0.00486236996948719,0.03076171875,0.6411452889442444
241,493568,632,0.5219053280353546,14.53,234,0.005644137039780617,0.05174628272652626,0.7772111892700195,0.0019264142028987408,0.00732421875,0.6652741432189941
242,495616,632,0.5224272215366363,13.7,247,-0.0018184632062911987,0.05449677258729935,0.7594178915023804,0.004343447275459766,0.03173828125,0.6320220232009888
243,497664,631,0.5229491138458252,12.48,262,-0.0015995427966117859,0.05449870601296425,0.7825096845626831,0.004114922136068344,0.0260009765625,0.6168103218078613
244,499712,632,0.5518840253353119,14.06,233,-0.004485921934247017,0.05339676886796951,0.7364078164100647,0.002449182327836752,0.028564453125,0.6822938919067383
245,501760,631,0.4243656814098358,12.84,249,-0.007858163677155972,0.05668340250849724,0.7911671996116638,0.002596694277599454,0.023193359375,0.6030688285827637
246,503808,631,0.5318946778774262,13.24,238,-0.003063315525650978,0.05320720002055168,0.8244736790657043,0.0022506744135171175,0.029541015625,0.6648186445236206
247,505856,631,0.4631621319055557,13.86,217,-0.007922463119029999,0.04306762292981148,0.8101308941841125,0.004557084757834673,0.031005859375,0.7066313028335571
248,507904,631,0.5159621310234069,19.33,228,-0.004880956374108791,0.0447128601372242,0.8339203596115112,0.004118803422898054,0.0291748046875,0.6997312307357788
249,509952,632,0.5379325443506241,17.59,233,-0.014782149344682693,0.052559543401002884,0.8238832950592041,0.0023740630131214857,0.024658203125,0.6704327464103699
250,512000,632,0.34489822447299956,13.85,234,-0.009591358713805676,0.044428132474422455,0.8197611570358276,0.002517628949135542,0.0185546875,0.7503819465637207
251,514048,631,0.5614686411619186,14.05,234,-0.02980177104473114,0.052727051079273224,0.796605110168457,0.008206706494092941,0.033203125,0.7143466472625732
252,516096,630,0.4435349124670029,13.63,222,-0.0116153908893466,0.0483173243701458,0.835120677947998,0.004131323657929897,0.0167236328125,0.7469598054885864
253,518144,630,0.5026615393161774,13.8,229,-0.000989506021142006,0.046890147030353546,0.8061760663986206,0.0058794342912733555,0.0322265625,0.7347249984741211
254,520192,630,0.5025869834423066,13.26,241,-0.007192157208919525,0.053244154900312424,0.7714914083480835,0.004545151721686125,0.0372314453125,0.7300883531570435
255,522240,630,0.48311953008174896,13.04,235,-0.014977600425481796,0.04977903142571449,0.7136045694351196,0.0029833740554749966,0.04052734375,0.7832470536231995
256,524288,630,0.4980071014165878,18.28,216,-0.005666187033057213,0.04163437336683273,0.6981006264686584,0.0020385130774229765,0.0274658203125,0.7833569049835205
257,526336,630,0.522469824552536,20.98,248,-0.00841277651488781,0.05441940575838089,0.6732377409934998,0.002210734412074089,0.028076171875,0.708952784538269
258,528384,630,0.492459174990654,14.68,244,-0.012584993615746498,0.057522740215063095,0.6222559213638306,0.00443094689399004,0.026611328125,0.704296350479126
259,530432,630,0.482917160987854,13.79,248,-0.007312299683690071,0.053662847727537155,0.7050213813781738,0.0023605842143297195,0.0257568359375,0.7041475176811218
260,532480,630,0.473396452665329,13.81,247,-0.002714267000555992,0.055677756667137146,0.7531142234802246,0.0021821719128638506,0.0269775390625,0.6683070063591003
261,534528,630,0.4738544404506683,13.24,255,-0.007140155881643295,0.05688125640153885,0.6688569188117981,0.0027814300265163183,0.03125,0.6967923641204834
262,536576,630,0.6207763332128525,13.95,250,-4.3138861656188965e-06,0.054602496325969696,0.7218268513679504,0.004293201025575399,0.0340576171875,0.7075208425521851
263,538624,630,0.4530343210697174,14.54,249,-0.007423062343150377,0.05362589657306671,0.6832271814346313,0.0038399274926632643,0.0316162109375,0.735281229019165
264,540672,630,0.4832153874635696,12.81,257,-0.003990421071648598,0.054450277239084244,0.7324427962303162,0.0024307204876095057,0.0313720703125,0.7599743008613586
265,542720,630,0.4538757419586182,13.46,238,-0.008726393803954124,0.04478060454130173,0.7507938742637634,0.002184965182095766,0.0284423828125,0.8091219663619995
266,544768,630,0.46966863989830016,16.82,223,-0.003716537728905678,0.046940628439188004,0.753787100315094,0.0077461800538003445,0.042236328125,0.8093733787536621
267,546816,630,0.3738544374704361,13.43,224,-0.011982853524386883,0.040160421282052994,0.8147174119949341,0.004146224353462458,0.0301513671875,0.8356063961982727
268,548864,630,0.5413940834999085,16.24,231,-0.003988930024206638,0.04938504844903946,0.819151759147644,0.0027952634263783693,0.019775390625,0.8141063451766968
269,550912,630,0.4440461564064026,12.59,246,-0.008411694318056107,0.05456459894776344,0.7865325808525085,0.00530962273478508,0.0328369140625,0.7249497175216675
270,552960,630,0.4335029602050781,12.99,248,-0.009054252877831459,0.05293557047843933,0.7058788537979126,0.0030966855119913816,0.02392578125,0.7442648410797119
271,555008,630,0.4928106534481049,12.87,243,-0.017687352374196053,0.053382065147161484,0.7008129358291626,0.0061332774348556995,0.029052734375,0.7645533084869385
272,557056,630,0.4835349130630493,12.26,251,-0.0034107426181435585,0.05279651656746864,0.7523342370986938,0.004405774176120758,0.0391845703125,0.7687497138977051
273,559104,630,0.6306165671348571,21.58,240,-0.008380204439163208,0.04982465133070946,0.8034572005271912,0.00314154545776546,0.022705078125,0.8358321785926819
274,561152,631,0.5496047347784042,15.4,254,-0.009714226238429546,0.05187598988413811,0.7762734293937683,0.004659453872591257,0.0240478515625,0.7817176580429077
275,563200,631,0.5125763303041458,12.99,253,-0.005884241312742233,0.04835329204797745,0.7843866944313049,0.006067356094717979,0.0247802734375,0.7810052037239075
276,565248,631,0.47292781233787534,13.63,252,-0.016430344432592392,0.05697036534547806,0.7489563226699829,0.0042930953204631805,0.0318603515625,0.7915847301483154
277,567296,631,0.4829065102338791,13.22,255,-0.01635580137372017,0.0568368174135685,0.7704252004623413,0.005207675043493509,0.03564453125,0.8004355430603027
278,569344,631,0.43412071228027344,13.64,246,-0.00922296941280365,0.05205806717276573,0.7364426851272583,0.005556103773415089,0.0394287109375,0.7942131161689758
279,571392,630,0.49376923143863677,12.53,248,-0.017122166231274605,0.05019408091902733,0.8050891160964966,0.0063604917377233505,0.05908203125,0.7862428426742554
280,573440,630,0.4438757395744324,15.36,249,-0.003221630584448576,0.05089442431926727,0.7874659299850464,0.0059325420297682285,0.04296875,0.7850605249404907
281,575488,630,0.4638437867164612,12.64,248,0.004006608389317989,0.053041521459817886,0.8422433733940125,0.003627029713243246,0.0299072265625,0.76282799243927
282,577536,630,0.4833431959152222,12.3,254,-0.008101273328065872,0.054104920476675034,0.7627285718917847,0.0027616771403700113,0.0313720703125,0.7980164289474487
283,579584,630,0.46302366971969605,13.0,252,-0.007484748959541321,0.05342095345258713,0.8687387704849243,0.004095999989658594,0.0362548828125,0.787325382232666
284,581632,630,0.45434437930583954,11.91,274,-0.01102873682975769,0.056341931223869324,0.7772018909454346,0.007174556143581867,0.0313720703125,0.7442613840103149
285,583680,630,0.5320331376791,14.3,247,-0.0017194263637065887,0.055163249373435974,0.8321217894554138,0.003605671226978302,0.02392578125,0.8056416511535645
286,585728,631,0.44346035599708555,11.92,272,-0.005784248933196068,0.059532154351472855,0.8576449751853943,0.0019634277559816837,0.033447265625,0.8034692406654358
287,587776,631,0.4940994083881378,12.22,254,-0.015596587210893631,0.054960768669843674,0.8566657304763794,0.0035334492567926645,0.027587890625,0.8734090328216553
288,589824,631,0.532906511425972,13.08,265,-0.008331199176609516,0.06004195287823677,0.7916455268859863,0.0030068811029195786,0.0411376953125,0.8361838459968567
289,591872,630,0.4638970428705215,13.17,248,-0.012594781816005707,0.05139399319887161,0.822960376739502,0.002521906513720751,0.0269775390625,0.8451055288314819
290,593920,630,0.49369467616081236,12.75,257,-0.01241883635520935,0.060325294733047485,0.8208364844322205,0.003082490060478449,0.0323486328125,0.9565186500549316
291,595968,630,0.43385444045066834,13.8,253,-0.008794628083705902,0.0574023574590683,0.805446982383728,0.006547247990965843,0.029296875,0.8983278870582581
292,598016,630,0.4145041435956955,12.93,258,-0.012915100902318954,0.05385688319802284,0.7046389579772949,0.004729763604700565,0.0262451171875,0.9408338069915771
293,600064,630,0.49284260272979735,13.04,261,-0.006109240464866161,0.05803985148668289,0.703829288482666,0.006245851516723633,0.040771484375,0.8952000737190247
294,602112,631,0.43426982283592225,12.19,269,-0.003471149830147624,0.057916369289159775,0.6826236844062805,0.0014739816542714834,0.0230712890625,0.9831659197807312
295,604160,631,0.5135668641328812,13.12,261,-0.0006179660558700562,0.05720203369855881,0.7468792796134949,0.0060654496774077415,0.0255126953125,0.9471716284751892
296,606208,631,0.5036520737409592,11.49,277,-0.00879719853401184,0.06285291910171509,0.7511339783668518,0.004890214651823044,0.0284423828125,0.9227644205093384
297,608256,631,0.4633751493692398,12.76,257,-0.014892566949129105,0.05928964912891388,0.7695014476776123,0.004309555981308222,0.03369140625,0.9746155738830566
298,610304,631,0.44330059230327606,12.62,252,-0.012530126608908176,0.053821589797735214,0.7901754975318909,0.00718136690557003,0.046875,0.9466414451599121
299,612352,631,0.5135455644130706,12.57,257,-0.009517885744571686,0.05696142464876175,0.7687118053436279,0.003799938131123781,0.033203125,0.9681731462478638
300,614400,631,0.5623100608587265,12.33,258,-0.007763080298900604,0.05500565841794014,0.806794285774231,0.002606129040941596,0.0352783203125,0.9339816570281982
301,616448,631,0.5043124264478683,11.93,250,-0.005942622199654579,0.04980142042040825,0.804989218711853,0.003860036376863718,0.030517578125,1.0559402704238892
302,618496,631,0.4436307692527771,13.01,244,-0.014673085883259773,0.0551324337720871,0.8298643231391907,0.005216424353420734,0.0341796875,0.9870355129241943
303,620544,631,0.4833005940914154,13.01,248,-0.013133594766259193,0.04978546127676964,0.7881734371185303,0.006465716287493706,0.04150390625,0.9879536032676697
304,622592,631,0.4743976336717606,11.34,251,-0.004200192168354988,0.05230031535029411,0.8282919526100159,0.003379322122782469,0.024169921875,1.0372182130813599
305,624640,631,0.5821822518110276,12.36,249,0.0007190685719251633,0.05428072065114975,0.7961740493774414,0.0036599349696189165,0.0223388671875,1.0179026126861572
306,626688,631,0.5131301808357239,20.15,253,-0.00772961787879467,0.059654176235198975,0.8603659272193909,0.0039697084575891495,0.0313720703125,0.938709020614624
307,628736,631,0.5126615399122239,12.94,266,-0.015813983976840973,0.05378043279051781,0.830450713634491,0.003828777000308037,0.0311279296875,0.9154700040817261
308,630784,631,0.5532153868675231,13.05,237,-0.004795564338564873,0.04604225605726242,0.8394328355789185,0.0032997862435877323,0.0113525390625,1.1180915832519531
309,632832,631,0.512299411892891,12.6,267,-0.014625000767409801,0.05865629017353058,0.742402970790863,0.004157766699790955,0.022216796875,0.9223015308380127
310,634880,631,0.48319408535957337,11.8,266,-0.012867622077465057,0.05900057777762413,0.7979666590690613,0.005210780538618565,0.02490234375,0.9222621917724609
311,636928,631,0.5430236697196961,11.3,272,-0.010803374461829662,0.058513812720775604,0.8130943775177002,0.003175733145326376,0.02587890625,0.8802251815795898
312,638976,631,0.46398225128650666,12.42,264,-0.011259296908974648,0.05749278888106346,0.844965398311615,0.0033510022331029177,0.041015625,0.8746052384376526
313,641024,631,0.5529597645998001,11.4,269,-0.0065300352871418,0.05850433558225632,0.7955772280693054,0.0021456871181726456,0.025634765625,0.846077024936676
314,643072,631,0.47472781121730806,11.76,264,-0.015298936516046524,0.06075320020318031,0.8020831346511841,0.003114069113507867,0.042236328125,0.8692143559455872
315,645120,631,0.5334603571891785,11.88,262,-0.011856170371174812,0.05883672833442688,0.7982279062271118,0.0056018768809735775,0.0340576171875,0.870063841342926
316,647168,631,0.46036094903945923,16.67,237,-0.019467176869511604,0.05510542541742325,0.778915286064148,0.005488506518304348,0.0281982421875,0.956985592842102
317,649216,631,0.5434284055233002,11.74,271,-0.010697051882743835,0.05527745559811592,0.6541885733604431,0.002379078883677721,0.0208740234375,0.8911504745483398
318,651264,631,0.4443656820058823,11.9,267,-0.012016193941235542,0.05778779089450836,0.6947965025901794,0.004159033764153719,0.0235595703125,0.899477481842041
319,653312,631,0.4934177541732788,11.89,271,-0.011333253234624863,0.05868250131607056,0.6781637072563171,0.003675323911011219,0.0245361328125,0.8783533573150635
320,655360,631,0.5135881686210633,12.06,280,-0.00665692612528801,0.061770424246788025,0.6966990232467651,0.003767408197745681,0.0159912109375,0.8849822282791138
321,657408,631,0.4840461552143097,10.27,283,-0.0026225484907627106,0.05449625104665756,0.6982640027999878,0.006134349387139082,0.0245361328125,0.8917053937911987
322,659456,631,0.44577159762382507,9.97,282,-0.0028247013688087463,0.05824040621519089,0.6547563672065735,0.0025490119587630033,0.0235595703125,0.8385037183761597
323,661504,631,0.5635881668329239,10.77,291,-0.0032960623502731323,0.06357289850711823,0.6459360122680664,0.0031972562428563833,0.0162353515625,0.8829975724220276
324,663552,631,0.35512189447879794,12.3,274,-0.004223836585879326,0.0623641163110733,0.7531068921089172,0.0028344960883259773,0.013427734375,0.9491778612136841
325,665600,632,0.5632047361135483,11.78,273,-0.009746663272380829,0.057091645896434784,0.7073792815208435,0.002526260679587722,0.0169677734375,0.8729246854782104
326,667648,632,0.5328852099180221,11.53,273,-0.007978777401149273,0.057416390627622604,0.7075349688529968,0.0032158636022359133,0.0252685546875,0.9104229211807251
327,669696,632,0.4739822483062744,12.29,258,-0.0053235869854688644,0.05080556496977806,0.7851683497428894,0.003864172613248229,0.0323486328125,0.9807177782058716
328,671744,632,0.5041100603342056,11.67,275,-0.00969016645103693,0.054612766951322556,0.7292658686637878,0.0040882658213377,0.0208740234375,0.9263868927955627
329,673792,632,0.5711384648084641,13.14,268,-0.003461298532783985,0.05764656513929367,0.7585707306861877,0.001910586841404438,0.0230712890625,0.9879241585731506
330,675840,632,0.43455739855766295,11.87,283,-0.007176870480179787,0.0587175153195858,0.7204678058624268,0.002809730591252446,0.029296875,0.8628577589988708
331,677888,632,0.4446213048696518,12.08,273,-0.00494028627872467,0.061424098908901215,0.7601604461669922,0.003159240121021867,0.0263671875,0.9072285890579224
332,679936,632,0.5227680486440659,13.44,266,-0.006643917411565781,0.05947372689843178,0.7029051780700684,0.002060205675661564,0.01904296875,0.9298429489135742
333,681984,632,0.5123739647865295,12.35,275,-0.006044209934771061,0.059685807675123215,0.6798295378684998,0.0035255798138678074,0.0244140625,0.9281011819839478
334,684032,632,0.46449349164962767,11.07,272,-0.005157859995961189,0.057863749563694,0.7275331616401672,0.0044740005396306515,0.0325927734375,0.9707590937614441
335,686080,632,0.48186272501945493,14.19,241,-0.00772749911993742,0.047161802649497986,0.8172372579574585,0.0034691384062170982,0.0250244140625,1.011279582977295
336,688128,632,0.49439763605594633,10.89,285,-0.004277647938579321,0.06010577827692032,0.6456118822097778,0.0030547482892870903,0.0223388671875,0.8913881778717041
337,690176,632,0.562469824552536,11.88,277,-0.011437319219112396,0.05860038846731186,0.6738596558570862,0.003591787302866578,0.0234375,0.8930777311325073
338,692224,632,0.6132473397254944,10.95,276,-0.01085883378982544,0.06081081181764603,0.6678347587585449,0.003058772534132004,0.018310546875,0.8854655027389526
339,694272,632,0.49453609526157377,11.85,285,-0.011339125223457813,0.060905084013938904,0.6559978723526001,0.0035513348411768675,0.031005859375,0.9047975540161133
340,696320,632,0.42532426297664644,10.44,287,-0.009311109781265259,0.06441554427146912,0.6433039903640747,0.0013310068752616644,0.01708984375,0.8612397909164429
341,698368,632,0.4740674579143524,11.02,296,-0.013331081718206406,0.06488458812236786,0.7014285326004028,0.0032831840217113495,0.016357421875,0.8089877963066101
342,700416,632,0.36630414307117465,10.87,286,-0.010173462331295013,0.06045006215572357,0.6661568284034729,0.003990194760262966,0.0294189453125,0.8439319133758545
343,702464,632,0.49440828680992127,11.15,291,-0.017349518835544586,0.06098161265254021,0.709449291229248,0.005805809050798416,0.02587890625,0.8392412662506104
344,704512,632,0.5725443816184997,12.01,278,-0.007490523159503937,0.060821887105703354,0.6523327827453613,0.003242505481466651,0.0169677734375,0.8534156084060669
345,706560,632,0.5338331371545791,10.65,264,-0.0038246382027864456,0.056673578917980194,0.7283225655555725,0.005717284046113491,0.0360107421875,0.9032232761383057
346,708608,632,0.5432792925834655,13.0,276,-0.007316851057112217,0.057498618960380554,0.7704664468765259,0.003968534991145134,0.0216064453125,0.8378555774688721
347,710656,632,0.563194084763527,10.57,285,-0.007460145279765129,0.06371742486953735,0.6722851991653442,0.0022607394494116306,0.01123046875,0.8884390592575073
348,712704,632,0.4749834352731705,10.66,284,-0.015508163720369339,0.061537496745586395,0.6594464778900146,0.007320051081478596,0.02734375,0.8745461702346802
349,714752,632,0.5826189386844635,11.5,287,-0.0040443213656544685,0.06666192412376404,0.695000410079956,0.0020049046725034714,0.0162353515625,0.8768717646598816
350,716800,632,0.48417396783828737,11.48,298,-0.0023953793570399284,0.06170383840799332,0.6477187275886536,0.0035403163637965918,0.0264892578125,0.845229983329773
351,718848,632,0.46471716225147247,10.55,298,-0.010005885735154152,0.06715621799230576,0.615653932094574,0.004377898294478655,0.026611328125,0.8416669964790344
352,720896,632,0.49466390907764435,10.66,295,-0.005419377237558365,0.06655114889144897,0.5837981700897217,0.0029469330329447985,0.02392578125,0.8583739995956421
353,722944,632,0.4844189369678497,10.25,283,-0.0021581072360277176,0.06314020603895187,0.6233937740325928,0.0026118559762835503,0.0205078125,0.8779653906822205
354,724992,632,0.46547337412834167,10.03,303,-0.0064515890553593636,0.06940742582082748,0.5991103649139404,0.0016731771174818277,0.0167236328125,0.8072949647903442
355,727040,632,0.39601657032966614,10.08,317,-0.0064502134919166565,0.07099232077598572,0.5688630938529968,0.001846828730776906,0.0235595703125,0.7944034337997437
356,729088,632,0.4756224876642227,9.57,302,-0.010595072992146015,0.06880432367324829,0.5550466179847717,0.002633988857269287,0.018798828125,0.8478555083274841
357,731136,632,0.42528165876865387,9.96,308,-0.004093123599886894,0.06512820720672607,0.6272434592247009,0.0018070826772600412,0.0272216796875,0.8569383025169373
358,733184,632,0.4746852099895477,10.55,300,-0.003001304343342781,0.06506561487913132,0.5850173234939575,0.002735939109697938,0.0133056640625,0.8990973234176636
359,735232,632,0.534823671579361,9.21,313,-0.00869540311396122,0.06956390291452408,0.5412783622741699,0.0021203523501753807,0.0206298828125,0.8641490936279297
360,737280,632,0.46479171872138975,9.76,306,-0.006872609257698059,0.06920229643583298,0.4893132746219635,0.0024655957240611315,0.0185546875,0.8802282810211182
361,739328,632,0.5044402396678924,10.07,322,0.0004930850118398666,0.07465776801109314,0.4947352111339569,0.0016839646268635988,0.0120849609375,0.8970912098884583
362,741376,633,0.4848769241571426,10.44,303,-0.008248534053564072,0.06858069449663162,0.5563345551490784,0.005829785950481892,0.0255126953125,0.9194679260253906
363,743424,633,0.4848662745952606,10.13,300,-0.011198573745787144,0.0658588707447052,0.6674512624740601,0.003710102289915085,0.017578125,0.9533546566963196
364,745472,632,0.515217752456665,9.62,304,-0.0051034558564424515,0.06921590864658356,0.6685436367988586,0.0035925046540796757,0.0242919921875,0.9447087049484253
365,747520,633,0.53372662961483,10.53,288,-0.0030528008937835693,0.06041266769170761,0.6425974369049072,0.0012373968493193388,0.018310546875,0.9313244819641113
366,749568,633,0.5046958613395691,11.22,301,-0.010082414373755455,0.06412564218044281,0.7220599055290222,0.0036848001182079315,0.0238037109375,0.9266229867935181
367,751616,633,0.6124591737985611,10.76,297,-0.011923744343221188,0.06256497651338577,0.591557502746582,0.004662645980715752,0.0162353515625,0.9310385584831238
368,753664,633,0.5139183443784714,10.3,307,-0.008494446985423565,0.06588996946811676,0.5827730298042297,0.004393820185214281,0.0318603515625,0.898708701133728
369,755712,633,0.5737692326307297,10.96,299,-0.00598850566893816,0.06749925762414932,0.5852574110031128,0.0040049864910542965,0.0159912109375,0.9514181613922119
370,757760,633,0.505217752456665,9.51,313,-0.00791711825877428,0.06420520693063736,0.5839077234268188,0.0037423684261739254,0.01953125,0.866447925567627
371,759808,633,0.524546747803688,9.98,302,-0.00687512569129467,0.06762721389532089,0.5467666983604431,0.001013969536870718,0.013916015625,0.8799956440925598
372,761856,633,0.4350366878509522,11.56,299,-0.003822363680228591,0.060879360884428024,0.5761483907699585,0.0021955007687211037,0.0223388671875,0.9280297756195068
373,763904,633,0.5035242629051209,10.88,307,-0.004745941609144211,0.06488024443387985,0.6039116382598877,0.0029842215590178967,0.0177001953125,0.8775757551193237
374,765952,633,0.46601656794548035,9.38,312,-0.013277481310069561,0.06600188463926315,0.517499566078186,0.0013896189630031586,0.0194091796875,0.8728233575820923
375,768000,633,0.5342485231161117,10.1,305,-0.014636974781751633,0.06960222125053406,0.5665785074234009,0.002010691212490201,0.02001953125,0.9181427359580994
376,770048,633,0.5445360964536667,9.68,307,-0.004092738032341003,0.06606312096118927,0.558906078338623,0.0035233497619628906,0.025146484375,0.901040256023407
377,772096,633,0.5045787000656128,9.26,316,0.003555459901690483,0.06683238595724106,0.5954535007476807,0.002189186867326498,0.027099609375,0.9075028300285339
378,774144,634,0.5142591744661331,11.27,292,-0.008633680641651154,0.06430743634700775,0.6502041220664978,0.0022007569205015898,0.0240478515625,0.9697568416595459
379,776192,634,0.49557988286018373,8.95,312,-0.004941800609230995,0.07168678939342499,0.6413305997848511,0.003936611115932465,0.022216796875,0.862586259841919
380,778240,634,0.5136307710409165,10.88,298,-0.0026631243526935577,0.06554661691188812,0.6641048192977905,0.0032025622203946114,0.023681640625,0.9181529879570007
381,780288,634,0.49412071228027343,10.67,298,-0.006662760395556688,0.06344424188137054,0.6779893040657043,0.004463324323296547,0.0306396484375,0.9328362941741943
382,782336,634,0.5626721900701522,11.39,289,-0.007593205198645592,0.06280070543289185,0.7124176025390625,0.0045225778594613075,0.0174560546875,0.9601419568061829
383,784384,634,0.5046532553434372,11.65,278,-0.009752525016665459,0.06249850243330002,0.709118664264679,0.00440375879406929,0.02734375,0.9655880928039551
384,786432,634,0.4745147955417633,11.28,277,-0.0069069163873791695,0.06042885780334473,0.6290555000305176,0.003128868294879794,0.018310546875,0.9658949971199036
385,788480,634,0.4741633141040802,10.46,302,-0.013934420421719551,0.06799274682998657,0.6357889175415039,0.004296249710023403,0.0142822265625,0.9542657136917114
386,790528,634,0.4935136115550995,11.4,283,-0.010306604206562042,0.06050613522529602,0.6759580969810486,0.0029054342303425074,0.025146484375,0.9951667785644531
387,792576,634,0.473194083571434,12.16,278,-0.006554802879691124,0.06172385439276695,0.6015427708625793,0.0018380202818661928,0.02099609375,0.9896166324615479
388,794624,634,0.4648449695110321,10.27,300,0.005042029544711113,0.0706576406955719,0.6373068690299988,0.002988200169056654,0.0164794921875,0.9653503894805908
389,796672,634,0.48445088863372804,10.51,300,-0.006851779296994209,0.06614155322313309,0.6833736300468445,0.004548005759716034,0.0399169921875,0.9810446500778198
390,798720,634,0.4353775155544281,10.08,296,-0.008870434015989304,0.06362847238779068,0.6506360769271851,0.00217969692312181,0.0255126953125,0.9633394479751587
391,800768,635,0.42467455625534056,11.46,287,-0.003970922902226448,0.0635114386677742,0.7046527862548828,0.0017289873212575912,0.0172119140625,0.9685446619987488
392,802816,635,0.4652071005105972,9.68,297,-0.015599284321069717,0.06357590854167938,0.62103670835495,0.005005960818380117,0.0194091796875,0.963057279586792
393,804864,634,0.5521183466911316,11.63,272,-0.005505575332790613,0.05735979974269867,0.6910009980201721,0.005400198977440596,0.0291748046875,1.0350584983825684
394,806912,634,0.4948130190372467,9.89,307,-0.007223252207040787,0.07216784358024597,0.7114015817642212,0.0026232870295643806,0.0299072265625,0.9551230072975159
395,808960,634,0.5042485207319259,10.23,302,-0.021158963441848755,0.06333194673061371,0.7547662258148193,0.004587126895785332,0.0233154296875,1.010000228881836
396,811008,634,0.41436567962169646,11.08,283,-0.010116972029209137,0.06260918825864792,0.8207966089248657,0.0048239934258162975,0.028564453125,1.0069215297698975
397,813056,634,0.4838970422744751,11.68,277,-0.00478278286755085,0.06110352650284767,0.7807478308677673,0.004677074495702982,0.0242919921875,1.0402112007141113
398,815104,634,0.5040781074762344,10.33,286,-0.008457008749246597,0.06503884494304657,0.7996739149093628,0.003999366424977779,0.01708984375,1.0175995826721191
399,817152,634,0.5721715992689133,11.75,262,-0.009248308837413788,0.05944567546248436,0.7977417707443237,0.005121003836393356,0.0240478515625,1.1038289070129395
400,819200,634,0.49401419997215273,11.67,265,-0.011141849681735039,0.05976439267396927,0.7953968644142151,0.0030640948098152876,0.0186767578125,1.0359569787979126
401,821248,635,0.5034177523851394,11.58,273,-0.010959278792142868,0.058979712426662445,0.87188321352005,0.005221407860517502,0.03173828125,1.0329766273498535
402,823296,634,0.4042804718017578,11.89,272,-0.011270358227193356,0.05912278965115547,0.8921421766281128,0.003367047756910324,0.0360107421875,1.0807353258132935
403,825344,634,0.4342911231517792,11.26,270,-0.007874875329434872,0.058402158319950104,0.8257519602775574,0.0034257301595062017,0.010498046875,1.083695888519287
404,827392,634,0.5922035491466522,12.11,275,-0.015165317803621292,0.05941907316446304,0.9372266530990601,0.006393130868673325,0.035888671875,1.036705732345581
405,829440,634,0.4642272210121155,13.05,269,-0.011095203459262848,0.056356463581323624,0.892000138759613,0.0057640899904072285,0.0406494140625,1.0915923118591309
406,831488,634,0.42455739617347715,11.96,267,-0.012069584801793098,0.05789056420326233,0.8589720129966736,0.005131268873810768,0.0274658203125,1.0316143035888672
407,833536,634,0.48510059237480163,11.55,253,-0.017608271911740303,0.05413782224059105,0.9240721464157104,0.0035894569009542465,0.0338134765625,1.084828495979309
408,835584,634,0.473769229054451,11.04,277,-0.0063026826828718185,0.057363398373126984,0.9189891815185547,0.005975175648927689,0.0257568359375,0.9969997406005859
409,837632,634,0.49157514989376067,13.22,254,-0.011736229062080383,0.05332743376493454,0.900556743144989,0.002590508433058858,0.0238037109375,1.0487240552902222
410,839680,634,0.5812023675441742,13.91,233,-0.004896725527942181,0.046244699507951736,0.8421733975410461,0.005374649539589882,0.0355224609375,1.0668177604675293
411,841728,634,0.47425917148590085,11.75,264,-0.006926693022251129,0.05606330186128616,0.8343949913978577,0.011933904141187668,0.0372314453125,1.002016544342041
412,843776,634,0.48401420176029203,11.82,266,-0.003921197727322578,0.05408894270658493,0.7882991433143616,0.004256168380379677,0.0299072265625,0.9811171889305115
413,845824,634,0.5124378699064255,14.15,264,-0.0055989790707826614,0.061433251947164536,0.7739928960800171,0.002420478966087103,0.0289306640625,0.9586204886436462
414,847872,634,0.5732366871833802,12.11,274,-0.013865409418940544,0.06351078301668167,0.7488678097724915,0.002950590569525957,0.0238037109375,0.9507433772087097
415,849920,634,0.4248023664951324,10.36,279,-0.010551595129072666,0.06054138019680977,0.7548072934150696,0.0033090102951973677,0.0201416015625,0.8865780234336853
416,851968,634,0.4250792920589447,10.52,289,-0.004498384892940521,0.061493948101997375,0.7330434918403625,0.0023518293164670467,0.0281982421875,0.8993626236915588
417,854016,634,0.5628745555877686,11.56,288,-0.01181478425860405,0.06393983960151672,0.7736943960189819,0.004985267296433449,0.0247802734375,0.8622164130210876
418,856064,634,0.44462130308151243,10.82,286,-0.01403551921248436,0.06130605936050415,0.7543355226516724,0.0037852516397833824,0.0281982421875,0.9294306039810181
419,858112,634,0.4440674567222595,11.55,278,-0.004541952162981033,0.06326520442962646,0.7113598585128784,0.004141835030168295,0.03125,0.9470924139022827
420,860160,634,0.5237798815965653,11.01,290,-0.006928302347660065,0.06689102947711945,0.7515004277229309,0.0037820041179656982,0.02685546875,0.9536872506141663
421,862208,633,0.514046151638031,11.35,284,-0.0077266450971364975,0.06606753170490265,0.7636191248893738,0.0046856822445988655,0.037841796875,0.9595946073532104
422,864256,633,0.49460000038146973,10.46,290,-0.013566341251134872,0.06799990683794022,0.7965201735496521,0.004212419036775827,0.01220703125,0.9490357041358948
423,866304,633,0.43449348986148834,12.04,273,-0.015144980512559414,0.06011858955025673,0.76607745885849,0.005316081456840038,0.030029296875,0.9941814541816711
424,868352,633,0.43323668897151946,11.67,271,0.0016615437343716621,0.059821829199790955,0.7619037628173828,0.0035878820344805717,0.023681640625,1.0231373310089111
425,870400,633,0.444408283829689,11.56,258,-0.007594751194119453,0.054832298308610916,0.7180765271186829,0.0021272501908242702,0.0216064453125,0.9916350841522217
426,872448,633,0.5038331359624862,10.53,263,-0.016410719603300095,0.05435830354690552,0.7058703303337097,0.007051435299217701,0.039306640625,1.0131967067718506
427,874496,633,0.55381183385849,10.57,289,-0.003894079476594925,0.06587148457765579,0.6745637059211731,0.00280347210355103,0.0169677734375,0.9543040990829468
428,876544,634,0.4451751488447189,10.5,289,-0.008146582171320915,0.06077217683196068,0.6783961057662964,0.0022310568019747734,0.017333984375,0.9642144441604614
429,878592,634,0.5042272198200226,11.26,288,-0.004849965684115887,0.060708075761795044,0.6584396362304688,0.0022529636044055223,0.0277099609375,0.9968098998069763
430,880640,634,0.49398224949836733,10.66,278,-0.010503726080060005,0.057178251445293427,0.7004188895225525,0.004270861856639385,0.0277099609375,1.0648787021636963
431,882688,634,0.5539715957641601,11.44,283,-0.01080633420497179,0.05870934948325157,0.6903278231620789,0.004032555967569351,0.042236328125,1.0486903190612793
432,884736,634,0.3962189328670502,10.22,278,-0.013355433940887451,0.063609279692173,0.7432276010513306,0.0031609502620995045,0.0208740234375,1.0849260091781616
433,886784,634,0.44390769183635714,12.13,274,-0.005704548209905624,0.05613524466753006,0.7058911323547363,0.0052999453619122505,0.0264892578125,1.1145329475402832
434,888832,634,0.5149727809429169,9.91,292,-0.006730752065777779,0.0631050392985344,0.6890420317649841,0.0021028495393693447,0.0306396484375,1.0499886274337769
435,890880,634,0.5640355032682419,12.19,277,-0.009800653904676437,0.06595910340547562,0.6844232678413391,0.0034324058797210455,0.048095703125,1.095371127128601
436,892928,634,0.46463195502758026,10.83,298,-0.011554541066288948,0.06595233827829361,0.6823453903198242,0.0035279395524412394,0.015380859375,1.041183590888977
437,894976,634,0.5326402360200881,12.63,273,-0.007734830491244793,0.05712808296084404,0.7063040137290955,0.004608031827956438,0.0291748046875,1.112847089767456
438,897024,634,0.4741526627540588,11.14,279,-0.00619632750749588,0.06486421078443527,0.6546826958656311,0.0013258177787065506,0.0302734375,1.0484580993652344
439,899072,634,0.5729810631275177,11.37,282,-0.009314650669693947,0.05956321954727173,0.7533037662506104,0.0044128550216555595,0.0478515625,1.0919649600982666
440,901120,634,0.5137905329465866,11.96,282,-0.009962715208530426,0.059984173625707626,0.7083780169487,0.004588276147842407,0.0382080078125,1.016964077949524
441,903168,634,0.47425917148590085,10.74,281,-0.013949809595942497,0.057360194623470306,0.7449896335601807,0.004078051075339317,0.0279541015625,1.052126169204712
442,905216,634,0.6133325433731079,10.61,281,-0.0135372094810009,0.06399530172348022,0.7315998673439026,0.0032532012555748224,0.035400390625,1.0892698764801025
443,907264,634,0.5531088763475418,11.86,266,-0.013480518013238907,0.05815526843070984,0.7046188712120056,0.004398663528263569,0.026123046875,1.098912000656128
444,909312,634,0.4642698246240616,11.14,288,-0.009601203724741936,0.06073315441608429,0.7135980129241943,0.002045520581305027,0.030029296875,1.0666604042053223
445,911360,634,0.4550473368167877,10.69,271,0.0015943506732583046,0.056870535016059875,0.7467717528343201,0.001734523568302393,0.015380859375,1.1681833267211914
446,913408,634,0.38527100563049316,11.76,265,-0.010236701928079128,0.05611022189259529,0.744947075843811,0.0033523980528116226,0.0263671875,1.169419527053833
447,915456,634,0.5038650876283646,12.13,264,-0.0073075070977211,0.061082158237695694,0.7555503845214844,0.0040234653279185295,0.0272216796875,1.1767584085464478
448,917504,634,0.5517029613256454,12.89,270,0.002518848516047001,0.05524447560310364,0.7381387948989868,0.002827270654961467,0.0172119140625,1.1589725017547607
449,919552,633,0.4646532553434372,10.64,288,-3.0017457902431488e-05,0.06345237046480179,0.714302122592926,0.002630417700856924,0.0157470703125,1.113221526145935
450,921600,633,0.45472781240940097,11.21,282,-0.005785586312413216,0.059804338961839676,0.774690568447113,0.003677069442346692,0.0205078125,1.1992616653442383
451,923648,633,0.5536414223909378,10.75,290,-0.01259082742035389,0.06411955505609512,0.7510436773300171,0.002613788703456521,0.0220947265625,1.153761863708496
452,925696,632,0.5340355026721955,11.19,269,0.0008754907175898552,0.05548898130655289,0.782878041267395,0.003689373377710581,0.02490234375,1.1604228019714355
453,927744,632,0.44483432054519656,13.03,263,-0.00880308635532856,0.059544965624809265,0.8484854698181152,0.005452324636280537,0.02197265625,1.1829421520233154
454,929792,632,0.5716923093795776,13.36,254,-0.008490607142448425,0.05569102615118027,0.8767600655555725,0.002845014911144972,0.017333984375,1.1338725090026855
455,931840,631,0.49189467608928683,13.64,252,-0.007514895871281624,0.05441873148083687,0.90521240234375,0.00207990943454206,0.02490234375,1.1422803401947021
456,933888,631,0.45456804633140563,10.76,274,-0.015006697736680508,0.061043038964271545,0.8921034336090088,0.005109592340886593,0.0269775390625,1.1571524143218994
457,935936,631,0.443407102227211,13.21,254,-0.00911206379532814,0.05368342995643616,0.8776955604553223,0.0039325314573943615,0.0233154296875,1.169048547744751
458,937984,631,0.4734070998430252,12.69,261,-0.01796659268438816,0.05561470240354538,0.8970454335212708,0.0026501016691327095,0.0234375,1.1353788375854492
459,940032,631,0.4333751493692398,11.97,261,-0.012701486237347126,0.057765256613492966,0.8934177756309509,0.002800011308863759,0.0159912109375,1.1636509895324707
460,942080,631,0.5129278111457825,13.35,254,-0.008690832182765007,0.05657282471656799,0.8935232162475586,0.004250192083418369,0.027587890625,1.1720595359802246
461,944128,631,0.4736094683408737,12.47,260,-0.006870221346616745,0.05627264082431793,0.8958824872970581,0.0031336271204054356,0.0250244140625,1.1652663946151733
462,946176,631,0.4746106517314911,11.82,271,-0.010587615892291069,0.059489909559488297,0.8929440975189209,0.005241198930889368,0.021728515625,1.145998239517212
463,948224,631,0.4725124269723892,13.06,259,-0.012035229243338108,0.053873758763074875,0.8984050750732422,0.0053787920624017715,0.0264892578125,1.1501301527023315
464,950272,631,0.5121609485149383,14.25,248,-0.012697895988821983,0.0542815662920475,0.869510293006897,0.006681463681161404,0.02978515625,1.2414650917053223
465,952320,631,0.5032686406373977,12.59,261,-0.013170966878533363,0.05823296308517456,0.838807225227356,0.002828852040693164,0.02197265625,1.1617984771728516
466,954368,631,0.4741846174001694,12.63,260,-0.0067191943526268005,0.05663762986660004,0.885098934173584,0.0041688247583806515,0.0218505859375,1.1259294748306274
467,956416,631,0.4836840236186981,12.54,270,-0.01715000718832016,0.06334792077541351,0.8604951500892639,0.003767790272831917,0.037109375,1.151222825050354
468,958464,631,0.4144402378797531,12.72,255,-0.0031419647857546806,0.05278415605425835,0.8896135091781616,0.004110910929739475,0.0372314453125,1.1604963541030884
469,960512,631,0.5326508897542953,13.0,248,-0.008831643499433994,0.055634506046772,0.9146507382392883,0.007455524988472462,0.0328369140625,1.1921641826629639
470,962560,631,0.5319585800170898,13.2,249,-0.013509420678019524,0.05248775705695152,0.9675467014312744,0.005948779173195362,0.0316162109375,1.1256005764007568
471,964608,631,0.4425656819343567,13.33,253,-0.012540716677904129,0.057515379041433334,0.9566260576248169,0.003321387805044651,0.0247802734375,1.1442103385925293
472,966656,631,0.5224804729223251,12.78,252,-0.014472771435976028,0.05101122707128525,0.908423662185669,0.005360051989555359,0.056396484375,1.1612802743911743
473,968704,631,0.4440887582302093,13.32,250,-0.01065028551965952,0.054786890745162964,0.933738112449646,0.0030038338154554367,0.0218505859375,1.227205753326416
474,970752,631,0.44290651082992555,13.6,247,-0.012960057705640793,0.05371279641985893,0.9077637791633606,0.0029924085829406977,0.0203857421875,1.2445783615112305
475,972800,631,0.45348165452480316,14.45,250,-0.017407488077878952,0.052075546234846115,0.9539340138435364,0.003983180969953537,0.0323486328125,1.221537709236145
476,974848,631,0.4934603559970856,12.26,256,-0.007739225402474403,0.05529402941465378,0.9130279421806335,0.002759302733466029,0.0218505859375,1.208642601966858
477,976896,631,0.4733538460731506,13.26,248,-0.0044434815645217896,0.05150928348302841,0.9248366355895996,0.005831907503306866,0.0333251953125,1.2414722442626953
478,978944,632,0.4736946761608124,12.03,264,-0.009034555405378342,0.05208861082792282,0.9677664637565613,0.003950528800487518,0.0260009765625,1.187387466430664
479,980992,632,0.4441846150159836,12.78,253,-0.004394985735416412,0.056442417204380035,0.9388174414634705,0.0029999283142387867,0.023193359375,1.2866463661193848
480,983040,632,0.4826615399122238,14.67,240,-0.014178678393363953,0.05335119366645813,0.9497373104095459,0.0031261008698493242,0.0185546875,1.3285372257232666
481,985088,632,0.474078106880188,11.29,278,-0.008016087114810944,0.061240337789058685,0.9231885671615601,0.0034276647493243217,0.019775390625,1.2888197898864746
482,987136,632,0.48336449921131136,12.51,259,-0.018872682005167007,0.05876927822828293,0.8454119563102722,0.0031661910470575094,0.0194091796875,1.3451452255249023
483,989184,632,0.4625230783224106,13.23,258,-0.020960159599781036,0.055191293358802795,0.8965604305267334,0.0037040039896965027,0.011474609375,1.3216798305511475
484,991232,632,0.5330023694038392,11.76,272,-0.007214592769742012,0.061364512890577316,0.8991761207580566,0.0025062798522412777,0.021484375,1.2885868549346924
485,993280,632,0.4939715987443924,11.8,264,-0.009515862911939621,0.058885425329208374,0.9069602489471436,0.004134771879762411,0.0255126953125,1.321764349937439
486,995328,632,0.5032686400413513,12.23,253,-0.011764862574636936,0.05698178708553314,0.8932101726531982,0.003135035280138254,0.022705078125,1.3274801969528198
487,997376,632,0.5239822494983674,11.07,282,-0.010417526587843895,0.06310350447893143,0.8325984477996826,0.004487413913011551,0.032470703125,1.2983794212341309
488,999424,632,0.5433325451612473,11.56,260,-0.016302287578582764,0.058887187391519547,0.8240917921066284,0.005556218326091766,0.0263671875,1.349907636642456
489,1001472,632,0.45456804752349855,11.34,274,-0.007711146026849747,0.06099177524447441,0.8107234239578247,0.004525023512542248,0.0291748046875,1.3262240886688232
490,1003520,632,0.5137905347347259,12.37,275,-0.004316803067922592,0.059165678918361664,0.8342978358268738,0.0022983013186603785,0.02001953125,1.2942960262298584
491,1005568,633,0.4349301797151566,10.65,294,-0.013160284608602524,0.06659843772649765,0.7917580604553223,0.003976752050220966,0.01904296875,1.2917425632476807
492,1007616,633,0.47421656906604764,10.82,294,-0.007120415568351746,0.06908097863197327,0.8633397817611694,0.0024409799370914698,0.0201416015625,1.3470458984375
493,1009664,633,0.47447219014167785,10.89,286,-0.01234349049627781,0.06188200041651726,0.8469175100326538,0.003652612678706646,0.0167236328125,1.3426038026809692
494,1011712,633,0.47455739676952363,11.71,277,-0.004649559035897255,0.06282038241624832,0.8449203372001648,0.0036172913387417793,0.02099609375,1.3936858177185059
495,1013760,633,0.514259170293808,11.25,285,-0.010051884688436985,0.06477028876543045,0.880318820476532,0.004389770794659853,0.0350341796875,1.3338465690612793
496,1015808,633,0.41500473380088804,11.51,276,-0.009167083539068699,0.06367117166519165,0.9500826597213745,0.003910975065082312,0.0181884765625,1.3945786952972412
497,1017856,633,0.46445088982582095,11.8,271,-0.009851611219346523,0.058401256799697876,0.8642286658287048,0.004464857280254364,0.0257568359375,1.3368102312088013
498,1019904,633,0.5143550324440003,11.27,274,-0.0038574272766709328,0.05953409522771835,0.8222526907920837,0.0031486889347434044,0.0130615234375,1.4119088649749756
499,1021952,633,0.48486627399921417,11.14,285,-0.01922016590833664,0.06385956704616547,0.7931404113769531,0.003171938704326749,0.02197265625,1.3260084390640259
500,1024000,633,0.4943124270439148,10.37,287,-0.003272503614425659,0.06141824275255203,0.8679320216178894,0.00284736230969429,0.020263671875,1.380631446838379
501,1026048,633,0.5044508862495423,10.52,291,-0.00868673250079155,0.060958947986364365,0.7783480286598206,0.002561989240348339,0.021484375,1.370234489440918
502,1028096,633,0.5033857977390289,11.88,269,-0.0069432687014341354,0.06028716266155243,0.839694082736969,0.00482067558914423,0.03466796875,1.4769622087478638
503,1030144,633,0.5238437896966934,12.21,266,-0.011779502034187317,0.05795194208621979,0.8127579689025879,0.00888940878212452,0.02685546875,1.4429781436920166
504,1032192,633,0.4932260358333588,13.13,257,-0.0062169767916202545,0.051995474845170975,0.8697353601455688,0.004380297847092152,0.0277099609375,1.4411532878875732
505,1034240,633,0.5519905352592468,13.79,250,-0.013690249994397163,0.05288580060005188,0.8904368281364441,0.003253903705626726,0.0233154296875,1.478940725326538
506,1036288,633,0.46469585835933686,10.71,281,-0.017494020983576775,0.057467613369226456,0.8479739427566528,0.005331997759640217,0.0296630859375,1.3758084774017334
507,1038336,633,0.5831088769435883,11.19,282,-0.010203210636973381,0.059743475168943405,0.8422254920005798,0.0035689640790224075,0.017333984375,1.3638393878936768
508,1040384,633,0.5226508897542953,12.35,280,-0.0075948238372802734,0.058314889669418335,0.8651949167251587,0.002968596061691642,0.0303955078125,1.3263497352600098
509,1042432,633,0.483417751789093,12.08,274,-0.01644345559179783,0.05933775007724762,0.9741172790527344,0.004568509291857481,0.0162353515625,1.3525891304016113
510,1044480,633,0.5144402366876603,11.69,275,-0.018152974545955658,0.06704346090555191,0.8400040864944458,0.0034902305342257023,0.043701171875,1.3825020790100098
511,1046528,633,0.5233538454771042,12.53,263,-0.0009475285187363625,0.059938132762908936,0.9192597270011902,0.0027823587879538536,0.0396728515625,1.4394559860229492
512,1048576,633,0.44469585955142976,11.51,282,-0.005561167374253273,0.05854412913322449,0.8186483383178711,0.0030378522351384163,0.01416015625,1.3431293964385986
513,1050624,633,0.5332047355175018,12.37,261,-0.00853386614471674,0.05357803776860237,0.902373731136322,0.002784254727885127,0.0189208984375,1.4168617725372314
514,1052672,634,0.5236307698488235,11.08,277,-0.009764602407813072,0.06140097603201866,0.8401528000831604,0.0041656410321593285,0.0230712890625,1.3220341205596924
515,1054720,634,0.474131361246109,11.63,275,-0.0038512814790010452,0.05820032209157944,0.8558098077774048,0.003582884557545185,0.022705078125,1.3962714672088623
516,1056768,634,0.5218094676733017,15.21,247,-0.011681456118822098,0.05345476046204567,0.9087744951248169,0.004281790927052498,0.024658203125,1.4895236492156982
517,1058816,634,0.4937692326307297,11.37,270,-0.012421466410160065,0.059057604521512985,0.9331846833229065,0.0029146086890250444,0.0123291015625,1.409959316253662
518,1060864,634,0.46398225009441374,12.56,261,-0.007518982980400324,0.059205278754234314,0.9451122283935547,0.0026817345060408115,0.02294921875,1.4741251468658447
519,1062912,634,0.48272544622421265,13.67,252,-0.013329964131116867,0.051699623465538025,0.8990459442138672,0.004730003885924816,0.031982421875,1.4405286312103271
520,1064960,634,0.48455739617347715,11.0,270,-0.0051679909229278564,0.05738149210810661,0.9271788001060486,0.004604009911417961,0.016845703125,1.3994176387786865
521,1067008,634,0.49391834378242494,10.89,270,-0.01418408751487732,0.05906061455607414,0.9289941787719727,0.0027366396971046925,0.0146484375,1.384624719619751
522,1069056,634,0.503247337937355,11.97,269,-0.01727760210633278,0.0565648078918457,0.9162558913230896,0.0038441484794020653,0.0196533203125,1.3477846384048462
523,1071104,634,0.4628319537639618,13.44,251,-0.010481104254722595,0.05568874254822731,0.9245148301124573,0.0023005290422588587,0.0159912109375,1.389704704284668
524,1073152,634,0.3166023683547974,13.25,257,-0.006310402415692806,0.05276653915643692,0.9000003337860107,0.0058310446329414845,0.02685546875,1.4402028322219849
525,1075200,634,0.5032686394453049,12.97,254,-0.003580203279852867,0.058913830667734146,0.8946163058280945,0.006395254284143448,0.0294189453125,1.3515682220458984
526,1077248,634,0.5428426045179368,12.37,253,-0.00534927099943161,0.05923512205481529,0.9036740064620972,0.0023501692339777946,0.0179443359375,1.3457410335540771
527,1079296,634,0.4543443804979324,11.4,266,-0.008448969572782516,0.06058907508850098,0.9214895367622375,0.0037433982361108065,0.0177001953125,1.391241192817688
528,1081344,634,0.4640994089841843,12.61,251,-0.0009547527879476547,0.056718263775110245,0.8545287251472473,0.005183137487620115,0.0252685546875,1.4025993347167969
529,1083392,634,0.4527147942781448,13.67,250,-0.005103271454572678,0.05358918756246567,0.915760338306427,0.005580674856901169,0.0384521484375,1.3814448118209839
530,1085440,634,0.4345573967695236,12.39,273,-0.014115160331130028,0.0584237240254879,0.9055185317993164,0.004307727329432964,0.0233154296875,1.3411427736282349
531,1087488,634,0.43417396664619445,13.3,252,-0.012010561302304268,0.057602208107709885,0.8683905601501465,0.00736572127789259,0.0294189453125,1.3385263681411743
532,1089536,634,0.5227254456281663,13.46,251,-0.01268051378428936,0.05495570972561836,0.9008066058158875,0.00229013804346323,0.0133056640625,1.338667392730713
533,1091584,634,0.45367337584495543,11.87,255,-0.013538341969251633,0.0552702322602272,0.9397659301757812,0.004267605021595955,0.0264892578125,1.3025908470153809
534,1093632,634,0.5133112400770188,12.82,254,-0.011493890546262264,0.05254916474223137,0.9070197939872742,0.004988685250282288,0.02880859375,1.339365005493164
535,1095680,634,0.4832153874635696,14.16,248,-0.008806353434920311,0.05159858986735344,0.9073995351791382,0.003370692254975438,0.0185546875,1.3639477491378784
536,1097728,634,0.6018520736694336,12.44,259,-0.00738580571487546,0.05737863853573799,0.8562628030776978,0.005591757595539093,0.0323486328125,1.3821057081222534
537,1099776,634,0.533407102227211,12.0,253,-0.006659500300884247,0.05458194762468338,0.8589267730712891,0.0029053674079477787,0.0166015625,1.3659696578979492
538,1101824,634,0.48365207374095914,11.41,264,-0.0007418245077133179,0.06054474785923958,0.8868746161460876,0.0028419150039553642,0.0380859375,1.3110432624816895
539,1103872,634,0.5225017768144607,12.41,261,-0.008437510579824448,0.057855233550071716,0.8355048894882202,0.0017391112633049488,0.0179443359375,1.3761365413665771
540,1105920,634,0.6007124269008637,13.75,245,-0.0028420761227607727,0.052593667060136795,0.860446572303772,0.0024167117662727833,0.0093994140625,1.3839950561523438
541,1107968,634,0.5519372826814651,13.77,245,-0.014461598359048367,0.0527707114815712,0.9113860726356506,0.0043761697597801685,0.0203857421875,1.3955752849578857
542,1110016,634,0.4934070998430252,13.24,248,-0.002674749121069908,0.05529250577092171,0.896339476108551,0.001953713595867157,0.016357421875,1.403892993927002
543,1112064,634,0.4243869823217392,13.16,258,-0.008557828143239021,0.05956988036632538,0.9166693687438965,0.004266126547008753,0.01904296875,1.4387192726135254
544,1114112,634,0.5307337301969528,16.29,226,-0.013474024832248688,0.04964299499988556,0.8999661207199097,0.0046617076732218266,0.0205078125,1.4622400999069214
545,1116160,634,0.521489942073822,14.14,242,-0.013167273253202438,0.05363902822136879,0.933007001876831,0.0067740511149168015,0.045654296875,1.4789044857025146
546,1118208,634,0.5516603565216065,13.96,253,-0.013115945272147655,0.05729639157652855,0.9675331115722656,0.0037257103249430656,0.034423828125,1.3874948024749756
547,1120256,634,0.5228745573759079,14.48,238,-0.013697825372219086,0.05652216821908951,0.9534488916397095,0.0053349994122982025,0.035400390625,1.4474844932556152
548,1122304,634,0.42414201200008395,13.25,242,-0.010152357630431652,0.051766835153102875,0.9363070726394653,0.004588443785905838,0.0296630859375,1.4647815227508545
549,1124352,634,0.48200118362903593,14.58,241,-0.01944277063012123,0.05700526013970375,0.9024447202682495,0.00515676848590374,0.027587890625,1.4295190572738647
550,1126400,634,0.5324911254644394,13.45,254,-0.008512488566339016,0.058417581021785736,0.8567678928375244,0.0049531590193510056,0.0223388671875,1.4372189044952393
551,1128448,634,0.5132153838872909,12.97,261,-0.008058478124439716,0.059487078338861465,0.8339914083480835,0.0032213027589023113,0.012451171875,1.4276238679885864
552,1130496,634,0.4541420137882233,11.54,273,-0.010236069560050964,0.062140852212905884,0.8838991522789001,0.003347917925566435,0.021484375,1.3841938972473145
553,1132544,634,0.4933431953191757,12.67,251,-0.010239630937576294,0.05645745247602463,0.8921793103218079,0.0036379145458340645,0.023681640625,1.4165315628051758
554,1134592,634,0.46313017785549165,12.35,263,-0.006894279271364212,0.05852202698588371,0.8827525973320007,0.003518787445500493,0.0245361328125,1.4290285110473633
555,1136640,634,0.5415218943357467,13.94,252,-0.01113862544298172,0.05713663250207901,0.900860071182251,0.0027405135333538055,0.0235595703125,1.4196298122406006
556,1138688,634,0.5329491138458252,13.25,261,-0.01476358249783516,0.060122545808553696,0.9309436082839966,0.006672822870314121,0.0257568359375,1.4612436294555664
557,1140736,634,0.4230023682117462,13.16,254,-0.015800420194864273,0.05349528044462204,0.9114695191383362,0.004132609814405441,0.0201416015625,1.4013748168945312
558,1142784,634,0.5030236715078353,13.47,250,-0.01222472358494997,0.053656768053770065,0.900609016418457,0.0022176015190780163,0.017333984375,1.4426493644714355
559,1144832,634,0.47306627333164214,12.76,255,-0.008988060057163239,0.05935217812657356,0.9192627668380737,0.004179638810455799,0.02001953125,1.4190492630004883
560,1146880,634,0.47340710043907164,12.95,264,-0.008346405811607838,0.058993156999349594,0.8723440766334534,0.0035401382483541965,0.01904296875,1.3875677585601807
561,1148928,634,0.48381183385848997,12.22,263,-0.006586959585547447,0.05903951823711395,0.8771195411682129,0.0022893587592989206,0.01318359375,1.4023172855377197
562,1150976,634,0.5029171597957611,12.76,270,-0.003780171275138855,0.05949996039271355,0.8549080491065979,0.002611814998090267,0.01708984375,1.3906141519546509
563,1153024,634,0.4345041424036026,12.5,253,-0.0009364467114210129,0.056414708495140076,0.9062339067459106,0.003920499235391617,0.022216796875,1.396159291267395
564,1155072,634,0.4428000020980835,14.23,247,-0.011074163019657135,0.05700647085905075,0.9269806742668152,0.0033325545955449343,0.0203857421875,1.3838191032409668
565,1157120,634,0.562746747136116,11.81,269,-0.007805647328495979,0.05964158847928047,0.8924683928489685,0.004286756739020348,0.0203857421875,1.4090170860290527
566,1159168,634,0.39500473618507387,12.08,272,-0.006294247694313526,0.05754270777106285,0.8914179801940918,0.0026484918780624866,0.010009765625,1.3856972455978394
567,1161216,634,0.5035029596090317,12.36,255,-0.004982863087207079,0.052887141704559326,0.8516742587089539,0.002098744036629796,0.02734375,1.4042658805847168
568,1163264,634,0.5436307692527771,12.17,266,-0.009814552962779999,0.05921446532011032,0.8533180356025696,0.004007368348538876,0.0185546875,1.3957388401031494
569,1165312,634,0.5526082849502564,11.61,275,0.0037637650966644287,0.06427387148141861,0.8588393926620483,0.002484159544110298,0.0172119140625,1.4096994400024414
570,1167360,634,0.4143124258518219,12.49,256,-0.014578312635421753,0.057051755487918854,0.9169625043869019,0.006986124441027641,0.0235595703125,1.369802713394165
571,1169408,634,0.48300236761569976,13.18,257,-0.007678743451833725,0.05763785541057587,0.8804078102111816,0.0025068249087780714,0.0167236328125,1.4232735633850098
572,1171456,634,0.5132047337293625,11.76,269,-0.004124687053263187,0.0612914115190506,0.879944384098053,0.0031000312883406878,0.008544921875,1.3797587156295776
573,1173504,634,0.4543230772018433,11.99,266,-0.015499711036682129,0.061438966542482376,0.8873878121376038,0.004170611500740051,0.0264892578125,1.3881065845489502
574,1175552,634,0.5916710072755813,12.62,259,-0.017273496836423874,0.05689315125346184,0.9199053645133972,0.005324888043105602,0.0263671875,1.4132347106933594
575,1177600,634,0.4440568059682846,12.06,258,-0.022343145683407784,0.05265830084681511,0.9802647829055786,0.004461560398340225,0.0234375,1.4072115421295166
576,1179648,634,0.4730449712276459,13.14,249,-0.012597966939210892,0.053683873265981674,0.9697537422180176,0.0040099481120705605,0.018798828125,1.4123013019561768
577,1181696,635,0.4631195265054703,14.39,247,-0.009574582800269127,0.05530976504087448,0.9713069200515747,0.0031573865562677383,0.018310546875,1.3994680643081665
578,1183744,635,0.5322248524427414,13.66,238,-0.007139360532164574,0.05179879069328308,1.0208054780960083,0.00501586589962244,0.0172119140625,1.4622822999954224
579,1185792,634,0.5719159781932831,14.73,241,-0.007774088531732559,0.05762067064642906,0.939651608467102,0.003626303980126977,0.017822265625,1.4629441499710083
580,1187840,634,0.5126295846700668,14.05,245,-0.015056374482810497,0.056861214339733124,0.8787732124328613,0.004774711560457945,0.0164794921875,1.3899513483047485
581,1189888,634,0.5123207122087479,13.62,259,-0.006922420114278793,0.05768337473273277,0.9037508368492126,0.003103839699178934,0.0245361328125,1.3581757545471191
582,1191936,634,0.5835775160789489,10.56,286,-0.011018896475434303,0.06714029610157013,0.8592130541801453,0.0016124818939715624,0.0128173828125,1.3306597471237183
583,1193984,634,0.542288755774498,12.97,262,-0.00960840005427599,0.05760575458407402,0.8864629864692688,0.0022703157737851143,0.0198974609375,1.3657426834106445
584,1196032,634,0.4353029602766037,10.87,282,-0.013066569343209267,0.06106837838888168,0.8061107993125916,0.007059191819280386,0.0250244140625,1.3298362493515015
585,1198080,634,0.523076924085617,11.79,269,-0.01271728239953518,0.06076280027627945,0.8339180946350098,0.002318914048373699,0.013427734375,1.3671174049377441
586,1200128,634,0.4640248537063599,11.74,276,-0.010976074263453484,0.05849321931600571,0.8498820066452026,0.0029083460103720427,0.0123291015625,1.3664156198501587
587,1202176,634,0.5532579898834229,11.19,280,-0.008239658549427986,0.06453743577003479,0.7835603952407837,0.002878932747989893,0.023193359375,1.3744525909423828
588,1204224,634,0.5035562157630921,11.63,283,-0.004997019190341234,0.0656251460313797,0.8198031187057495,0.0018122647888958454,0.0111083984375,1.3563319444656372
589,1206272,634,0.5538118362426758,10.91,281,-0.010590692050755024,0.06437299400568008,0.8479626178741455,0.004548734053969383,0.0152587890625,1.344048261642456
590,1208320,634,0.5235455644130707,10.92,286,-0.009380839765071869,0.06678979843854904,0.774797260761261,0.0027508533094078302,0.0228271484375,1.398902177810669
591,1210368,634,0.5429065120220185,11.32,282,-0.0116116963326931,0.06260135024785995,0.8152297139167786,0.0024121764581650496,0.0146484375,1.3595812320709229
592,1212416,634,0.5425869840383529,12.15,279,-0.014056075364351273,0.060993559658527374,0.8775866627693176,0.003492391901090741,0.020751953125,1.3485913276672363
593,1214464,634,0.4542485225200653,11.91,281,-0.0005674520507454872,0.06265701353549957,0.8016014695167542,0.0023822947405278683,0.0301513671875,1.37587571144104
594,1216512,634,0.5534390562772751,11.06,273,-0.012816812843084335,0.06310807168483734,0.8201538920402527,0.00414758175611496,0.0185546875,1.4129579067230225
595,1218560,634,0.5638331371545792,10.55,285,-0.011087816208600998,0.06164054945111275,0.8246632814407349,0.0024962062016129494,0.0123291015625,1.3935444355010986
596,1220608,634,0.4838331389427185,11.2,286,-0.00637588556855917,0.06035121902823448,0.8440616130828857,0.002759024268016219,0.019287109375,1.3918256759643555
597,1222656,634,0.5033964532613754,11.97,268,-0.011433985084295273,0.05597006157040596,0.8372124433517456,0.004603364504873753,0.0240478515625,1.4278353452682495
598,1224704,634,0.5632260376214981,11.16,285,-0.00534219853579998,0.0678882971405983,0.8937621712684631,0.0022243852727115154,0.0084228515625,1.4077998399734497
599,1226752,634,0.46411005914211273,12.1,271,-0.01378291193395853,0.05795033648610115,0.847746729850769,0.002079785568639636,0.0093994140625,1.4300251007080078
600,1228800,634,0.5042591726779938,11.69,279,-0.006992778740823269,0.06281675398349762,0.8812663555145264,0.004519050009548664,0.013427734375,1.433304786682129
601,1230848,635,0.5135029590129853,11.61,273,-0.00791953131556511,0.06004109978675842,0.8487383723258972,0.0025619594380259514,0.0174560546875,1.4813674688339233
602,1232896,635,0.47424852192401884,10.78,292,-0.007059095427393913,0.06783505529165268,0.820068359375,0.0023701840545982122,0.0146484375,1.450080156326294
603,1234944,635,0.5033112442493439,12.08,280,-0.005917596630752087,0.0651216059923172,0.8659414052963257,0.00278295436874032,0.01318359375,1.4704111814498901
604,1236992,635,0.4840887576341629,11.14,295,-0.010671047493815422,0.06098444387316704,0.7269093990325928,0.002558522392064333,0.0216064453125,1.4257124662399292
605,1239040,635,0.4241846150159836,11.35,288,-0.013633030466735363,0.06656690686941147,0.8080511093139648,0.0026543913409113884,0.010009765625,1.4905929565429688
606,1241088,635,0.5721715986728668,12.04,274,-0.0020136013627052307,0.06250985711812973,0.8550911545753479,0.004263094626367092,0.02587890625,1.4455065727233887
607,1243136,635,0.5230130183696747,12.69,267,-0.008116474375128746,0.06034766882658005,0.8176484704017639,0.0017863009124994278,0.0162353515625,1.4512848854064941
608,1245184,635,0.48422722101211546,11.58,276,-0.0033938447013497353,0.061201922595500946,0.8186253905296326,0.0024851022753864527,0.0167236328125,1.4332776069641113
609,1247232,635,0.5428426051139832,12.04,270,-0.013466056436300278,0.0611722506582737,0.9168201684951782,0.0019906878005713224,0.0108642578125,1.485691785812378
610,1249280,635,0.3955053263902664,10.78,285,-0.022417252883315086,0.06428773701190948,0.9606595039367676,0.0041955639608204365,0.0218505859375,1.512914776802063
611,1251328,635,0.48344970762729644,12.4,261,-0.011495769023895264,0.06076144799590111,0.9730561971664429,0.002866216003894806,0.015380859375,1.553112268447876
612,1253376,635,0.47344970524311064,12.76,261,-0.008814293891191483,0.054467927664518356,0.8885353207588196,0.002121778903529048,0.0150146484375,1.5915818214416504
613,1255424,635,0.49315148234367373,13.05,273,-0.010035425424575806,0.059029821306467056,0.828238844871521,0.003311624052003026,0.016357421875,1.5162739753723145
614,1257472,635,0.5631514829397202,11.35,274,-0.008649975061416626,0.06369319558143616,0.844563901424408,0.003685667645186186,0.0177001953125,1.5190011262893677
615,1259520,635,0.5738331377506256,10.59,282,0.0023648515343666077,0.06112203001976013,0.9408295154571533,0.003659270005300641,0.01318359375,1.5192924737930298
616,1261568,635,0.47354556143283844,12.91,265,-0.0061510526575148106,0.06119206175208092,0.8582218885421753,0.0029239149298518896,0.00830078125,1.617924451828003
617,1263616,635,0.4821396464109421,13.74,257,-0.010158327408134937,0.054312415421009064,0.8813152313232422,0.0039083585143089294,0.016845703125,1.6673095226287842
618,1265664,635,0.5437692314386368,10.45,278,-0.01218397170305252,0.06214648485183716,0.9576362371444702,0.003395227948203683,0.02294921875,1.628501534461975
619,1267712,635,0.3356757426261902,11.98,275,-0.002380507532507181,0.05650009587407112,0.8506393432617188,0.00460876664146781,0.0218505859375,1.626561164855957
620,1269760,635,0.4932153868675232,11.93,270,-0.011487152427434921,0.06254956871271133,0.8689071536064148,0.003211244009435177,0.013916015625,1.6197742223739624
621,1271808,635,0.5248130184412002,9.45,290,-0.005785313434898853,0.0646234005689621,0.8789234161376953,0.003515079151839018,0.015869140625,1.5967035293579102
622,1273856,635,0.42388639152050017,13.3,271,-0.015131086111068726,0.05604635179042816,0.9587680101394653,0.007048340514302254,0.0330810546875,1.6785123348236084
623,1275904,635,0.46421657025814056,12.6,264,-0.005931871011853218,0.05950133502483368,0.8742640018463135,0.002364206127822399,0.01025390625,1.6371873617172241
624,1277952,635,0.5022887587547302,13.35,255,-0.005660153925418854,0.057112786918878555,0.949541449546814,0.002108287066221237,0.015869140625,1.6439082622528076
625,1280000,635,0.5033005940914154,12.62,260,-0.005621334537863731,0.05989169701933861,0.8815080523490906,0.0021880140993744135,0.0111083984375,1.676334023475647
626,1282048,635,0.5730556237697602,12.18,256,-0.01296704076230526,0.05299276113510132,0.9454368948936462,0.006725730840116739,0.0269775390625,1.6647299528121948
627,1284096,635,0.543939648270607,11.32,278,-0.009007593616843224,0.061254438012838364,0.9266881346702576,0.00302998092956841,0.017822265625,1.5401487350463867
628,1286144,635,0.5134816604852677,11.07,283,-0.01543371006846428,0.06469985842704773,0.8363156318664551,0.003443814115598798,0.016357421875,1.519406795501709
629,1288192,635,0.5540248543024063,10.93,282,-0.009353099390864372,0.05890811234712601,0.8796989321708679,0.0021901517175137997,0.0147705078125,1.5660171508789062
630,1290240,635,0.36519644916057586,11.39,276,-0.011416434310376644,0.061028145253658295,0.8969688415527344,0.003860888769850135,0.0179443359375,1.5940632820129395
631,1292288,635,0.4844508892297745,11.32,269,-0.01072266511619091,0.06490552425384521,0.843925416469574,0.002750084502622485,0.00830078125,1.5493972301483154
632,1294336,635,0.5337479311227799,10.61,286,-0.010948436334729195,0.06405540555715561,0.8414315581321716,0.003348700236529112,0.02392578125,1.5347747802734375
633,1296384,635,0.3558994084596634,10.74,289,-0.006063345819711685,0.06375223398208618,0.8215849995613098,0.0023052124306559563,0.0123291015625,1.5592039823532104
634,1298432,635,0.48461065053939817,11.77,285,-0.008692426607012749,0.06463717669248581,0.8751080632209778,0.00389266898855567,0.0263671875,1.5674877166748047
635,1300480,635,0.5243017756938935,10.11,293,-0.010988305322825909,0.06438200920820236,0.839239776134491,0.002510088263079524,0.0208740234375,1.5005640983581543
636,1302528,635,0.4250366884469986,10.58,294,-0.006488148123025894,0.06641189754009247,0.8860340714454651,0.0022050156258046627,0.0093994140625,1.5282208919525146
637,1304576,635,0.49387574195861816,11.05,282,-0.00928940623998642,0.0634826123714447,0.7781597375869751,0.0031337488908320665,0.0120849609375,1.528011679649353
638,1306624,635,0.5234071016311646,11.36,280,-0.009297356940805912,0.06668464094400406,0.8423498868942261,0.0018421148415654898,0.0167236328125,1.5515151023864746
639,1308672,635,0.4649621331691742,10.98,292,-0.002117050811648369,0.06471024453639984,0.7726894617080688,0.005044276360422373,0.0185546875,1.557443618774414
640,1310720,635,0.5433964514732361,10.8,290,-0.006513598375022411,0.06177037954330444,0.8011476397514343,0.002403625985607505,0.009765625,1.4774858951568604
641,1312768,635,0.44536686718463897,9.77,302,-0.006403407081961632,0.06793958693742752,0.7951170802116394,0.004341995343565941,0.0155029296875,1.480252742767334
642,1314816,635,0.5242165684700012,10.53,292,-0.005803365260362625,0.06272737681865692,0.7731966972351074,0.0019128548447042704,0.010009765625,1.530379295349121
643,1316864,635,0.4547171604633331,11.49,289,-0.01517987810075283,0.06246386840939522,0.8493975400924683,0.004640101455152035,0.026611328125,1.550870656967163
644,1318912,635,0.6127680492401123,10.78,294,-0.008404195308685303,0.06641281396150589,0.823212742805481,0.0017097447998821735,0.00634765625,1.5632805824279785
645,1320960,635,0.44413136184215546,11.5,283,-0.0011881650425493717,0.06299521774053574,0.899269163608551,0.005032210610806942,0.0172119140625,1.5840067863464355
646,1323008,635,0.5325763320922852,11.61,276,-0.015574902296066284,0.05601878464221954,0.850716769695282,0.0037980210036039352,0.009521484375,1.5407860279083252
647,1325056,635,0.4448023670911789,10.56,280,-0.011701449751853943,0.06529369205236435,0.8784550428390503,0.0027974320109933615,0.0196533203125,1.5644936561584473
648,1327104,635,0.5138224869966507,10.82,284,-0.010933475568890572,0.0635933130979538,0.870169997215271,0.003842691658064723,0.0289306640625,1.5489327907562256
649,1329152,635,0.5434284061193466,11.36,272,-0.00954689271748066,0.06090317294001579,0.8586849570274353,0.002073186682537198,0.015625,1.5792667865753174
650,1331200,635,0.49266153991222383,12.9,258,-0.007765075191855431,0.057084131985902786,0.8760226964950562,0.002018772531300783,0.0111083984375,1.621354579925537
651,1333248,635,0.49393964648246763,11.42,276,-0.009665904566645622,0.060538340359926224,0.8606972098350525,0.0017080649267882109,0.0108642578125,1.6011333465576172
652,1335296,635,0.46374793112277984,11.17,274,-0.00769196730107069,0.06044141948223114,0.8966042399406433,0.0038503017276525497,0.01513671875,1.5580406188964844
653,1337344,635,0.4937692356109619,11.45,286,-0.004927528090775013,0.06262452155351639,0.8516818284988403,0.002047796966508031,0.0159912109375,1.5830224752426147
654,1339392,635,0.5238970440626144,11.89,273,-0.010248321108520031,0.05986906588077545,0.9248309135437012,0.002398633398115635,0.0186767578125,1.6647930145263672
655,1341440,635,0.5327147954702377,12.35,270,-0.006495530717074871,0.06327806413173676,0.9502888321876526,0.0036734980531036854,0.0194091796875,1.6338330507278442
656,1343488,636,0.473396452665329,12.51,265,-0.00018922705203294754,0.06142282858490944,0.9545518755912781,0.0015115633141249418,0.0224609375,1.6237599849700928
657,1345536,636,0.4342591726779938,12.29,271,-0.007892643101513386,0.0612284280359745,0.8909053802490234,0.0026177652180194855,0.0203857421875,1.6772246360778809
658,1347584,636,0.504280475974083,10.93,275,-0.006328953430056572,0.060118090361356735,0.9019543528556824,0.003836679272353649,0.0286865234375,1.6745834350585938
659,1349632,636,0.5034710097312928,11.33,287,-0.013646785169839859,0.06725938618183136,0.8494355082511902,0.003438925137743354,0.0213623046875,1.6385884284973145
660,1351680,636,0.4543017792701721,11.12,282,-0.02266562357544899,0.06295052170753479,0.8190386295318604,0.0032943650148808956,0.0133056640625,1.6791338920593262
661,1353728,636,0.4741526645421982,10.77,282,-0.008966062217950821,0.0626511350274086,0.8794032335281372,0.0024708432611078024,0.0089111328125,1.7275357246398926
662,1355776,636,0.4152284026145935,10.53,288,-0.0013326369225978851,0.06551865488290787,0.7917211651802063,0.002963746665045619,0.0137939453125,1.6951313018798828
663,1357824,636,0.47337514877319337,11.26,286,-0.00252574123442173,0.06208833307027817,0.8204096555709839,0.0020470854360610247,0.0125732421875,1.7015953063964844
664,1359872,636,0.5231301808357238,11.11,293,-0.01134711317718029,0.06766239553689957,0.8737309575080872,0.002221847651526332,0.0128173828125,1.699604868888855
665,1361920,636,0.48435503005981445,10.76,288,-0.008603142574429512,0.06156696751713753,0.831740140914917,0.00410681776702404,0.015380859375,1.7085143327713013
666,1363968,636,0.55344970703125,11.03,286,-0.010285965166985989,0.05949115380644798,0.8432842493057251,0.0025751017965376377,0.0166015625,1.6873421669006348
667,1366016,636,0.4256224870681763,10.32,287,-0.008575176820158958,0.06107224151492119,0.7412158846855164,0.0028255244251340628,0.0147705078125,1.774159550666809
668,1368064,636,0.46264024019241334,13.37,266,-0.010274091735482216,0.05409650504589081,0.7864094376564026,0.003709083190187812,0.0267333984375,1.8101344108581543
669,1370112,636,0.48413136422634123,10.87,282,-0.0062831491231918335,0.05854235216975212,0.7092804908752441,0.0013102998491376638,0.015625,1.6545158624649048
670,1372160,636,0.39524970710277557,10.61,297,-0.0038115400820970535,0.06914841383695602,0.7417783737182617,0.0022294744849205017,0.0098876953125,1.6769952774047852
671,1374208,636,0.5046426045894623,9.77,307,-0.006388584151864052,0.06643952429294586,0.7445825934410095,0.0013912899885326624,0.0078125,1.6895151138305664
672,1376256,636,0.5143230783939362,10.62,288,-0.003139924257993698,0.0632409006357193,0.7173548936843872,0.002064584521576762,0.02197265625,1.706855297088623
673,1378304,636,0.44463195621967316,10.45,298,-0.005765019915997982,0.06819520890712738,0.7255058288574219,0.003346871118992567,0.010498046875,1.7252200841903687
674,1380352,636,0.5638970422744751,10.56,297,-0.0034329164773225784,0.06611959636211395,0.7689579129219055,0.00196832325309515,0.0167236328125,1.6819489002227783
675,1382400,636,0.47468521058559415,10.28,295,-0.013502981513738632,0.06511136144399643,0.6465837955474854,0.0026700482703745365,0.014892578125,1.7080047130584717
676,1384448,636,0.5245147943496704,9.5,314,-0.0044733695685863495,0.06828831136226654,0.6445580124855042,0.0015493929386138916,0.009033203125,1.6242048740386963
677,1386496,636,0.5637479305267334,10.15,304,-0.005554132163524628,0.06663421541452408,0.683940052986145,0.0029960484243929386,0.014892578125,1.6992216110229492
678,1388544,636,0.4945254445075989,9.93,304,-0.010009806603193283,0.06754474341869354,0.6353334188461304,0.0013522040098905563,0.0103759765625,1.6282567977905273
679,1390592,636,0.45527100563049316,9.6,309,-0.01068592444062233,0.06937266141176224,0.6377149224281311,0.00319675519131124,0.0130615234375,1.6631791591644287
680,1392640,636,0.5839076954126358,10.48,301,-0.005272011272609234,0.06463073194026947,0.6229362487792969,0.0020980159752070904,0.0125732421875,1.7349368333816528
681,1394688,636,0.41633609592914583,9.08,316,-0.0074773384258151054,0.06898830085992813,0.6481408476829529,0.0028794147074222565,0.0107421875,1.5987563133239746
682,1396736,636,0.4258994084596634,9.92,309,-0.0060644084587693214,0.06261146813631058,0.6110976338386536,0.001119525171816349,0.0091552734375,1.6031298637390137
683,1398784,636,0.5146000039577484,9.55,319,-0.004271822050213814,0.07084754854440689,0.53312748670578,0.0007265761960297823,0.0137939453125,1.596561074256897
684,1400832,636,0.554333730340004,9.56,320,-0.002693474292755127,0.07110202312469482,0.5730245113372803,0.0036773867905139923,0.0245361328125,1.615822434425354
685,1402880,637,0.4549621319770813,9.66,319,-0.009939602576196194,0.07010014355182648,0.5849018692970276,0.0019118329510092735,0.009033203125,1.550160527229309
686,1404928,637,0.6037479299306869,9.66,318,-0.005964983254671097,0.0708191841840744,0.5600215196609497,0.000980819808319211,0.0067138671875,1.5981314182281494
687,1406976,637,0.4750366860628128,9.26,308,-0.004616508260369301,0.06836064904928207,0.5862637758255005,0.001127936877310276,0.0101318359375,1.6107290983200073
688,1409024,637,0.4853242611885071,8.98,312,-0.004502597264945507,0.07018167525529861,0.6707061529159546,0.0027932191733270884,0.0078125,1.6515898704528809
689,1411072,637,0.5045041435956955,9.39,308,-0.009117256850004196,0.06858718395233154,0.6680343747138977,0.0015216320753097534,0.0115966796875,1.6987621784210205
690,1413120,637,0.49495148241519926,9.59,319,-0.008082779124379158,0.07404623925685883,0.6706399917602539,0.0016917991451919079,0.0064697265625,1.671077013015747
691,1415168,637,0.4158781051635742,9.97,308,-0.00254888366907835,0.06586939096450806,0.7226364016532898,0.0012563562486320734,0.0123291015625,1.6943656206130981
692,1417216,637,0.4554094696044922,9.83,308,-0.01037617027759552,0.07214368134737015,0.6348023414611816,0.0028681736439466476,0.01318359375,1.7514147758483887
693,1419264,637,0.47568638920783995,9.18,315,-0.0042174216359853745,0.06797027587890625,0.5877102017402649,0.00110160605981946,0.010009765625,1.6877658367156982
694,1421312,637,0.4056650894880295,9.79,308,-0.009596969932317734,0.06698194146156311,0.6480726003646851,0.003161084372550249,0.010986328125,1.7604490518569946
695,1423360,637,0.4748662734031677,9.5,302,-0.006819956935942173,0.06812296062707901,0.6434251070022583,0.0015876786783337593,0.007568359375,1.773005723953247
696,1425408,637,0.5032473373413086,10.96,289,-0.00726232398301363,0.06548814475536346,0.7506281733512878,0.0017337203025817871,0.0118408203125,1.7797225713729858
697,1427456,637,0.5347171610593796,10.18,301,0.0001332256942987442,0.06721939891576767,0.6946674585342407,0.0019049402326345444,0.013427734375,1.744348406791687
698,1429504,637,0.5738331395387649,10.09,306,-0.003952052444219589,0.06693295389413834,0.6483289003372192,0.0014785071834921837,0.0052490234375,1.7022405862808228
699,1431552,637,0.4356331360340118,9.54,307,-0.0021145492792129517,0.06558717787265778,0.6546138525009155,0.0012642494402825832,0.0157470703125,1.729742407798767
700,1433600,637,0.46486627161502836,10.07,301,-0.004646517336368561,0.06696958839893341,0.6284162402153015,0.0028014061972498894,0.01416015625,1.693207025527954
701,1435648,637,0.5432366877794266,10.11,309,-0.010370693169534206,0.07486598193645477,0.6523377895355225,0.0022910924162715673,0.0098876953125,1.7011709213256836
702,1437696,637,0.5147917175292969,9.14,292,-0.0031585469841957092,0.060407184064388275,0.6511910557746887,0.001411170931532979,0.017578125,1.7717641592025757
703,1439744,637,0.5146639060974121,11.94,300,-0.0068971263244748116,0.06868220120668411,0.6615780591964722,0.0022452815901488066,0.0126953125,1.71632981300354
704,1441792,637,0.47477041482925414,10.41,299,-0.011569018475711346,0.06458356231451035,0.699289083480835,0.00356396590359509,0.01708984375,1.726948857307434
705,1443840,637,0.4242591726779938,10.66,301,-0.0025690123438835144,0.0641564205288887,0.6854957938194275,0.0035922315437346697,0.0157470703125,1.716461420059204
706,1445888,637,0.4252390557527542,10.04,313,-0.008536409586668015,0.07463458925485611,0.6272472739219666,0.0015020063146948814,0.0048828125,1.7197028398513794
707,1447936,637,0.5446106511354446,10.82,297,-0.008527625352144241,0.06424997001886368,0.7348508834838867,0.001484293257817626,0.0135498046875,1.7215418815612793
708,1449984,637,0.4641739666461945,10.53,299,-0.00805220939218998,0.06676729768514633,0.6456203460693359,0.0011945993173867464,0.0093994140625,1.7305080890655518
709,1452032,637,0.5345467483997345,8.97,313,-0.0064094942063093185,0.06840606778860092,0.648585855960846,0.002958327531814575,0.0145263671875,1.6893788576126099
710,1454080,637,0.5739715999364853,9.77,300,-0.008815165609121323,0.06644024699926376,0.6692355275154114,0.0018217090982943773,0.017333984375,1.6846916675567627
711,1456128,637,0.5045680493116379,10.75,289,-0.009263921529054642,0.06473266333341599,0.752277135848999,0.0017090789042413235,0.009033203125,1.6856536865234375
712,1458176,637,0.574376335144043,10.0,301,-0.007561046630144119,0.06405885517597198,0.7581092119216919,0.0026614610105752945,0.0191650390625,1.7430232763290405
713,1460224,637,0.5348343199491501,9.49,302,-1.198798418045044e-05,0.0651494637131691,0.7812837362289429,0.001422512112185359,0.0054931640625,1.6868020296096802
714,1462272,637,0.5939396470785141,10.07,299,-0.0012176791206002235,0.06693332642316818,0.7464240193367004,0.00307442550547421,0.009521484375,1.7783524990081787
715,1464320,638,0.484344379901886,10.34,292,-0.011332308873534203,0.06719617545604706,0.7106345891952515,0.001532101770862937,0.0084228515625,1.7899909019470215
716,1466368,638,0.5244721907377243,10.59,294,-0.01207904051989317,0.0668247789144516,0.7711324095726013,0.0016457855235785246,0.0167236328125,1.7927676439285278
717,1468416,638,0.49444023847579954,10.68,299,-0.00673217698931694,0.06798730790615082,0.7249129414558411,0.002078991150483489,0.009033203125,1.7710566520690918
718,1470464,638,0.513982253074646,10.96,291,-0.004027109593153,0.06338473409414291,0.674998939037323,0.0011756820604205132,0.0086669921875,1.7907475233078003
719,1472512,638,0.5630236703157425,11.52,273,-0.006870415061712265,0.05996299907565117,0.7767668962478638,0.0025581414811313152,0.01416015625,1.8929810523986816
720,1474560,638,0.4847171622514725,10.42,285,-0.013798130676150322,0.06564991921186447,0.7412509918212891,0.0034467282239347696,0.014404296875,1.8356165885925293
721,1476608,638,0.4909467488527298,13.98,282,-0.01009816862642765,0.059219785034656525,0.7836815118789673,0.0018681392539292574,0.0220947265625,1.789189100265503
722,1478656,638,0.5537798851728439,11.83,284,-0.007342394441366196,0.0643557757139206,0.7719331979751587,0.0014210036024451256,0.0113525390625,1.7793614864349365
723,1480704,638,0.46546272456645965,9.85,303,-0.007908035069704056,0.06394272297620773,0.765686571598053,0.0018254132010042667,0.0087890625,1.6932201385498047
724,1482752,638,0.49464260578155517,10.12,303,-0.005604235455393791,0.06827178597450256,0.768773078918457,0.001669412013143301,0.009765625,1.6614525318145752
725,1484800,638,0.49449349045753477,10.4,295,-0.01128264982253313,0.0685395672917366,0.7829234600067139,0.0015396005474030972,0.0096435546875,1.73896062374115
726,1486848,638,0.4552284038066864,9.85,302,-0.005105774849653244,0.06985318660736084,0.6956710815429688,0.0021645240485668182,0.0074462890625,1.7489691972732544
727,1488896,638,0.582927811741829,10.25,300,-0.012447371147572994,0.06453443318605423,0.7831341624259949,0.002119147451594472,0.0157470703125,1.700973629951477
728,1490944,638,0.5235455620288849,10.65,296,-0.004621580243110657,0.06147807836532593,0.7270404100418091,0.0032687673810869455,0.015869140625,1.8112232685089111
729,1492992,638,0.36588875770568846,9.51,320,-0.01425685454159975,0.06978114694356918,0.7147101163864136,0.001753880875185132,0.010009765625,1.6952862739562988
730,1495040,638,0.5245680499076844,9.61,319,-0.01143166609108448,0.06916329264640808,0.7753632664680481,0.003325853729620576,0.0186767578125,1.7946784496307373
731,1497088,638,0.4649621307849884,10.74,282,-0.0008970499038696289,0.05800795555114746,0.7553304433822632,0.0012778907548636198,0.00634765625,1.881272792816162
732,1499136,638,0.5335349136590958,11.12,285,-0.007536003366112709,0.06510810554027557,0.8047829270362854,0.0014966342132538557,0.0155029296875,1.8619706630706787
733,1501184,638,0.5038224875926971,11.96,282,-0.009671345353126526,0.06635577976703644,0.8200443983078003,0.0014341981150209904,0.00390625,1.8117786645889282
734,1503232,638,0.46464260399341584,10.97,287,-0.0038894936442375183,0.062477633357048035,0.8621383905410767,0.002332905540242791,0.0113525390625,1.8405396938323975
735,1505280,638,0.5242804753780365,10.3,300,-0.006876490078866482,0.06909900903701782,0.8186649084091187,0.0011280199978500605,0.005615234375,1.7882273197174072
736,1507328,638,0.49187337458133695,12.84,281,-0.008269265294075012,0.06088379770517349,0.8142027258872986,0.0021521958988159895,0.0106201171875,1.8852261304855347
737,1509376,638,0.4740355050563812,11.53,277,-0.0049482835456728935,0.06232352554798126,0.8280326128005981,0.0018020218703895807,0.0115966796875,1.8213708400726318
738,1511424,638,0.5040674591064453,10.93,282,-0.006746252998709679,0.06254467368125916,0.8295660018920898,0.0026299876626580954,0.010986328125,1.7855552434921265
739,1513472,638,0.5441420137882232,9.92,288,-0.006282646209001541,0.06404318660497665,0.8505037426948547,0.0029299233574420214,0.020263671875,1.857094168663025
740,1515520,638,0.44513254463672636,10.64,288,-0.0036205174401402473,0.06319586932659149,0.8796703815460205,0.0019591650925576687,0.0111083984375,1.876356601715088
741,1517568,638,0.5135029619932174,10.71,288,-0.010597232729196548,0.06697969138622284,0.9060753583908081,0.0036349017173051834,0.016845703125,1.9521501064300537
742,1519616,638,0.5337479317188263,11.1,275,-0.0024442151188850403,0.059805113822221756,0.8951717019081116,0.001980248373001814,0.0054931640625,2.0148322582244873
743,1521664,639,0.4740568065643311,11.42,256,-0.006445744074881077,0.05627189949154854,0.9359368085861206,0.0021326292771846056,0.00830078125,2.065573215484619
744,1523712,639,0.5826402378082275,11.77,260,-0.007098582573235035,0.05355927348136902,0.9462111592292786,0.002307545393705368,0.0135498046875,2.1363234519958496
745,1525760,639,0.47245917439460755,12.58,263,-0.005976259708404541,0.06084233894944191,0.9325298070907593,0.0021166554652154446,0.01123046875,2.0019237995147705
746,1527808,639,0.5036520725488662,11.47,272,-0.007073147222399712,0.06480203568935394,0.9330313205718994,0.0032101271208375692,0.0074462890625,1.9472863674163818
747,1529856,639,0.4637479293346405,11.84,278,-0.0071699246764183044,0.06268128752708435,0.9315054416656494,0.0013034157454967499,0.004638671875,1.8880597352981567
748,1531904,639,0.583023670911789,11.07,284,-0.010952388867735863,0.06651616096496582,0.864416241645813,0.0017864152323454618,0.0087890625,1.8741101026535034
749,1533952,639,0.5242698240280151,10.2,292,-0.00977129116654396,0.06828450411558151,0.8998054265975952,0.0019703430589288473,0.00537109375,1.829430103302002
750,1536000,639,0.474663907289505,10.37,290,-0.006000828463584185,0.06157795339822769,0.8423536419868469,0.001806710846722126,0.008544921875,1.9299218654632568
751,1538048,639,0.5237372791767121,10.74,283,-0.0031583397649228573,0.0648692324757576,0.8652492761611938,0.001928623765707016,0.009033203125,1.8891024589538574
752,1540096,639,0.434663907289505,11.53,283,-0.006024369969964027,0.0651552826166153,0.842780590057373,0.0010482377838343382,0.0106201171875,1.844170093536377
753,1542144,639,0.5333644968271255,11.19,295,-0.004983378574252129,0.06628801673650742,0.8283678889274597,0.001672809012234211,0.0118408203125,1.806998610496521
754,1544192,639,0.5436201190948486,11.09,289,-0.0068130940198898315,0.06451103091239929,0.8049827814102173,0.0018939946312457323,0.0074462890625,1.8639800548553467
755,1546240,639,0.47412071108818055,11.09,287,-0.007814411073923111,0.06325212866067886,0.8137714266777039,0.0012929989024996758,0.0030517578125,1.8343760967254639
756,1548288,639,0.583204734325409,10.62,294,-0.006105730310082436,0.06492363661527634,0.7718456983566284,0.0013516333419829607,0.0086669921875,1.84593665599823
757,1550336,639,0.44464260518550874,11.27,292,-0.007637524977326393,0.06585167348384857,0.7659308910369873,0.0018335587810724974,0.005615234375,1.8350093364715576
758,1552384,639,0.5636201202869415,10.48,304,-0.002726079896092415,0.06717386096715927,0.7540351748466492,0.001644557574763894,0.007080078125,1.8286287784576416
759,1554432,639,0.4844828397035599,10.39,296,-0.003548581153154373,0.06454445421695709,0.7730189561843872,0.0015010926872491837,0.0064697265625,1.8284326791763306
760,1556480,639,0.44512189507484434,9.72,309,-0.010766359977424145,0.06637882441282272,0.7527086734771729,0.002154282294213772,0.0086669921875,1.8402620553970337
761,1558528,639,0.40516449868679044,11.01,288,-0.009278839454054832,0.06882064789533615,0.8204540014266968,0.0011444177944213152,0.010498046875,1.867213487625122
762,1560576,639,0.5243550306558609,10.77,297,-0.002788463607430458,0.06746306270360947,0.8013182878494263,0.0019875681027770042,0.011962890625,1.870725393295288
763,1562624,639,0.4840355026721954,10.77,277,-0.00673319585621357,0.06303656846284866,0.8717588782310486,0.0017048018053174019,0.008544921875,2.0499255657196045
764,1564672,639,0.5041526651382446,10.27,304,-0.0067038023844361305,0.06467842310667038,0.7879709601402283,0.0015733474865555763,0.0074462890625,1.9460961818695068
765,1566720,639,0.46475976407527925,10.66,281,-0.0076927365735173225,0.06252306699752808,0.8600398302078247,0.0022700203116983175,0.0064697265625,1.9407469034194946
766,1568768,639,0.4726721912622452,12.23,280,-0.013076022267341614,0.06099337339401245,0.878743052482605,0.002807336626574397,0.0107421875,2.0090487003326416
767,1570816,639,0.5336627238988876,10.58,294,-0.011064794845879078,0.06360580772161484,0.8356655240058899,0.0018104822374880314,0.008056640625,1.9151127338409424
768,1572864,639,0.4948662745952606,10.79,282,-0.006917959079146385,0.0661998987197876,0.8180838823318481,0.0014824189711362123,0.004150390625,1.9656442403793335
769,1574912,640,0.5234710067510605,10.59,293,-0.009320633485913277,0.06632142513990402,0.8095923662185669,0.0018755800556391478,0.010986328125,1.9256986379623413
770,1576960,640,0.49400355339050295,10.76,280,-0.007438684813678265,0.062106676399707794,0.7940523624420166,0.002402444137260318,0.0078125,1.914219617843628
771,1579008,640,0.6137479299306869,10.11,303,-0.0050384365022182465,0.06845611333847046,0.7704547643661499,0.0011250593233853579,0.0115966796875,1.9233691692352295
772,1581056,640,0.4251431965827942,9.83,300,-0.0024969466030597687,0.07041035592556,0.788650631904602,0.0017378195188939571,0.009765625,1.9018211364746094
773,1583104,640,0.4948023688793182,9.69,300,-0.003224804997444153,0.06803223490715027,0.8596764802932739,0.0028098011389374733,0.0101318359375,1.9584711790084839
774,1585152,640,0.5142804723978043,10.09,288,-0.0012314519844949245,0.06642178446054459,0.8506984114646912,0.0009147280361503363,0.0040283203125,1.9915004968643188
775,1587200,640,0.4942272192239761,10.96,284,-0.006055088713765144,0.06149057298898697,0.8767185807228088,0.0024084635078907013,0.009521484375,2.1038122177124023
776,1589248,640,0.49384378910064697,10.88,290,-0.006397934630513191,0.062016911804676056,0.8304318785667419,0.0012626568786799908,0.006103515625,2.018418788909912
777,1591296,640,0.3853668648004532,11.05,288,-0.010460013523697853,0.06087382137775421,0.8839603662490845,0.0020662625320255756,0.0089111328125,2.0721988677978516
778,1593344,640,0.534568048119545,9.69,293,-0.011010300368070602,0.06373241543769836,0.8315004706382751,0.0016776206903159618,0.00537109375,1.9777042865753174
779,1595392,640,0.5141207104921341,11.5,285,-0.005495203658938408,0.059366144239902496,0.8383812308311462,0.000804762588813901,0.0029296875,2.0504026412963867
780,1597440,640,0.47452544450759887,10.13,292,-0.0026838001795113087,0.06490574777126312,0.7860880494117737,0.0010751713998615742,0.0126953125,1.9579095840454102
781,1599488,640,0.4842059189081192,11.05,294,-0.006654395721852779,0.06723222136497498,0.8204470872879028,0.0011356836184859276,0.011474609375,1.9934382438659668
782,1601536,640,0.5046106487512588,10.54,291,-0.0034802835434675217,0.06535478681325912,0.824590802192688,0.0010761392768472433,0.012451171875,2.0342178344726562
783,1603584,640,0.494024852514267,11.22,286,-0.007978398352861404,0.06689528375864029,0.8434572219848633,0.0012464325409382582,0.0072021484375,1.9978548288345337
784,1605632,640,0.4844082856178284,10.55,286,-0.0022420044988393784,0.059384893625974655,0.8728284239768982,0.0016431559342890978,0.010009765625,2.0115020275115967
785,1607680,640,0.4843869841098785,10.83,283,0.0027098190039396286,0.06583844125270844,0.9088672399520874,0.0031165615655481815,0.0216064453125,2.0409657955169678
786,1609728,640,0.4050473386049271,10.48,285,-0.00510330218821764,0.06232203170657158,0.8716419339179993,0.0011494935024529696,0.0023193359375,2.0029568672180176
787,1611776,640,0.5325124269723892,11.59,270,-0.004755696281790733,0.060176216065883636,0.8888707160949707,0.0011291524861007929,0.0062255859375,2.0804243087768555
788,1613824,640,0.5138331377506256,13.21,271,-0.005390029400587082,0.05641760304570198,0.8338910341262817,0.001619797432795167,0.0069580078125,2.037646532058716
789,1615872,640,0.6030023688077927,10.18,290,-0.008829205296933651,0.0658004879951477,0.8301093578338623,0.002216682070866227,0.0054931640625,1.9857678413391113
790,1617920,640,0.5244828420877456,10.98,288,-0.009885725565254688,0.06622420251369476,0.8594273328781128,0.00117214722558856,0.0048828125,1.9296013116836548
791,1619968,640,0.5625017768144608,11.29,284,-0.008325396105647087,0.061087023466825485,0.8075680732727051,0.0009917845018208027,0.0115966796875,1.965226411819458
792,1622016,640,0.4842485213279724,11.4,281,-0.010543972253799438,0.06563682854175568,0.8149785995483398,0.001357576809823513,0.002685546875,1.9809794425964355
793,1624064,640,0.504514793753624,10.04,297,5.931779742240906e-05,0.06280405074357986,0.8075875639915466,0.0005900831893086433,0.0133056640625,1.9346120357513428
794,1626112,640,0.51428047478199,10.18,289,-0.007587109692394733,0.0622369647026062,0.8368614912033081,0.002248972188681364,0.005615234375,1.9893975257873535
795,1628160,640,0.46531361162662505,9.74,287,-0.004749942570924759,0.06384797394275665,0.821096658706665,0.0011402182281017303,0.00390625,2.0315628051757812
796,1630208,641,0.4449088758230209,10.79,294,-0.006027883850038052,0.06788327544927597,0.8691278100013733,0.0026760234031826258,0.014404296875,1.9947195053100586
797,1632256,641,0.47477041482925414,10.27,302,-0.006101607345044613,0.06478206068277359,0.814005970954895,0.0013823115732520819,0.00439453125,1.9853463172912598
798,1634304,641,0.45447218894958497,10.27,289,-0.00759286480024457,0.06033611670136452,0.8779851198196411,0.003670580917969346,0.0164794921875,2.0590333938598633
799,1636352,641,0.4052390533685684,10.45,282,-0.005643755197525024,0.061538320034742355,0.8747494220733643,0.0018987348303198814,0.010986328125,2.0857343673706055
800,1638400,641,0.5124378705024719,12.18,284,-0.0012272391468286514,0.06450575590133667,0.8864427804946899,0.0005845564883202314,0.00390625,2.1581645011901855
801,1640448,641,0.45447219014167783,10.97,268,-0.005925795994699001,0.06050008535385132,0.8659648299217224,0.0013505825772881508,0.004638671875,2.1942670345306396
802,1642496,641,0.5217562139034271,13.45,275,-0.011427154764533043,0.05759686231613159,0.7837523221969604,0.0016355090774595737,0.0133056640625,2.0612902641296387
803,1644544,641,0.48317278385162354,12.27,277,-0.003387296572327614,0.06282909959554672,0.8360475301742554,0.0007740240544080734,0.00244140625,2.0624194145202637
804,1646592,641,0.4259207111597061,9.72,299,-0.003895875997841358,0.06330229341983795,0.7520413994789124,0.0009633030276745558,0.0028076171875,2.0051889419555664
805,1648640,641,0.4649301791191101,9.71,299,-0.004004867747426033,0.06577830761671066,0.7367537021636963,0.0004973430186510086,0.0072021484375,2.027646780014038
806,1650688,641,0.5245787012577057,9.67,309,-0.0038508549332618713,0.07128675282001495,0.7481600642204285,0.0008264812640845776,0.00341796875,2.0118765830993652
807,1652736,641,0.5236414223909378,11.22,293,-0.006862695328891277,0.06636393070220947,0.7848161458969116,0.0009731166064739227,0.0040283203125,2.041578531265259
808,1654784,641,0.5241633147001267,9.85,314,-0.002169489860534668,0.06967448443174362,0.7959198355674744,0.0007854842115193605,0.0035400390625,1.9433703422546387
809,1656832,641,0.4154307681322098,10.06,301,-0.005252398084849119,0.06862205266952515,0.82325279712677,0.0005751783028244972,0.00244140625,1.9903044700622559
810,1658880,641,0.4948449718952179,10.33,294,-0.006065835244953632,0.06516673415899277,0.7547589540481567,0.0014533568173646927,0.0040283203125,2.0175368785858154
811,1660928,641,0.40569704353809355,10.03,302,-0.0055452995002269745,0.06681070476770401,0.7988066673278809,0.0019298691768199205,0.0059814453125,2.0592050552368164
812,1662976,641,0.5042911261320114,10.63,299,-0.00473531149327755,0.06791698187589645,0.784528911113739,0.000598471611738205,0.0035400390625,2.063603401184082
813,1665024,641,0.40521775126457216,10.89,295,-0.004883212968707085,0.06636609137058258,0.8192356824874878,0.0017131317872554064,0.00439453125,2.1052825450897217
814,1667072,641,0.4349834340810776,10.54,300,-0.006322264205664396,0.06723932921886444,0.8594721555709839,0.0011889024171978235,0.0032958984375,1.992658257484436
815,1669120,641,0.5134390544891357,11.11,283,-0.00485343299806118,0.060658253729343414,0.8755307793617249,0.0010301221627742052,0.0042724609375,2.1563560962677
816,1671168,641,0.4448130178451538,10.46,311,-0.005561508238315582,0.06768905371427536,0.896710216999054,0.0027407133020460606,0.010986328125,2.146331787109375
817,1673216,641,0.5037266284227371,11.16,292,-0.0032346947118639946,0.0652361810207367,0.8948450684547424,0.0014943284913897514,0.0020751953125,2.1400084495544434
818,1675264,641,0.40571834504604337,10.57,293,-0.01432296447455883,0.06421492993831635,0.9427452683448792,0.0026783314533531666,0.0118408203125,2.180283546447754
819,1677312,641,0.6025337302684783,11.95,268,-0.002129543572664261,0.060141000896692276,0.9721965789794922,0.0008127398323267698,0.0025634765625,2.232710123062134
820,1679360,641,0.46479171693325044,10.24,291,-0.004972785711288452,0.06728453934192657,0.9487124681472778,0.0008479712996631861,0.001708984375,2.18652081489563
821,1681408,641,0.40565443873405455,11.58,278,-0.007821613922715187,0.057836245745420456,0.9160706400871277,0.0019957167096436024,0.0106201171875,2.2781925201416016
822,1683456,641,0.4446532559394836,10.94,287,-0.0005659870803356171,0.062267791479825974,0.906337320804596,0.0006825614254921675,0.0057373046875,2.1992077827453613
823,1685504,641,0.4545467472076416,11.74,274,-0.004664494656026363,0.061893414705991745,0.9205936193466187,0.0013651263434439898,0.004150390625,2.3389549255371094
824,1687552,641,0.5238650894165039,10.58,295,-0.00832609087228775,0.06696116179227829,0.8800438046455383,0.0009765187278389931,0.002685546875,2.2692365646362305
825,1689600,641,0.5143976354598999,10.65,286,-0.0007052440196275711,0.06053740903735161,0.8865705728530884,0.0016755901742726564,0.0052490234375,2.207265615463257
826,1691648,641,0.48402485251426697,11.49,277,-0.012173349037766457,0.06739940494298935,0.8928953409194946,0.003637406276538968,0.0125732421875,2.3763532638549805
827,1693696,641,0.5145573997497559,9.94,305,-0.0024039261043071747,0.06782938539981842,0.8024458885192871,0.0006745397113263607,0.0059814453125,2.2171790599823
828,1695744,641,0.4646319538354874,10.66,292,-0.0010713720694184303,0.060617655515670776,0.8396812677383423,0.0015224965754896402,0.0078125,2.201580047607422
829,1697792,641,0.4549195277690887,10.42,303,-0.0049105435609817505,0.06783759593963623,0.8740755319595337,0.0016610166057944298,0.0047607421875,2.2124462127685547
830,1699840,641,0.46433372974395754,10.96,288,-0.0072213588282465935,0.06337010115385056,0.8882917761802673,0.001628641039133072,0.006103515625,2.257484197616577
831,1701888,641,0.4251218950748444,10.13,300,-0.005389474332332611,0.07069063186645508,0.8471572995185852,0.0013930450659245253,0.0089111328125,2.1752796173095703
832,1703936,641,0.49440828561782835,10.08,293,-0.011768829077482224,0.06626240909099579,0.8416592478752136,0.0013247134629637003,0.007080078125,2.274663209915161
833,1705984,641,0.4739929002523422,11.95,284,-0.00863003171980381,0.06724552810192108,0.861695408821106,0.001217561773955822,0.007568359375,2.327238082885742
834,1708032,641,0.45464260280132296,11.41,274,-0.004567503929138184,0.06486634910106659,0.8584573268890381,0.001189804170280695,0.0072021484375,2.336458206176758
835,1710080,641,0.4057609474658966,10.77,300,-0.002206527628004551,0.0641295313835144,0.7967969179153442,0.000855067977681756,0.0081787109375,2.285116195678711
836,1712128,641,0.6132899415493012,10.24,294,-0.005742818117141724,0.06920003145933151,0.8680511116981506,0.0010278564877808094,0.004150390625,2.342348575592041
837,1714176,641,0.4544082832336426,11.29,287,-0.0010129483416676521,0.06411967426538467,0.8264983892440796,0.0007068007253110409,0.0010986328125,2.315565586090088
838,1716224,641,0.44549467623233796,9.92,292,-0.004711071029305458,0.06565947830677032,0.8422662019729614,0.0009149287361651659,0.002197265625,2.2720494270324707
839,1718272,641,0.44526035606861114,10.59,292,-0.001474626362323761,0.06521569937467575,0.8597408533096313,0.001026710495352745,0.0142822265625,2.2298684120178223
840,1720320,641,0.5039609485864639,10.89,293,0.002365685999393463,0.06857191771268845,0.866924524307251,0.001147544477134943,0.006103515625,2.2779746055603027
841,1722368,641,0.464610652923584,11.63,284,-0.00466329837217927,0.06781500577926636,0.8528686761856079,0.0005080963019281626,0.0013427734375,2.3284473419189453
842,1724416,641,0.47383313834667207,11.64,288,-0.010147769004106522,0.06552764773368835,0.8992031216621399,0.0018758843652904034,0.006103515625,2.321056842803955
843,1726464,641,0.5142591720819474,10.68,295,-0.007853148505091667,0.06336590647697449,0.890001118183136,0.0010245235171169043,0.001708984375,2.2303309440612793
844,1728512,641,0.5428000038862228,11.43,288,-0.004555325955152512,0.06374060362577438,0.8703844547271729,0.000746776582673192,0.00244140625,2.333604574203491
845,1730560,641,0.5148236691951752,9.59,300,-0.004015583544969559,0.06858449429273605,0.8520162105560303,0.0011011194437742233,0.0032958984375,2.1787989139556885
846,1732608,641,0.43548402428627014,10.09,294,-0.0034656161442399025,0.06969296932220459,0.9153479933738708,0.0005388008430600166,0.003173828125,2.2191760540008545
847,1734656,641,0.5442059177160263,9.92,292,-0.005931028164923191,0.06702978909015656,0.900465726852417,0.0019705796148627996,0.0052490234375,2.2484283447265625
848,1736704,641,0.4842059189081192,11.31,291,-0.0024831052869558334,0.06667516380548477,0.8869565725326538,0.0005366629920899868,0.0045166015625,2.2910587787628174
849,1738752,641,0.542917160987854,11.64,274,-0.009192297235131264,0.06360042840242386,0.937123715877533,0.0006200938951224089,0.0006103515625,2.290438175201416
850,1740800,641,0.5035029590129853,11.21,290,-0.0025022607296705246,0.06477365642786026,0.9237768054008484,0.0004679954145103693,0.000732421875,2.349548816680908
851,1742848,641,0.45478106796741485,11.62,283,-0.004067778587341309,0.06096098572015762,0.928637683391571,0.0005380171351134777,0.0018310546875,2.2650513648986816
852,1744896,641,0.4348875743150711,11.05,290,-0.0016808314248919487,0.0679745227098465,0.9707874059677124,0.0006482750177383423,0.004638671875,2.273791790008545
853,1746944,641,0.47482366919517516,11.22,288,-0.007251680828630924,0.06615636497735977,0.9071173071861267,0.000762988580390811,0.0029296875,2.2829675674438477
854,1748992,641,0.4844402378797531,10.54,291,-0.0061502400785684586,0.06600137799978256,0.9167625308036804,0.0008798863273113966,0.0032958984375,2.2981691360473633
855,1751040,641,0.5131621325016021,12.15,271,-0.007906721904873848,0.0644570142030716,0.9910297989845276,0.0009224414825439453,0.0029296875,2.2920010089874268
856,1753088,641,0.49441893577575685,10.83,285,-0.002103690057992935,0.061285629868507385,0.9295061230659485,0.00030723167583346367,0.001953125,2.2908687591552734
857,1755136,641,0.44508993983268735,10.33,293,-0.003524528816342354,0.06529935449361801,0.9781888723373413,0.0014374619349837303,0.0028076171875,2.2395293712615967
858,1757184,641,0.5038544398546219,11.44,283,-0.007414006628096104,0.06407292187213898,0.9634757041931152,0.000839246204122901,0.00439453125,2.279906749725342
859,1759232,641,0.5533857989311218,11.13,273,-0.00012938864529132843,0.056120358407497406,0.9506435990333557,0.0011850274167954922,0.002197265625,2.237192153930664
860,1761280,641,0.533044970035553,11.83,285,-0.0046341209672391415,0.06259822845458984,0.9646869897842407,0.0006819844711571932,0.004638671875,2.253715753555298
861,1763328,641,0.46467455685138703,10.62,286,-0.0029687248170375824,0.06584177911281586,0.9525580406188965,0.0017624280881136656,0.0040283203125,2.2110843658447266
862,1765376,641,0.5233538454771042,12.04,277,-0.003921475261449814,0.05873218551278114,0.9646111130714417,0.0005858552176505327,0.0006103515625,2.256061553955078
863,1767424,642,0.5238650900125503,11.28,282,-0.007005339488387108,0.06291304528713226,1.0136291980743408,0.0012209934648126364,0.009033203125,2.1917786598205566
864,1769472,642,0.45415266513824465,11.86,274,-0.0040184445679187775,0.061106521636247635,0.9868830442428589,0.0012573273852467537,0.00244140625,2.237116813659668
865,1771520,642,0.573194083571434,11.28,272,-0.009222811087965965,0.06017276644706726,1.0786572694778442,0.0029957673978060484,0.0128173828125,2.254640579223633
866,1773568,642,0.4539396458864212,12.73,268,-0.0014351923018693924,0.060664355754852295,1.0930538177490234,0.001340752700343728,0.00146484375,2.394982099533081
867,1775616,642,0.49338579893112183,12.95,265,-0.00765448622405529,0.05639583617448807,1.0118963718414307,0.0020391209982335567,0.008056640625,2.237926483154297
868,1777664,642,0.47429112672805784,11.59,281,-0.005043648183345795,0.06126544997096062,1.0078966617584229,0.0006465245969593525,0.00244140625,2.278233051300049
869,1779712,642,0.5124698251485824,12.46,267,-0.00438273698091507,0.05896257609128952,1.0156254768371582,0.0011170308571308851,0.0013427734375,2.347240447998047
870,1781760,642,0.4937053245306015,12.05,267,-0.005955535918474197,0.05550612881779671,0.9995666146278381,0.0014819810166954994,0.0089111328125,2.313826560974121
871,1783808,642,0.5530556237697601,11.29,282,-0.007093209773302078,0.06516309082508087,0.9654272794723511,0.0013147410936653614,0.003662109375,2.3127939701080322
872,1785856,642,0.4945254451036453,10.82,290,-0.0039030052721500397,0.06713230907917023,0.9519407749176025,0.00036517856642603874,0.0001220703125,2.2661519050598145
873,1787904,642,0.43390769302845,11.31,280,-0.006950482726097107,0.06010357663035393,0.987736701965332,0.0007676046807318926,0.0010986328125,2.292844772338867
874,1789952,642,0.4145041424036026,12.16,284,-0.004235547035932541,0.06348522007465363,1.0013599395751953,0.0011286311782896519,0.002685546875,2.2669107913970947
875,1792000,642,0.4440461534261704,11.91,272,-0.007866598665714264,0.06102636083960533,0.9949114918708801,0.001271457877010107,0.00927734375,2.3123559951782227
876,1794048,642,0.5331408280134201,12.42,268,-0.0060133542865514755,0.06045472249388695,0.9833618998527527,0.0007145400159060955,0.00146484375,2.362367630004883
877,1796096,642,0.5334390556812286,11.52,274,-0.006026281043887138,0.0633368119597435,0.985029935836792,0.0006844392046332359,0.008056640625,2.2620413303375244
878,1798144,642,0.463364497423172,11.78,273,-0.007294911891222,0.06163090094923973,1.0028040409088135,0.0008921702392399311,0.001220703125,2.300723075866699
879,1800192,642,0.48406745672225954,11.42,280,-0.0060426234267652035,0.06014208868145943,0.9926860928535461,0.0007720838766545057,0.00146484375,2.2265100479125977
880,1802240,642,0.49400355279445646,11.76,275,-0.0030618086457252502,0.05842835083603859,0.947116494178772,0.00022999942302703857,0.000732421875,2.2325940132141113
881,1804288,642,0.5034710085391998,11.84,286,-0.00025478657335042953,0.06599897146224976,0.995164155960083,0.0012380897533148527,0.0040283203125,2.2647972106933594
882,1806336,642,0.4947597646713257,10.75,284,0.0001820884644985199,0.0634060949087143,0.9773463010787964,0.00029877154156565666,0.0,2.2048425674438477
883,1808384,642,0.49453609526157377,10.98,275,-0.003584981430321932,0.06695576757192612,0.9826183915138245,0.004340646788477898,0.0147705078125,2.281780481338501
884,1810432,642,0.5331940847635269,11.34,282,-0.004288357216864824,0.06070270761847496,0.9920464158058167,0.0009089682716876268,0.00244140625,2.295501947402954
885,1812480,642,0.502917160987854,12.04,275,-0.006786804646253586,0.06298771500587463,0.9518246650695801,0.0010345850605517626,0.001708984375,2.2909483909606934
886,1814528,642,0.5034923076629638,12.14,276,-0.0015979893505573273,0.0563521683216095,0.9522330164909363,0.0006391091737896204,0.0025634765625,2.2192559242248535
887,1816576,642,0.4945786988735199,11.94,277,-0.005201354622840881,0.06249598041176796,0.908406138420105,0.0015851736534386873,0.005859375,2.1518149375915527
888,1818624,642,0.4648130202293396,10.58,292,-0.005495594814419746,0.06580538302659988,0.9208782911300659,0.0010055149905383587,0.0047607421875,2.162271738052368
889,1820672,642,0.4638863927125931,11.21,287,-0.001549864187836647,0.060863204300403595,0.9679835438728333,0.0009032238740473986,0.00146484375,2.169964551925659
890,1822720,642,0.41532426118850707,10.76,282,-0.002689671702682972,0.06441424787044525,0.9295544028282166,0.00040217023342847824,0.001220703125,2.173252582550049
891,1824768,642,0.5224698239564896,12.85,274,-0.0018856115639209747,0.05484327673912048,0.9890618920326233,0.0004724101163446903,0.000244140625,2.28695011138916
892,1826816,642,0.5029384613037109,12.19,275,-0.006197409704327583,0.06112440302968025,0.9752167463302612,0.0007642528507858515,0.0028076171875,2.329012870788574
893,1828864,642,0.36631479263305666,10.76,293,-0.0032660067081451416,0.062741719186306,0.9375672936439514,0.0003776403609663248,0.0003662109375,2.230755567550659
894,1830912,642,0.48366272568702695,11.19,270,-0.006000264547765255,0.060479506850242615,0.961306095123291,0.0008745156228542328,0.0042724609375,2.2673983573913574
895,1832960,642,0.44458935141563416,12.01,275,-0.000600113533437252,0.06644995510578156,0.9973366260528564,0.0004759256262332201,0.0010986328125,2.3028249740600586
896,1835008,642,0.4741633147001266,11.18,275,-0.0018112044781446457,0.05852222815155983,0.9392483234405518,0.00027648312970995903,0.0018310546875,2.2665421962738037
897,1837056,642,0.46444023847579957,11.76,267,-0.0024137943983078003,0.06121073663234711,0.9696264266967773,0.0003949902020394802,0.00244140625,2.3337693214416504
898,1839104,642,0.44495147943496705,10.85,279,-0.005951200611889362,0.06017356365919113,0.9471272230148315,0.0007308153435587883,0.007080078125,2.199402332305908
899,1841152,642,0.48484496891498563,10.34,286,-0.008106897585093975,0.06241600960493088,0.9863721132278442,0.0008409898728132248,0.001953125,2.2695298194885254
900,1843200,642,0.4845254427194595,10.83,291,-0.0061545297503471375,0.06455336511135101,0.9524297714233398,0.0007982007227838039,0.004150390625,2.2473456859588623
901,1845248,642,0.5025763326883316,12.58,275,-0.0021233297884464264,0.059102438390254974,0.9829684495925903,0.00020317663438618183,0.0001220703125,2.313271999359131
902,1847296,642,0.48445088863372804,10.71,293,-0.0007802899926900864,0.062497418373823166,0.9584905505180359,0.0005487191956490278,0.00048828125,2.1597206592559814
903,1849344,642,0.5721076935529709,12.12,271,-0.0026055891066789627,0.06257938593626022,0.9932684302330017,0.0009347796440124512,0.0009765625,2.2746188640594482
904,1851392,642,0.45419526755809786,11.48,269,-0.0052312565967440605,0.06335704773664474,0.961959719657898,0.000559929059818387,0.00048828125,2.327711820602417
905,1853440,642,0.47397159934043886,11.06,283,-0.002661949023604393,0.061723724007606506,0.9913016557693481,0.00029247626662254333,0.00048828125,2.291320562362671
906,1855488,642,0.5030769246816635,12.04,273,-0.0024959035217761993,0.06087355315685272,0.9440221786499023,0.0004597203806042671,0.000732421875,2.2499020099639893
907,1857536,642,0.5132473361492157,11.64,277,-0.0009343307465314865,0.06131002679467201,0.9231089353561401,0.0008561471477150917,0.0010986328125,2.2342381477355957
908,1859584,642,0.44496213138103485,11.64,273,-0.0023642368614673615,0.06021233648061752,0.9605104327201843,0.00036872411146759987,0.0003662109375,2.253999710083008
909,1861632,642,0.4442911243438721,10.91,277,-0.0012841448187828064,0.06416847556829453,0.9545402526855469,0.00025412579998373985,0.000244140625,2.2232542037963867
910,1863680,642,0.5136627250909805,12.15,272,-0.002589583396911621,0.05774644389748573,0.960326075553894,0.00017504324205219746,0.000244140625,2.311873435974121
911,1865728,642,0.46429112493991853,11.38,277,-2.3041851818561554e-05,0.06337311863899231,0.956924557685852,0.0007153272163122892,0.00146484375,2.273128032684326
912,1867776,642,0.4249301779270172,11.73,284,-0.004114793613553047,0.06456729769706726,0.9547908306121826,0.0007521216757595539,0.00146484375,2.2748475074768066
913,1869824,642,0.5424272215366364,12.54,262,-0.002935743425041437,0.06079240143299103,0.939631462097168,0.0002428586594760418,0.00048828125,2.3033344745635986
914,1871872,642,0.5039609485864639,11.28,280,-0.002899888902902603,0.06512521952390671,0.9453116655349731,0.0009706474374979734,0.001220703125,2.2560195922851562
915,1873920,642,0.5237798833847046,10.7,293,-0.004358567297458649,0.06514009088277817,0.9653279781341553,0.000686901155859232,0.0009765625,2.2538669109344482
916,1875968,642,0.5628000020980835,11.6,278,-0.002772744745016098,0.06591251492500305,0.9924209713935852,0.0012539876624941826,0.001220703125,2.2724509239196777
917,1878016,642,0.4446532559394836,11.17,281,-0.0018023978918790817,0.06407377868890762,0.9724076390266418,0.0002769550774246454,0.0003662109375,2.3321661949157715
918,1880064,642,0.38496213018894193,11.09,280,-0.004530689679086208,0.061661940068006516,1.0406726598739624,0.00015827128663659096,0.0001220703125,2.224942922592163
919,1882112,642,0.4942698246240616,10.63,295,-0.0024827346205711365,0.06555547565221786,0.9776835441589355,0.00041154841892421246,0.0008544921875,2.1894655227661133
920,1884160,642,0.38524970471858977,11.61,275,-0.0033911336213350296,0.060825709253549576,0.9868388772010803,0.00025924365036189556,0.0,2.287864923477173
921,1886208,642,0.43566508769989015,10.52,299,-0.004631331656128168,0.06018112227320671,0.9611002206802368,0.0015716529451310635,0.004150390625,2.159870147705078
922,1888256,642,0.4941526645421982,11.41,288,-0.002982078120112419,0.06709447503089905,0.9522733688354492,0.0003971788100898266,0.0006103515625,2.239865779876709
923,1890304,642,0.4238863903284073,12.35,263,-0.005420461297035217,0.060358013957738876,0.9532704949378967,0.00043978914618492126,0.0008544921875,2.34403133392334
924,1892352,642,0.44497278034687043,10.67,286,-0.003080635331571102,0.06779080629348755,0.974798858165741,0.00015400932170450687,0.000244140625,2.201216220855713
925,1894400,642,0.4138224858045578,12.92,268,-0.0029425546526908875,0.062686488032341,0.9728078246116638,0.00028988346457481384,0.0003662109375,2.3495259284973145
926,1896448,642,0.6027680504322052,11.51,279,-0.00247020460665226,0.06416372954845428,0.960931658744812,0.0003452931996434927,0.0009765625,2.330557346343994
927,1898496,642,0.5425656831264496,11.86,268,-0.0016276128590106964,0.06271162629127502,1.018104910850525,0.0006412775255739689,0.0010986328125,2.367948293685913
928,1900544,642,0.44553727865219117,11.09,295,-0.0020126551389694214,0.06539954245090485,0.952746570110321,0.00030449405312538147,0.0001220703125,2.2420101165771484
929,1902592,642,0.5235349136590958,11.24,271,-0.001777338795363903,0.05963089317083359,0.957872748374939,0.0002724642399698496,0.000732421875,2.2983124256134033
930,1904640,642,0.5322461557388306,12.29,262,-0.0015212632715702057,0.055962562561035156,0.9860236048698425,0.00010736123658716679,0.0,2.3370275497436523
931,1906688,642,0.4541100609302521,11.82,276,-0.001163378357887268,0.05885934457182884,0.9688670039176941,6.378861144185066e-05,0.0,2.374999523162842
932,1908736,642,0.484216570854187,12.08,277,-0.0026923620607703924,0.0616692453622818,0.9292505979537964,0.0002643512561917305,0.0,2.27685284614563
933,1910784,642,0.4743337309360504,11.9,284,-0.00228123739361763,0.0633188858628273,0.939084529876709,0.0001211734488606453,0.0,2.264181613922119
934,1912832,642,0.45401420176029206,11.2,275,-0.004232136532664299,0.0652272179722786,1.0005981922149658,0.0022226294968277216,0.006591796875,2.351280689239502
935,1914880,642,0.524110060930252,10.78,275,-0.002664920873939991,0.06255141645669937,1.0044891834259033,0.00018961774185299873,0.0001220703125,2.3658485412597656
936,1916928,642,0.4831621307134628,12.85,263,0.0006291437894105911,0.05489259213209152,0.989676296710968,0.00033732526935636997,0.0010986328125,2.3071846961975098
937,1918976,642,0.5130130189657212,11.99,278,-0.0009707952849566936,0.06221342459321022,1.003601312637329,0.0003305482678115368,0.0010986328125,2.3026325702667236
938,1921024,642,0.503236688375473,11.86,269,-0.003894047811627388,0.06346307694911957,1.0024468898773193,0.0006034392863512039,0.000732421875,2.347242832183838
939,1923072,642,0.5324378710985184,12.73,263,-0.0046373456716537476,0.05661892890930176,1.046729326248169,0.0004828947130590677,0.0009765625,2.422403573989868
940,1925120,642,0.503023669719696,12.43,267,-0.001445564441382885,0.05696044862270355,1.0340379476547241,0.00017301063053309917,0.0,2.377462863922119
941,1927168,642,0.5526508915424347,12.38,254,-0.00270812027156353,0.05402550846338272,1.0070154666900635,0.00014565582387149334,0.0,2.495553970336914
942,1929216,642,0.5136946755647659,12.6,257,-0.0004076864570379257,0.05627728998661041,1.056471347808838,0.00012711226008832455,0.0,2.3694262504577637
943,1931264,642,0.5229704159498215,12.62,263,-0.005940502509474754,0.05263767018914223,1.0376155376434326,0.0006672993768006563,0.0010986328125,2.4048328399658203
944,1933312,642,0.5041526645421982,11.45,279,-0.001335757551714778,0.06228632479906082,1.0140776634216309,0.00028315652161836624,0.000244140625,2.330789804458618
945,1935360,642,0.5428319525718689,11.95,264,0.00011682044714689255,0.05916055291891098,1.071744680404663,0.0001118718646466732,0.0001220703125,2.3664751052856445
946,1937408,642,0.45439763367176056,11.83,266,-0.0022194553166627884,0.05736856162548065,1.012006163597107,9.432481601834297e-05,0.0,2.429476499557495
947,1939456,642,0.561063905954361,14.51,251,-0.0007616318762302399,0.050095636397600174,1.0576374530792236,0.000536841806024313,0.000732421875,2.401801824569702
948,1941504,642,0.4923526638746262,13.19,260,-0.0014019394293427467,0.055905893445014954,1.0351195335388184,0.0004280435387045145,0.00048828125,2.3618247509002686
949,1943552,642,0.4547278118133545,10.36,268,-0.0013148318976163864,0.057083725929260254,1.0135760307312012,8.897599764168262e-05,0.0001220703125,2.3147597312927246
950,1945600,642,0.5233964538574218,12.26,262,-0.0011693239212036133,0.057181160897016525,0.9782689809799194,5.1677925512194633e-05,0.0,2.340946912765503
951,1947648,642,0.48291716158390047,14.06,254,-0.0008830055594444275,0.05384643375873566,1.0063817501068115,7.339334115386009e-05,0.0,2.3866045475006104
952,1949696,641,0.611489942073822,13.16,269,-0.0002391412854194641,0.06248527392745018,1.0401540994644165,0.00013706902973353863,0.0,2.338487148284912
953,1951744,641,0.5046000003814697,10.17,298,0.00016997382044792175,0.06423511356115341,0.9723531007766724,0.0006774126086384058,0.0009765625,2.2382495403289795
954,1953792,641,0.3939289957284927,13.3,261,-0.0030157025903463364,0.057068753987550735,0.9900332689285278,0.0003086093347519636,0.0,2.3005871772766113
955,1955840,641,0.43432307720184327,11.86,267,-0.001000231597572565,0.061463240534067154,1.0304958820343018,6.311736069619656e-05,0.0,2.3016653060913086
956,1957888,641,0.523833139538765,12.22,275,-0.0013884659856557846,0.06377634406089783,1.0516436100006104,3.626244142651558e-05,0.0,2.3367207050323486
957,1959936,641,0.47428047478199004,12.45,258,-0.0013074781745672226,0.053567104041576385,1.0406687259674072,4.0236860513687134e-05,0.0,2.3173751831054688
958,1961984,641,0.5223739659786224,14.19,252,-0.0014343522489070892,0.05225946754217148,1.0207213163375854,0.00017925375141203403,0.0,2.355666399002075
959,1964032,641,0.41360946774482726,14.63,246,-0.001670781522989273,0.04857637733221054,1.0662726163864136,0.0002390833105891943,0.0,2.377880334854126
960,1966080,641,0.46398225128650666,12.24,277,-0.0009575693402439356,0.05937880277633667,1.047416090965271,7.803458720445633e-05,0.0,2.3175220489501953
961,1968128,641,0.49308757424354555,13.7,255,-0.001173391006886959,0.05433282256126404,1.053954005241394,2.9487069696187973e-05,0.0,2.3082823753356934
962,1970176,641,0.5135349106788635,11.98,268,-0.0006998069584369659,0.0590374656021595,1.0528895854949951,1.5598023310303688e-05,0.0,2.3106110095977783
963,1972224,641,0.5040141999721527,12.61,257,-0.0009094700217247009,0.055754221975803375,1.0215198993682861,0.00017984420992434025,0.0,2.358583927154541
964,1974272,641,0.5509573978185653,14.99,247,-0.0003250567242503166,0.05281062796711922,1.0152229070663452,9.806593880057335e-06,0.0,2.4073400497436523
965,1976320,641,0.45423786997795107,11.52,268,-0.0006155222654342651,0.05660323053598404,0.9823172688484192,1.572631299495697e-05,0.0,2.3268299102783203
966,1978368,641,0.5036733722686768,12.07,258,-0.0006433026865124702,0.0577700175344944,0.9812105894088745,5.658017471432686e-06,0.0,2.3881211280822754
967,1980416,641,0.5318733739852906,12.65,268,-0.00035381969064474106,0.057224828749895096,1.0312025547027588,8.016196079552174e-05,0.0,2.2882583141326904
968,1982464,641,0.5232153838872909,13.09,252,-0.0008413791656494141,0.052156563848257065,1.0099133253097534,1.9928906112909317e-05,0.0,2.4276463985443115
969,1984512,641,0.4225763297080994,14.17,253,-0.0005900561809539795,0.055989839136600494,1.0790760517120361,1.0449439287185669e-05,0.0,2.4098997116088867
970,1986560,641,0.5227680486440659,13.21,257,-0.00021309778094291687,0.06009024754166603,1.0465277433395386,4.4212909415364265e-05,0.0,2.36334490776062
971,1988608,641,0.5234816575050354,12.17,278,-0.00033420883119106293,0.06271229684352875,0.9971514940261841,9.21543687582016e-06,0.0,2.2765464782714844
972,1990656,641,0.5027786982059479,13.22,255,-0.000421721488237381,0.05921830236911774,1.0359294414520264,5.42844645678997e-06,0.0,2.3755266666412354
973,1992704,641,0.4739076918363571,12.45,271,-0.00018120929598808289,0.0582999587059021,1.0204875469207764,1.4693941920995712e-06,0.0,2.2640082836151123
974,1994752,641,0.4539609467983246,13.27,256,6.066635251045227e-05,0.054230157285928726,1.0124199390411377,2.1937303245067596e-06,0.0,2.3469011783599854
975,1996800,641,0.42478106677532196,11.35,264,-9.14325937628746e-05,0.05030038207769394,1.0143625736236572,2.835877239704132e-07,0.0,2.3467440605163574
976,1998848,641,0.3950366884469986,11.73,270,8.255243301391602e-06,0.05614643916487694,0.9945656657218933,3.7509016692638397e-07,0.0,2.30507755279541
